id_job,gpu_id,avgmemoryutilization_pct,avgsmutilization_pct,memoryutilization_pct_avg,pcierxbandwidth_megabytes_avg,pcietxbandwidth_megabytes_avg,totalexecutiontime_sec,powerusage_watts_avg
252964138,0,0.0,0.0,0.0,1695.0,1555.0,29.89,26.0594
252964138,1,0.0,0.0,0.0,123.0,716.0,29.89,24.0092
252964138,1,0.0,0.0,0.0,1248.0,750.0,29.89,23.9697
252964138,0,0.0,0.0,0.0,562.0,120.0,29.92,41.6759
252964138,1,0.0,0.0,0.0,985.0,20.0,29.88,24.8057
252964138,0,0.0,0.0,0.0,692.0,1213.0,29.88,26.3598
252964138,0,0.0,0.0,0.0,457.0,109.0,29.89,25.5316
252964138,0,0.0,0.0,0.0,1315.0,1273.0,29.89,26.4013
252964138,1,0.0,0.0,0.0,2129.0,383.0,29.93,27.7348
252964138,1,0.0,0.0,0.0,1415.0,125.0,29.92,26.0446
252964138,0,0.0,0.0,0.0,791.0,487.0,29.88,25.6834
252964138,1,0.0,0.0,0.0,875.0,1332.0,29.88,24.1364
252964138,1,0.0,0.0,0.0,2034.0,1555.0,29.89,25.1378
252964138,0,0.0,0.0,0.0,179.0,1311.0,29.93,25.6655
252964138,1,0.0,0.0,0.0,1931.0,285.0,29.89,25.801
252964138,0,0.0,0.0,0.0,1468.0,581.0,29.89,24.3573
424199986,0,7.0,19.0,7.0,619.0,1014.0,62210.2,59.5467
424199986,0,7.0,19.0,6.0,848.0,818.0,62210.2,58.944
424199986,0,7.0,18.0,8.0,639.0,812.0,62210.2,60.3085
424199986,1,7.0,19.0,7.0,1180.0,1284.0,62210.2,55.7793
424199986,0,7.0,19.0,8.0,1193.0,1247.0,62210.2,58.6765
424199986,1,7.0,19.0,7.0,1653.0,1126.0,62210.2,57.0378
424199986,1,7.0,17.0,7.0,989.0,1105.0,62210.2,56.9818
424199986,1,7.0,19.0,8.0,1260.0,903.0,62210.2,57.6144
424199986,1,7.0,16.0,7.0,1451.0,776.0,62210.2,59.3035
424199986,0,7.0,19.0,7.0,553.0,547.0,62210.2,55.3403
424199986,0,7.0,19.0,7.0,1203.0,1110.0,62210.2,56.4583
424199986,0,7.0,19.0,6.0,1367.0,1070.0,62210.3,57.0514
424199986,1,7.0,19.0,6.0,1691.0,1500.0,62210.3,59.0847
424199986,1,7.0,19.0,7.0,1247.0,423.0,62210.2,60.7245
424199986,0,7.0,19.0,8.0,1538.0,1438.0,62210.2,57.9259
424199986,1,7.0,19.0,7.0,1262.0,1426.0,62210.2,58.021
831628676,0,20.0,97.0,21.0,1079.0,1076.0,604845.0,85.9495
831628676,1,19.0,97.0,20.0,1060.0,1140.0,604842.0,92.0068
831628676,0,20.0,97.0,20.0,1054.0,1068.0,604846.0,90.9399
831628676,0,20.0,98.0,21.0,1088.0,1051.0,604842.0,91.2567
831628676,1,19.0,97.0,20.0,1041.0,1000.0,604846.0,87.7467
831628676,1,19.0,93.0,20.0,1034.0,1058.0,604847.0,88.6198
831628676,0,20.0,96.0,20.0,1074.0,1050.0,604847.0,89.0036
831628676,0,20.0,97.0,20.0,1057.0,1116.0,604847.0,90.1044
831628676,0,20.0,97.0,20.0,1102.0,1125.0,604844.0,93.4516
831628676,1,19.0,97.0,20.0,1107.0,1080.0,604844.0,91.1193
831628676,1,19.0,97.0,20.0,1042.0,989.0,604847.0,87.6333
831628676,1,19.0,97.0,20.0,1065.0,1119.0,604848.0,87.3006
831628676,0,20.0,97.0,20.0,1111.0,1125.0,604848.0,89.5385
831628676,1,19.0,97.0,19.0,1060.0,1094.0,604845.0,90.2587
831628676,0,20.0,97.0,20.0,1123.0,1101.0,604845.0,93.7755
831628676,1,19.0,97.0,20.0,1061.0,1029.0,604845.0,84.6171
922120820,1,30.0,97.0,31.0,1052.0,1041.0,443941.0,176.125
922120820,0,31.0,97.0,32.0,1067.0,1129.0,443941.0,183.671
922120820,0,31.0,97.0,32.0,1065.0,1055.0,443941.0,187.875
922120820,1,30.0,97.0,31.0,1085.0,1110.0,443941.0,180.847
922120820,0,31.0,97.0,32.0,1087.0,1119.0,443941.0,183.452
922120820,1,31.0,97.0,31.0,1098.0,1054.0,443941.0,181.319
922120820,0,31.0,97.0,32.0,1068.0,1042.0,443941.0,184.827
922120820,1,30.0,97.0,31.0,1100.0,1104.0,443941.0,183.09
922120820,1,30.0,97.0,31.0,1085.0,1065.0,443941.0,186.438
922120820,0,31.0,97.0,32.0,1107.0,1129.0,443941.0,187.391
922120820,1,30.0,96.0,31.0,1096.0,1097.0,443941.0,188.767
922120820,0,31.0,97.0,32.0,1069.0,1038.0,443941.0,180.031
922120820,1,30.0,97.0,31.0,1060.0,1095.0,443941.0,177.276
922120820,0,31.0,97.0,32.0,1068.0,1066.0,443941.0,188.812
922120820,0,31.0,97.0,32.0,1066.0,1044.0,443941.0,188.361
922120820,1,30.0,97.0,31.0,1088.0,1105.0,443941.0,171.218
949458505,1,0.0,0.0,0.0,273.0,1828.0,280.64,26.5674
949458505,0,0.0,0.0,0.0,959.0,526.0,280.69,25.4575
949458505,0,0.0,0.0,0.0,1072.0,70.0,280.65,26.2959
949458505,1,0.0,0.0,0.0,322.0,753.0,280.65,24.5431
949458505,0,0.0,0.0,0.0,951.0,1991.0,280.7,26.6249
949458505,1,0.0,0.0,0.0,951.0,1079.0,280.65,25.708
949458505,1,0.0,0.0,0.0,1601.0,517.0,280.7,26.0463
949458505,0,0.0,0.0,0.0,287.0,1442.0,280.65,25.2476
949458505,0,0.0,0.0,0.0,709.0,1899.0,280.65,27.6899
949458505,1,0.0,0.0,0.0,1701.0,1761.0,280.65,25.8468
949458505,1,0.0,0.0,0.0,1723.0,1719.0,280.63,25.5613
949458505,0,0.0,0.0,0.0,948.0,1724.0,280.63,25.8723
949458505,1,0.0,0.0,0.0,1851.0,842.0,280.69,25.1872
949458505,0,0.0,0.0,0.0,685.0,2005.0,280.69,24.8665
949458505,1,0.0,0.0,0.0,1377.0,1142.0,280.69,26.6369
949458505,0,0.0,0.0,0.0,1950.0,424.0,280.64,25.9025
964768373,1,4.0,8.0,4.0,204.0,134.0,1507.36,51.162
964768373,0,2.0,6.0,2.0,182.0,139.0,1507.36,44.6527
964768373,1,1.0,3.0,1.0,132.0,181.0,1507.35,41.0212
964768373,0,1.0,3.0,1.0,126.0,159.0,1507.35,39.1836
964768373,0,3.0,7.0,3.0,181.0,146.0,1507.38,47.7677
964768373,1,4.0,8.0,4.0,418.0,611.0,1507.41,46.3944
964768373,1,2.0,5.0,2.0,165.0,158.0,1507.36,43.3816
964768373,0,2.0,5.0,2.0,170.0,159.0,1507.36,45.9813
964768373,1,3.0,7.0,3.0,206.0,194.0,1507.38,47.369
964768373,1,4.0,8.0,4.0,218.0,158.0,1507.36,48.7531
964768373,0,1.0,3.0,1.0,357.0,663.0,1507.37,45.8674
964768373,1,1.0,3.0,1.0,145.0,178.0,1507.36,41.0435
964768373,0,1.0,4.0,1.0,138.0,126.0,1507.37,40.8545
964768373,1,3.0,6.0,3.0,184.0,153.0,1507.37,49.0169
964768373,0,1.0,3.0,1.0,139.0,137.0,1507.36,40.2785
964768373,0,1.0,4.0,1.0,143.0,136.0,1507.37,41.2644
964768373,0,3.0,6.0,3.0,377.0,497.0,1507.37,49.4027
964768373,1,2.0,5.0,2.0,166.0,195.0,1507.37,45.7578
964768373,0,2.0,5.0,2.0,175.0,171.0,1507.37,43.1796
964768373,1,5.0,10.0,5.0,489.0,856.0,1507.37,44.8285
964768373,1,2.0,5.0,2.0,382.0,662.0,1507.37,42.3073
964768373,1,1.0,4.0,2.0,160.0,173.0,1507.37,46.0324
964768373,0,1.0,3.0,1.0,144.0,170.0,1507.37,39.5222
964768373,0,2.0,5.0,2.0,373.0,570.0,1507.37,43.3196
964768373,1,2.0,4.0,2.0,152.0,177.0,1507.37,45.6126
964768373,1,1.0,4.0,2.0,151.0,145.0,1507.36,42.3976
964768373,0,2.0,5.0,2.0,163.0,126.0,1507.36,46.6747
964768373,0,0.0,3.0,0.0,139.0,160.0,1507.36,40.0174
964768373,1,3.0,7.0,3.0,204.0,145.0,1507.39,50.6698
964768373,0,2.0,5.0,2.0,166.0,128.0,1507.39,43.7441
964768373,1,4.0,8.0,4.0,504.0,1098.0,1507.37,48.07
964768373,0,2.0,5.0,2.0,356.0,518.0,1507.41,44.3707
1217199708,1,5.0,18.0,6.0,2023.0,523.0,691215.0,62.4244
1217199708,1,5.0,18.0,6.0,2013.0,503.0,691215.0,65.1317
1217199708,0,5.0,18.0,6.0,2024.0,475.0,691215.0,62.073
1217199708,0,5.0,18.0,6.0,2022.0,522.0,691215.0,67.2475
1217199708,1,5.0,18.0,6.0,1967.0,463.0,691215.0,63.2231
1217199708,0,5.0,18.0,6.0,2025.0,505.0,691215.0,62.3791
1217199708,1,5.0,18.0,6.0,2002.0,516.0,691215.0,64.7572
1217199708,0,5.0,18.0,6.0,2016.0,485.0,691215.0,62.0685
1217199708,1,5.0,18.0,6.0,2030.0,516.0,691215.0,64.394
1217199708,0,5.0,18.0,6.0,1998.0,477.0,691215.0,61.8076
1217199708,1,5.0,18.0,6.0,1979.0,503.0,691215.0,61.5324
1217199708,0,5.0,18.0,6.0,2003.0,478.0,691215.0,62.3983
1217199708,1,5.0,18.0,6.0,2064.0,526.0,691215.0,62.5573
1217199708,0,5.0,17.0,6.0,922.0,1453.0,691215.0,64.5962
1217199708,0,5.0,18.0,6.0,1974.0,447.0,691213.0,60.8932
1217199708,1,5.0,17.0,6.0,911.0,1386.0,691213.0,60.8091
1275365569,1,0.0,0.0,0.0,1970.0,1530.0,213.51,26.8967
1275365569,1,0.0,0.0,0.0,1858.0,1764.0,213.52,25.2652
1275365569,1,0.0,0.0,0.0,1622.0,1734.0,213.53,26.6036
1275365569,0,0.0,0.0,0.0,52.0,982.0,213.51,27.3725
1275365569,0,0.0,0.0,0.0,323.0,1072.0,213.52,25.405
1275365569,0,0.0,0.0,0.0,1161.0,16.0,213.53,26.0736
1275365569,1,0.0,0.0,0.0,1491.0,2119.0,213.52,27.8777
1275365569,1,0.0,0.0,0.0,1920.0,1284.0,213.51,27.9652
1275365569,0,0.0,0.0,0.0,1853.0,1201.0,213.52,26.4718
1275365569,0,0.0,0.0,0.0,228.0,1215.0,213.51,27.4352
1275365569,1,0.0,0.0,0.0,1208.0,121.0,213.51,26.4129
1275365569,0,0.0,0.0,0.0,550.0,244.0,213.51,26.0717
1275365569,0,0.0,0.0,0.0,1327.0,279.0,213.52,29.2332
1275365569,1,0.0,0.0,0.0,87.0,1483.0,213.51,25.923
1275365569,0,0.0,0.0,0.0,1858.0,1051.0,213.51,25.9674
1275365569,1,0.0,0.0,0.0,1012.0,885.0,213.52,25.1928
1341580314,0,8.0,23.0,8.0,555.0,1014.0,60249.2,61.945
1341580314,0,8.0,23.0,8.0,1353.0,1029.0,60249.2,64.5492
1341580314,0,8.0,23.0,8.0,688.0,609.0,60250.8,62.657
1341580314,1,8.0,23.0,8.0,1526.0,1201.0,60249.2,61.1444
1341580314,1,8.0,24.0,8.0,764.0,1301.0,60249.2,65.3233
1341580314,1,8.0,23.0,8.0,1053.0,1784.0,60250.9,65.1996
1341580314,0,8.0,23.0,8.0,1682.0,1676.0,60250.9,67.7004
1341580314,1,8.0,23.0,9.0,1291.0,549.0,60249.2,60.7546
1341580314,0,8.0,23.0,8.0,365.0,654.0,60249.2,64.3372
1341580314,1,8.0,23.0,8.0,427.0,465.0,60249.2,68.2751
1341580314,0,8.0,23.0,8.0,604.0,602.0,60249.3,65.5982
1341580314,1,8.0,23.0,8.0,1459.0,1595.0,60249.3,66.0285
1341580314,0,8.0,23.0,9.0,1247.0,1860.0,60249.2,64.7869
1341580314,1,8.0,23.0,8.0,1208.0,527.0,60250.8,59.8482
1341580314,0,8.0,20.0,7.0,1345.0,1277.0,60249.4,65.0192
1341580314,1,8.0,20.0,8.0,1646.0,612.0,60249.4,63.3216
1602045345,0,2.0,52.0,2.0,792.0,1576.0,24312.5,50.8433
1602045345,1,2.0,51.0,2.0,825.0,1354.0,24311.8,49.0169
1602045345,1,2.0,48.0,2.0,1743.0,663.0,24313.6,46.3519
1602045345,0,2.0,49.0,2.0,1606.0,1729.0,24313.5,48.0851
1602045345,1,2.0,48.0,2.0,1138.0,1614.0,24311.8,51.2211
1602045345,0,2.0,49.0,2.0,590.0,1678.0,24313.5,49.6333
1602045345,1,2.0,48.0,2.0,581.0,1293.0,24311.8,48.5348
1602045345,0,2.0,51.0,2.0,1815.0,1776.0,24311.8,49.1022
1602045345,1,2.0,49.0,2.0,1081.0,577.0,24313.5,50.6008
1602045345,0,2.0,48.0,2.0,640.0,221.0,24313.5,51.3517
1602045345,1,2.0,48.0,2.0,1130.0,1268.0,24313.5,47.0412
1602045345,0,2.0,52.0,2.0,514.0,1265.0,24313.5,51.4189
1602045345,1,2.0,47.0,2.0,1371.0,562.0,24313.5,50.0225
1602045345,1,2.0,50.0,2.0,1473.0,1216.0,24313.5,47.3734
1602045345,0,2.0,50.0,2.0,300.0,189.0,24313.6,47.3418
1602045345,1,2.0,50.0,2.0,1385.0,1667.0,24313.6,47.7192
1602045345,1,2.0,52.0,2.0,1769.0,1486.0,24313.5,50.5028
1602045345,0,2.0,49.0,2.0,942.0,1216.0,24313.5,50.0041
1602045345,0,2.0,48.0,2.0,681.0,1761.0,24311.8,51.7493
1602045345,1,2.0,48.0,2.0,1561.0,323.0,24311.8,50.3317
1602045345,0,2.0,50.0,2.0,1723.0,1165.0,24313.5,48.5567
1602045345,0,2.0,47.0,2.0,559.0,1421.0,24313.6,47.9813
1602045345,0,2.0,50.0,2.0,978.0,752.0,24313.6,49.8196
1602045345,1,2.0,50.0,2.0,395.0,328.0,24313.6,48.9798
1602045345,1,2.0,49.0,2.0,435.0,1252.0,24313.5,46.6349
1602045345,0,2.0,47.0,2.0,387.0,1974.0,24313.5,49.4363
1602045345,0,2.0,48.0,2.0,761.0,1217.0,24311.8,47.6868
1602045345,1,2.0,50.0,2.0,1499.0,1394.0,24311.8,49.5564
1602045345,0,2.0,50.0,2.0,507.0,1452.0,24311.8,50.8661
1602045345,1,2.0,49.0,2.0,701.0,1563.0,24313.5,47.477
1602045345,0,2.0,50.0,2.0,524.0,1780.0,24311.8,49.0366
1602045345,1,2.0,50.0,2.0,808.0,2000.0,24311.8,48.381
1602045345,1,2.0,47.0,2.0,426.0,1953.0,24311.8,48.7248
1602045345,0,2.0,47.0,2.0,459.0,1739.0,24311.8,50.3367
1602045345,0,2.0,49.0,2.0,1507.0,1214.0,24311.8,52.4407
1602045345,1,2.0,51.0,2.0,1089.0,1863.0,24311.8,46.0652
1602045345,1,2.0,51.0,2.0,686.0,1603.0,24313.5,46.5158
1602045345,1,2.0,49.0,2.0,1541.0,1203.0,24312.5,46.548
1602045345,0,2.0,50.0,2.0,1475.0,1487.0,24311.8,48.5251
1602045345,0,2.0,48.0,2.0,1058.0,1350.0,24311.8,50.1321
1602045345,1,2.0,47.0,2.0,1618.0,1886.0,24313.5,52.0962
1602045345,0,2.0,47.0,2.0,703.0,1545.0,24313.5,51.965
1602045345,1,2.0,47.0,2.0,1224.0,946.0,24313.5,47.354
1602045345,0,2.0,48.0,2.0,670.0,1470.0,24313.5,50.5324
1602045345,1,2.0,52.0,2.0,1266.0,1155.0,24313.5,47.4723
1602045345,1,2.0,51.0,2.0,776.0,1578.0,24311.8,51.1202
1602045345,0,2.0,49.0,2.0,1845.0,1183.0,24312.5,49.331
1602045345,0,2.0,52.0,2.0,1078.0,1073.0,24311.8,47.9669
1602045345,1,2.0,50.0,2.0,414.0,2026.0,24311.8,46.9186
1602045345,1,2.0,47.0,2.0,872.0,489.0,24313.5,49.2628
1602045345,0,2.0,51.0,2.0,833.0,652.0,24311.8,48.5262
1602045345,1,2.0,49.0,2.0,519.0,1868.0,24311.8,48.3507
1602045345,1,2.0,49.0,2.0,1754.0,1394.0,24311.8,49.3871
1602045345,0,2.0,51.0,2.0,1456.0,1716.0,24311.8,49.5418
1602045345,1,2.0,51.0,2.0,1853.0,1650.0,24311.8,48.862
1602045345,1,2.0,52.0,2.0,1831.0,272.0,24312.5,49.3795
1602045345,0,2.0,49.0,2.0,1752.0,1720.0,24311.8,49.4704
1602045345,0,2.0,47.0,2.0,1367.0,1589.0,24313.5,46.9817
1602045345,1,2.0,48.0,2.0,1295.0,1227.0,24311.8,50.4735
1602045345,0,2.0,48.0,2.0,1526.0,917.0,24311.8,47.5349
1602045345,0,2.0,52.0,2.0,348.0,1848.0,24313.5,50.8351
1602045345,0,2.0,47.0,2.0,1712.0,1066.0,24311.8,48.5775
1602045345,1,2.0,47.0,2.0,647.0,502.0,24311.8,47.8642
1602045345,0,2.0,51.0,2.0,222.0,999.0,24313.5,48.3849
1626809484,0,2.0,70.0,2.0,1023.0,1370.0,88526.6,49.5092
1626809484,1,2.0,70.0,2.0,1035.0,444.0,88526.6,50.7087
1626809484,1,2.0,71.0,2.0,967.0,1385.0,88526.5,48.8263
1626809484,0,2.0,71.0,2.0,1298.0,1835.0,88526.6,52.0862
1626809484,1,2.0,71.0,1.0,705.0,1611.0,88526.6,51.4856
1626809484,1,2.0,70.0,2.0,1328.0,1399.0,88524.9,52.6788
1626809484,0,2.0,70.0,2.0,1436.0,337.0,88524.9,54.9991
1626809484,0,2.0,71.0,2.0,957.0,1583.0,88526.6,50.6719
1626809484,0,1.0,72.0,2.0,1389.0,1119.0,88526.7,47.9108
1626809484,1,2.0,72.0,2.0,947.0,380.0,88526.7,49.7301
1626809484,0,2.0,71.0,2.0,1207.0,1323.0,88525.1,51.8048
1626809484,1,2.0,71.0,2.0,932.0,310.0,88525.0,49.9743
1626809484,0,1.0,70.0,2.0,1366.0,877.0,88524.9,55.9587
1626809484,1,2.0,71.0,2.0,1203.0,1400.0,88526.6,53.7248
1626809484,0,2.0,70.0,2.0,1309.0,1326.0,88524.9,49.4126
1626809484,1,2.0,70.0,2.0,909.0,346.0,88524.9,51.3012
1626809484,1,2.0,72.0,2.0,1237.0,484.0,88526.6,49.677
1626809484,1,2.0,72.0,2.0,661.0,402.0,88525.1,51.6579
1626809484,1,2.0,72.0,2.0,1229.0,1796.0,88526.6,52.7227
1626809484,0,2.0,72.0,2.0,1206.0,1156.0,88525.1,52.2354
1626809484,0,2.0,71.0,2.0,1279.0,1428.0,88524.9,53.8726
1626809484,1,2.0,71.0,2.0,1290.0,429.0,88524.9,53.3876
1626809484,1,2.0,70.0,2.0,768.0,1358.0,88524.9,50.6997
1626809484,1,2.0,72.0,2.0,1220.0,1668.0,88527.6,54.9182
1626809484,1,2.0,70.0,2.0,1036.0,657.0,88526.6,52.5831
1626809484,1,2.0,71.0,2.0,1411.0,1266.0,88525.1,50.1904
1626809484,0,2.0,71.0,2.0,848.0,1368.0,88525.0,51.3572
1626809484,1,2.0,71.0,2.0,1238.0,1407.0,88526.6,53.1587
1626809484,0,1.0,72.0,2.0,678.0,430.0,88524.9,50.3696
1626809484,0,1.0,71.0,2.0,939.0,1463.0,88526.6,48.5773
1626809484,1,2.0,72.0,2.0,1215.0,1802.0,88524.9,49.2542
1626809484,0,2.0,72.0,2.0,1462.0,1685.0,88524.9,49.0813
1626809484,0,2.0,72.0,2.0,1117.0,1296.0,88526.6,51.4825
1626809484,0,2.0,71.0,2.0,1160.0,556.0,88526.6,54.3289
1626809484,0,2.0,71.0,2.0,734.0,350.0,88526.5,49.5961
1626809484,1,2.0,71.0,2.0,1031.0,1147.0,88526.6,53.3654
1626809484,1,2.0,72.0,2.0,1436.0,591.0,88524.9,50.6922
1626809484,0,2.0,71.0,2.0,1423.0,634.0,88526.6,50.516
1626809484,1,2.0,71.0,1.0,1454.0,1837.0,88524.9,52.3708
1626809484,0,2.0,71.0,2.0,1413.0,1318.0,88524.9,51.8478
1626809484,0,2.0,71.0,2.0,1446.0,1103.0,88524.9,52.5374
1626809484,0,2.0,71.0,2.0,1309.0,359.0,88524.9,50.9345
1626809484,0,2.0,70.0,2.0,1099.0,1195.0,88526.6,51.3347
1626809484,1,2.0,71.0,2.0,1310.0,1585.0,88524.9,49.0902
1626809484,1,2.0,71.0,2.0,872.0,664.0,88524.9,53.1522
1626809484,0,2.0,71.0,2.0,794.0,1736.0,88524.9,51.7193
1626809484,0,2.0,72.0,2.0,741.0,302.0,88524.9,51.4971
1626809484,1,2.0,71.0,2.0,1206.0,1267.0,88524.9,51.2908
1626809484,1,1.0,71.0,2.0,623.0,1733.0,88526.6,48.4815
1626809484,0,2.0,71.0,2.0,949.0,341.0,88527.6,51.48
1626809484,1,2.0,72.0,2.0,1466.0,627.0,88524.9,51.9748
1626809484,0,2.0,72.0,2.0,807.0,1026.0,88526.6,52.2454
1626809484,1,1.0,71.0,2.0,1385.0,523.0,88527.7,52.0221
1626809484,1,2.0,71.0,2.0,1035.0,321.0,88524.9,51.9637
1626809484,1,2.0,70.0,2.0,1190.0,1710.0,88524.9,50.7366
1626809484,0,2.0,71.0,2.0,628.0,1482.0,88527.7,50.0029
1626809484,1,2.0,70.0,2.0,1130.0,1365.0,88524.9,52.1103
1626809484,1,2.0,71.0,2.0,870.0,1301.0,88524.9,53.0586
1626809484,1,2.0,71.0,2.0,1141.0,603.0,88527.6,48.9126
1626809484,0,2.0,71.0,2.0,1175.0,1471.0,88524.9,54.5946
1626809484,0,2.0,71.0,2.0,1034.0,1769.0,88524.9,51.3439
1626809484,0,2.0,72.0,2.0,777.0,1213.0,88527.6,51.193
1626809484,0,2.0,70.0,2.0,1094.0,531.0,88524.9,50.6705
1626809484,0,2.0,70.0,2.0,767.0,653.0,88524.9,51.6208
1731710019,0,8.0,12.0,10.0,1325.0,1100.0,284.16,63.5912
1731710019,1,8.0,12.0,8.0,1350.0,1099.0,284.16,59.9649
1731710019,1,8.0,12.0,8.0,1320.0,1104.0,285.16,58.676
1731710019,0,8.0,12.0,8.0,1376.0,1119.0,285.16,63.1938
1731710019,1,8.0,12.0,8.0,1354.0,1116.0,282.16,61.4959
1731710019,1,8.0,12.0,9.0,1325.0,1096.0,284.16,59.1844
1731710019,0,8.0,12.0,10.0,1408.0,1094.0,284.16,57.8317
1731710019,0,8.0,12.0,8.0,1406.0,1122.0,284.16,67.2597
1731710019,0,8.0,12.0,8.0,1347.0,1113.0,282.16,59.6343
1731710019,0,8.0,12.0,7.0,1347.0,1090.0,284.17,60.5728
1731710019,1,8.0,12.0,7.0,1412.0,1114.0,284.17,59.1609
1731710019,0,8.0,12.0,8.0,1389.0,1099.0,285.17,60.7084
1731710019,1,8.0,12.0,10.0,1359.0,1110.0,284.16,65.1897
1731710019,1,8.0,12.0,9.0,1425.0,1113.0,285.15,64.3003
1731710019,0,8.0,12.0,9.0,1361.0,1107.0,285.15,58.3577
1731710019,1,8.0,12.0,6.0,1337.0,1105.0,285.17,64.9536
1935556880,0,2.0,4.0,1.0,2089.0,1177.0,75.02,43.8321
1935556880,1,2.0,4.0,1.0,1723.0,1169.0,75.02,42.3839
1935556880,1,2.0,4.0,2.0,1603.0,1681.0,76.67,42.2611
1935556880,0,2.0,4.0,2.0,1034.0,756.0,75.02,41.8538
1935556880,1,2.0,4.0,1.0,986.0,1824.0,75.02,44.3313
1935556880,1,2.0,4.0,3.0,2133.0,1741.0,75.04,41.7646
1935556880,1,2.0,4.0,1.0,337.0,630.0,75.01,43.0966
1935556880,1,2.0,4.0,2.0,587.0,580.0,75.02,43.3757
1935556880,0,2.0,4.0,3.0,155.0,1582.0,76.67,41.8526
1935556880,1,2.0,4.0,3.0,1231.0,816.0,76.67,41.9742
1935556880,0,2.0,4.0,3.0,260.0,895.0,75.02,41.4285
1935556880,1,2.0,4.0,1.0,79.0,1017.0,76.69,40.5329
1935556880,0,2.0,4.0,1.0,1053.0,303.0,76.69,39.6011
1935556880,0,2.0,4.0,2.0,268.0,239.0,75.01,43.6163
1935556880,0,2.0,4.0,3.0,1133.0,1631.0,75.04,41.4449
1935556880,0,2.0,4.0,2.0,1726.0,992.0,76.67,41.6359
1987726872,1,11.0,15.0,11.0,1034.0,694.0,6152.93,65.6765
1987726872,0,11.0,15.0,11.0,1011.0,681.0,6152.93,65.746
1987726872,1,11.0,15.0,11.0,1003.0,682.0,6152.92,69.1243
1987726872,1,11.0,15.0,11.0,1096.0,387.0,6152.92,69.9715
1987726872,0,11.0,15.0,12.0,1077.0,908.0,6152.92,65.4479
1987726872,1,11.0,15.0,12.0,1109.0,659.0,6152.95,71.4707
1987726872,0,11.0,15.0,11.0,1078.0,391.0,6152.92,70.3636
1987726872,0,11.0,15.0,11.0,1146.0,453.0,6152.91,69.2009
1987726872,1,11.0,15.0,12.0,1090.0,658.0,6152.9,68.3778
1987726872,0,11.0,15.0,12.0,1097.0,393.0,6152.89,68.711
1987726872,1,11.0,15.0,11.0,1033.0,640.0,6152.89,70.3736
1987726872,0,11.0,15.0,11.0,1055.0,731.0,6152.92,67.0354
1987726872,1,11.0,15.0,12.0,1056.0,729.0,6152.9,65.4557
1987726872,0,11.0,15.0,11.0,1033.0,743.0,6152.9,71.5599
1987726872,1,11.0,15.0,11.0,1043.0,1659.0,6153.27,63.4664
1987726872,1,11.0,15.0,11.0,1056.0,353.0,6152.94,66.0206
1987726872,1,11.0,15.0,11.0,1188.0,644.0,6152.9,67.8871
1987726872,0,11.0,15.0,12.0,1070.0,202.0,6152.9,70.2756
1987726872,0,11.0,15.0,11.0,1057.0,705.0,6152.9,68.2776
1987726872,0,11.0,15.0,12.0,1031.0,799.0,6153.27,66.3448
1987726872,0,11.0,15.0,12.0,1130.0,430.0,6152.92,69.3898
1987726872,1,11.0,15.0,12.0,1149.0,460.0,6152.92,68.4678
1987726872,0,11.0,15.0,11.0,1033.0,681.0,6154.55,70.055
1987726872,0,11.0,15.0,11.0,1033.0,745.0,6152.95,68.3305
1987726872,1,11.0,15.0,11.0,1033.0,696.0,6154.55,66.8065
1987726872,1,11.0,15.0,12.0,1051.0,725.0,6152.89,65.7853
1987726872,0,11.0,15.0,11.0,1039.0,697.0,6152.9,69.3341
1987726872,1,11.0,15.0,12.0,1108.0,662.0,6152.9,68.7028
1987726872,1,11.0,15.0,11.0,1132.0,449.0,6152.91,71.1419
1987726872,1,11.0,15.0,11.0,1072.0,388.0,6154.59,67.8618
1987726872,0,11.0,15.0,11.0,1099.0,391.0,6154.59,66.8177
1987726872,0,11.0,15.0,11.0,1063.0,710.0,6152.9,65.7182
1987726872,0,11.0,15.0,11.0,1061.0,672.0,6152.92,69.8913
1987726872,1,11.0,15.0,12.0,1038.0,702.0,6152.92,68.9686
1987726872,0,11.0,15.0,12.0,1023.0,703.0,6152.91,72.3163
1987726872,1,11.0,15.0,12.0,1059.0,712.0,6152.91,70.2185
1987726872,0,11.0,15.0,11.0,1009.0,777.0,6152.94,70.3697
1987726872,1,11.0,15.0,11.0,1118.0,666.0,6152.94,68.0142
1987726872,0,11.0,15.0,12.0,1110.0,349.0,6152.91,68.7831
1987726872,1,11.0,15.0,12.0,1107.0,472.0,6152.91,65.5072
1987726872,0,11.0,15.0,11.0,1079.0,521.0,6152.9,66.6253
1987726872,1,11.0,15.0,11.0,1093.0,601.0,6152.9,70.3471
1987726872,1,11.0,15.0,11.0,1051.0,707.0,6152.92,68.6684
1987726872,0,11.0,15.0,12.0,1045.0,731.0,6152.92,66.6638
1987726872,1,11.0,15.0,11.0,1137.0,1311.0,6152.92,69.7391
1987726872,0,11.0,15.0,11.0,1112.0,399.0,6152.91,70.1909
1987726872,1,11.0,15.0,12.0,1042.0,375.0,6152.94,68.8224
1987726872,0,11.0,15.0,12.0,1043.0,599.0,6152.94,67.6599
1987726872,1,11.0,15.0,12.0,1049.0,715.0,6152.9,66.574
1987726872,0,11.0,15.0,12.0,1053.0,711.0,6152.9,68.9034
1987726872,1,11.0,15.0,12.0,1056.0,736.0,6152.92,68.8572
1987726872,0,11.0,15.0,12.0,1062.0,722.0,6152.92,69.7313
1987726872,0,11.0,15.0,11.0,1030.0,1109.0,6152.94,68.5853
1987726872,1,11.0,15.0,12.0,1023.0,1020.0,6152.94,64.1135
1987726872,1,11.0,15.0,11.0,1106.0,403.0,6152.91,68.9656
1987726872,0,11.0,15.0,11.0,1101.0,397.0,6152.94,70.0984
1987726872,1,11.0,15.0,11.0,1109.0,379.0,6152.91,70.1612
1987726872,0,11.0,15.0,12.0,1039.0,923.0,6154.56,67.4145
1987726872,1,11.0,15.0,12.0,1085.0,1774.0,6154.56,67.658
1987726872,0,11.0,15.0,11.0,1088.0,406.0,6152.91,67.9877
1987726872,0,11.0,15.0,11.0,1055.0,361.0,6152.91,70.9418
1987726872,1,11.0,15.0,12.0,1021.0,654.0,6152.91,68.1688
1987726872,1,11.0,15.0,11.0,1010.0,668.0,6152.9,67.9647
1987726872,0,11.0,15.0,11.0,1001.0,683.0,6152.89,67.6916
2254130496,1,0.0,0.0,0.0,1303.0,728.0,36565.6,37.3286
2254130496,1,0.0,0.0,0.0,1951.0,214.0,36565.7,37.0852
2254130496,0,0.0,0.0,0.0,145.0,1926.0,36565.7,38.5346
2254130496,1,0.0,0.0,0.0,253.0,1964.0,36565.7,35.6652
2254130496,0,0.0,0.0,0.0,1215.0,1355.0,36565.7,38.2142
2254130496,0,0.0,0.0,0.0,1854.0,429.0,36565.7,37.1857
2254130496,1,0.0,0.0,0.0,1243.0,1004.0,36565.7,37.9108
2254130496,1,0.0,0.0,0.0,1188.0,218.0,36565.7,39.8723
2254130496,0,0.0,0.0,0.0,2051.0,1830.0,36562.0,43.0306
2254130496,1,0.0,0.0,0.0,1127.0,911.0,36562.0,42.4848
2254130496,0,0.0,0.0,0.0,1756.0,131.0,36565.7,38.3195
2254130496,0,0.0,0.0,0.0,1242.0,1339.0,36565.7,35.6845
2254130496,0,0.0,0.0,0.0,960.0,22.0,36565.7,36.6413
2254130496,1,0.0,0.0,0.0,1325.0,744.0,36565.7,37.8471
2254130496,0,0.0,0.0,0.0,894.0,1207.0,36565.6,37.5755
2254130496,1,0.0,0.0,0.0,514.0,724.0,36565.7,37.303
2436909663,1,0.0,0.0,0.0,1122.0,141.0,15.54,26.5571
2436909663,1,0.0,0.0,0.0,1323.0,531.0,15.5,25.0996
2436909663,0,0.0,0.0,0.0,821.0,743.0,15.5,25.8486
2436909663,0,0.0,0.0,0.0,1727.0,899.0,15.47,25.1958
2436909663,1,0.0,0.0,0.0,1827.0,959.0,15.07,24.0337
2436909663,1,0.0,0.0,0.0,1922.0,93.0,15.54,25.8608
2436909663,1,0.0,0.0,0.0,1929.0,105.0,15.47,25.8876
2436909663,1,0.0,0.0,0.0,1933.0,113.0,15.5,24.4927
2436909663,1,0.0,0.0,0.0,996.0,971.0,15.49,25.9442
2436909663,0,0.0,0.0,0.0,1822.0,2041.0,15.49,25.3057
2436909663,0,0.0,0.0,0.0,195.0,248.0,15.53,26.2897
2436909663,0,0.0,0.0,0.0,1925.0,97.0,15.54,24.2664
2436909663,0,0.0,0.0,0.0,1280.0,933.0,15.48,26.3981
2436909663,0,0.0,0.0,0.0,62.0,552.0,15.48,25.8951
2436909663,0,0.0,0.0,0.0,1199.0,1621.0,15.5,25.2366
2436909663,1,0.0,0.0,0.0,368.0,1376.0,15.48,26.1253
2436909663,0,0.0,0.0,0.0,287.0,32.0,15.55,25.9599
2436909663,0,0.0,0.0,0.0,1686.0,830.0,15.07,26.818
2436909663,1,0.0,0.0,0.0,180.0,259.0,15.53,25.1332
2436909663,1,0.0,0.0,0.0,937.0,815.0,15.5,26.1271
2436909663,1,0.0,0.0,0.0,1424.0,1125.0,15.48,28.5547
2436909663,1,0.0,0.0,0.0,1939.0,111.0,15.53,24.9689
2436909663,0,0.0,0.0,0.0,1932.0,111.0,15.5,24.7031
2436909663,0,0.0,0.0,0.0,2069.0,158.0,15.52,25.9511
2436909663,1,0.0,0.0,0.0,1929.0,111.0,15.5,25.3382
2436909663,0,0.0,0.0,0.0,1929.0,110.0,15.5,25.0428
2436909663,0,0.0,0.0,0.0,356.0,353.0,15.53,26.2535
2436909663,1,0.0,0.0,0.0,1964.0,1564.0,15.52,25.8941
2436909663,1,0.0,0.0,0.0,309.0,365.0,15.55,25.5755
2436909663,0,0.0,0.0,0.0,1920.0,96.0,15.5,25.325
2436909663,1,0.0,0.0,0.0,1927.0,105.0,15.5,25.0545
2436909663,0,0.0,0.0,0.0,134.0,710.0,15.54,25.5121
2483039613,1,0.0,0.0,0.0,1598.0,1367.0,48.75,25.5244
2483039613,0,0.0,0.0,0.0,885.0,838.0,48.75,26.5021
2483039613,1,0.0,0.0,0.0,1640.0,315.0,48.74,25.0606
2483039613,0,0.0,0.0,0.0,815.0,2103.0,48.74,24.5737
2483039613,1,0.0,0.0,0.0,35.0,96.0,48.73,25.5077
2483039613,0,0.0,0.0,0.0,27.0,88.0,48.73,26.586
2483039613,1,0.0,0.0,0.0,34.0,95.0,48.72,25.3775
2483039613,0,0.0,0.0,0.0,34.0,95.0,48.72,26.168
2483039613,1,0.0,0.0,0.0,41.0,101.0,48.77,25.4619
2483039613,0,0.0,0.0,0.0,41.0,102.0,48.77,25.7061
2483039613,1,0.0,0.0,0.0,30.0,91.0,48.76,25.4982
2483039613,0,0.0,0.0,0.0,23.0,84.0,48.76,26.0639
2483039613,1,0.0,0.0,0.0,543.0,478.0,48.74,27.0313
2483039613,0,0.0,0.0,0.0,572.0,517.0,48.74,24.3801
2483039613,1,0.0,0.0,0.0,44.0,105.0,48.72,26.1787
2483039613,0,0.0,0.0,0.0,35.0,96.0,48.72,26.6668
2483039613,1,0.0,0.0,0.0,31.0,92.0,48.76,24.7147
2483039613,0,0.0,0.0,0.0,29.0,90.0,48.76,25.4317
2483039613,1,0.0,0.0,0.0,32.0,93.0,48.72,23.4247
2483039613,0,0.0,0.0,0.0,38.0,98.0,48.72,24.5139
2483039613,1,0.0,0.0,0.0,549.0,488.0,48.73,24.8727
2483039613,0,0.0,0.0,0.0,551.0,490.0,48.73,24.8555
2483039613,1,0.0,0.0,0.0,25.0,1249.0,48.72,23.9279
2483039613,0,0.0,0.0,0.0,1462.0,1221.0,48.72,25.7106
2483039613,1,0.0,0.0,0.0,28.0,89.0,48.73,25.9108
2483039613,0,0.0,0.0,0.0,41.0,102.0,48.73,25.5505
2483039613,1,0.0,0.0,0.0,589.0,540.0,48.74,25.179
2483039613,0,0.0,0.0,0.0,550.0,486.0,48.74,27.606
2483039613,1,0.0,0.0,0.0,26.0,87.0,48.73,26.2048
2483039613,0,0.0,0.0,0.0,39.0,100.0,48.73,25.9277
2483039613,1,0.0,0.0,0.0,23.0,84.0,48.71,26.2301
2483039613,0,0.0,0.0,0.0,29.0,90.0,48.71,27.2959
2732922107,0,4.0,7.0,5.0,1514.0,1449.0,113.37,41.4309
2732922107,1,4.0,7.0,5.0,1730.0,2020.0,113.37,41.7555
2732922107,0,4.0,7.0,6.0,704.0,1221.0,113.38,41.8537
2732922107,1,4.0,7.0,5.0,1470.0,1964.0,113.38,42.9483
2732922107,0,4.0,7.0,5.0,49.0,145.0,110.35,42.8993
2732922107,1,8.0,13.0,11.0,19.0,115.0,110.35,46.1026
2732922107,1,4.0,7.0,5.0,2030.0,370.0,113.36,42.4487
2732922107,0,4.0,7.0,5.0,883.0,236.0,113.36,41.7597
2732922107,0,4.0,7.0,6.0,282.0,1640.0,113.37,42.8099
2732922107,1,4.0,7.0,6.0,855.0,2120.0,113.37,41.8189
2732922107,0,4.0,7.0,5.0,884.0,1516.0,113.36,42.1654
2732922107,0,4.0,7.0,5.0,290.0,447.0,113.36,43.3514
2732922107,1,4.0,7.0,5.0,27.0,90.0,113.37,42.1943
2732922107,0,4.0,7.0,5.0,33.0,96.0,113.37,42.8046
2732922107,1,4.0,7.0,4.0,406.0,802.0,113.36,42.4367
2732922107,1,4.0,7.0,5.0,64.0,1407.0,113.36,42.0893
2889958036,1,0.0,0.0,0.0,220.0,404.0,196.43,24.8963
2889958036,0,0.0,0.0,0.0,232.0,466.0,196.43,26.385
2889958036,1,0.0,0.0,0.0,259.0,668.0,196.43,45.1452
2889958036,1,0.0,0.0,0.0,1827.0,1965.0,196.44,25.942
2889958036,1,0.0,0.0,0.0,302.0,829.0,196.43,23.6221
2889958036,0,0.0,0.0,0.0,256.0,562.0,196.43,44.5848
2889958036,0,0.0,0.0,0.0,252.0,551.0,196.43,24.712
2889958036,1,0.0,0.0,0.0,293.0,781.0,196.43,26.455
2889958036,0,0.0,0.0,0.0,237.0,476.0,196.42,26.6774
2889958036,1,0.0,0.0,0.0,801.0,1071.0,196.42,25.0358
2889958036,1,0.0,0.0,0.0,341.0,1074.0,196.42,26.5348
2889958036,0,0.0,0.0,0.0,744.0,787.0,196.42,25.0605
2889958036,0,0.0,0.0,0.0,767.0,934.0,196.42,26.1369
2889958036,1,0.0,0.0,0.0,1881.0,901.0,196.42,25.3705
2889958036,1,0.0,0.0,0.0,254.0,587.0,196.42,25.7226
2889958036,0,0.0,0.0,0.0,233.0,499.0,196.42,26.9635
2889958036,1,0.0,0.0,0.0,795.0,1150.0,196.42,27.2419
2889958036,0,0.0,0.0,0.0,1074.0,1165.0,196.44,26.7613
2889958036,1,0.0,0.0,0.0,206.0,1501.0,196.43,24.0408
2889958036,0,0.0,0.0,0.0,1659.0,1602.0,196.43,26.078
2889958036,1,0.0,0.0,0.0,244.0,609.0,196.43,26.557
2889958036,0,0.0,0.0,0.0,203.0,340.0,196.43,27.6985
2889958036,1,0.0,0.0,0.0,257.0,621.0,196.45,26.1527
2889958036,0,0.0,0.0,0.0,257.0,639.0,196.42,43.0611
2889958036,0,0.0,0.0,0.0,715.0,702.0,196.42,27.9817
2889958036,1,0.0,0.0,0.0,777.0,831.0,196.42,25.3454
2889958036,0,0.0,0.0,0.0,238.0,466.0,196.45,25.8195
2889958036,1,0.0,0.0,0.0,311.0,915.0,196.42,25.7651
2889958036,1,0.0,0.0,0.0,269.0,644.0,196.43,25.6233
2889958036,0,0.0,0.0,0.0,268.0,648.0,196.43,43.6305
2889958036,0,0.0,0.0,0.0,1048.0,541.0,196.42,24.9795
2889958036,0,0.0,0.0,0.0,199.0,313.0,196.43,25.7628
3217652532,1,65.0,91.0,65.0,1660.0,1789.0,73686.6,162.905
3217652532,1,65.0,92.0,65.0,501.0,1413.0,73687.6,166.323
3217652532,1,65.0,94.0,66.0,1132.0,785.0,73687.6,171.197
3217652532,0,65.0,93.0,65.0,1432.0,2063.0,73687.6,160.665
3217652532,0,65.0,92.0,65.0,1111.0,1986.0,73687.6,166.138
3217652532,1,65.0,94.0,66.0,1916.0,535.0,73687.6,165.658
3217652532,1,65.0,93.0,65.0,1734.0,1572.0,73687.6,167.456
3217652532,1,65.0,92.0,65.0,1319.0,434.0,73687.6,159.335
3217652532,0,65.0,93.0,65.0,1392.0,135.0,73686.6,166.153
3217652532,1,65.0,92.0,65.0,185.0,1314.0,73687.6,159.86
3217652532,0,65.0,94.0,66.0,2048.0,1320.0,73687.6,161.271
3217652532,0,65.0,92.0,66.0,1239.0,486.0,73687.6,156.347
3217652532,0,65.0,93.0,65.0,364.0,1445.0,73687.6,169.224
3217652532,1,65.0,93.0,65.0,1433.0,1572.0,73687.6,157.937
3217652532,0,65.0,91.0,65.0,1987.0,298.0,73687.6,165.927
3217652532,0,65.0,92.0,65.0,2033.0,871.0,73687.6,165.48
3269532224,0,0.0,0.0,0.0,238.0,502.0,292.23,34.1542
3269532224,1,0.0,0.0,0.0,259.0,590.0,292.23,32.0283
3269532224,0,0.0,0.0,0.0,57.0,158.0,294.19,31.1647
3269532224,1,0.0,0.0,0.0,51.0,135.0,292.22,43.3111
3269532224,1,0.0,0.0,0.0,48.0,114.0,292.19,43.1939
3269532224,0,0.0,0.0,0.0,47.0,113.0,292.22,33.1108
3269532224,0,0.0,0.0,0.0,65.0,156.0,292.2,34.9163
3269532224,1,0.0,0.0,0.0,345.0,1077.0,294.2,31.1789
3269532224,0,0.0,0.0,0.0,241.0,479.0,294.2,33.091
3269532224,0,0.0,0.0,0.0,50.0,112.0,292.19,34.9352
3269532224,1,0.0,0.0,0.0,58.0,137.0,292.21,33.3878
3269532224,0,0.0,0.0,0.0,51.0,124.0,292.21,32.7922
3269532224,0,0.0,0.0,0.0,41.0,127.0,294.2,34.6504
3269532224,1,0.0,0.0,0.0,66.0,176.0,294.2,32.649
3269532224,0,0.0,0.0,0.0,272.0,651.0,292.2,43.2818
3269532224,1,0.0,0.0,0.0,57.0,166.0,294.21,32.4219
3269532224,1,0.0,0.0,0.0,58.0,126.0,292.19,43.8025
3269532224,0,0.0,0.0,0.0,58.0,122.0,292.19,35.4914
3269532224,0,0.0,0.0,0.0,257.0,554.0,292.19,33.3009
3269532224,1,0.0,0.0,0.0,307.0,832.0,292.19,30.8652
3269532224,0,0.0,0.0,0.0,46.0,148.0,292.2,34.9265
3269532224,1,0.0,0.0,0.0,52.0,131.0,292.19,33.785
3269532224,1,0.0,0.0,0.0,50.0,170.0,292.2,35.9437
3269532224,1,0.0,0.0,0.0,55.0,158.0,294.19,42.5582
3269532224,0,0.0,0.0,0.0,40.0,110.0,292.19,41.9995
3269532224,1,0.0,0.0,0.0,50.0,179.0,292.2,34.8567
3269532224,1,0.0,0.0,0.0,45.0,162.0,288.54,42.383
3269532224,0,0.0,0.0,0.0,47.0,122.0,288.54,27.9992
3269532224,1,0.0,0.0,0.0,274.0,647.0,292.2,33.0539
3269532224,1,0.0,0.0,0.0,55.0,143.0,294.21,31.7139
3269532224,0,0.0,0.0,0.0,62.0,144.0,294.21,34.845
3269532224,0,0.0,0.0,0.0,63.0,149.0,294.21,34.152
3348062878,1,0.0,0.0,0.0,1345.0,319.0,7.0,26.0699
3348062878,0,0.0,0.0,0.0,1133.0,1592.0,5.34,26.2846
3348062878,1,0.0,0.0,0.0,210.0,1993.0,5.34,25.5646
3348062878,0,0.0,0.0,0.0,556.0,866.0,5.35,26.8964
3348062878,0,0.0,0.0,0.0,574.0,2038.0,5.36,25.27
3348062878,1,0.0,0.0,0.0,657.0,1885.0,5.34,25.4222
3348062878,0,0.0,0.0,0.0,1054.0,786.0,5.35,27.8765
3348062878,1,0.0,0.0,0.0,1499.0,225.0,5.36,27.34
3348062878,1,0.0,0.0,0.0,1122.0,1572.0,5.35,26.258
3348062878,0,0.0,0.0,0.0,667.0,1955.0,5.36,27.273
3348062878,1,0.0,0.0,0.0,89.0,1194.0,5.35,27.6923
3348062878,1,0.0,0.0,0.0,281.0,475.0,7.0,25.9236
3348062878,0,0.0,0.0,0.0,584.0,1647.0,5.35,31.3568
3348062878,0,0.0,0.0,0.0,766.0,285.0,5.35,27.8985
3348062878,0,0.0,0.0,0.0,600.0,1749.0,5.35,25.6674
3348062878,1,0.0,0.0,0.0,363.0,1743.0,5.35,25.3922
3348062878,0,0.0,0.0,0.0,1227.0,1341.0,5.34,27.26
3348062878,0,0.0,0.0,0.0,1534.0,986.0,5.36,25.8546
3348062878,0,0.0,0.0,0.0,93.0,141.0,5.36,27.6674
3348062878,1,0.0,0.0,0.0,918.0,1959.0,5.36,27.383
3348062878,1,0.0,0.0,0.0,1504.0,1411.0,5.36,28.2882
3348062878,1,0.0,0.0,0.0,152.0,1930.0,7.0,26.0039
3348062878,1,0.0,0.0,0.0,1064.0,484.0,5.34,27.598
3348062878,0,0.0,0.0,0.0,818.0,12.0,5.36,27.3874
3348062878,1,0.0,0.0,0.0,1269.0,1413.0,5.36,26.0592
3348062878,1,0.0,0.0,0.0,195.0,354.0,5.36,28.637
3348062878,0,0.0,0.0,0.0,1365.0,1168.0,6.99,23.1399
3348062878,1,0.0,0.0,0.0,1473.0,1550.0,6.99,26.657
3348062878,0,0.0,0.0,0.0,27.0,702.0,7.0,25.3694
3348062878,1,0.0,0.0,0.0,1635.0,568.0,7.0,25.9494
3348062878,1,0.0,0.0,0.0,814.0,2085.0,5.38,25.7015
3348062878,0,0.0,0.0,0.0,623.0,772.0,5.38,27.3286
3348062878,0,0.0,0.0,0.0,1604.0,1192.0,5.36,26.5862
3348062878,1,0.0,0.0,0.0,1708.0,869.0,5.36,29.3186
3348062878,0,0.0,0.0,0.0,1973.0,34.0,5.36,25.909
3348062878,0,0.0,0.0,0.0,280.0,400.0,7.0,26.4606
3348062878,0,0.0,0.0,0.0,707.0,1890.0,5.35,25.1493
3348062878,0,0.0,0.0,0.0,68.0,1351.0,7.0,24.6607
3348062878,1,0.0,0.0,0.0,332.0,1262.0,7.0,26.3983
3348062878,1,0.0,0.0,0.0,201.0,964.0,5.36,25.2996
3348062878,0,0.0,0.0,0.0,993.0,210.0,5.35,26.9625
3348062878,1,0.0,0.0,0.0,1143.0,1429.0,5.35,26.401
3348062878,1,0.0,0.0,0.0,39.0,528.0,5.35,25.416
3348062878,0,0.0,0.0,0.0,307.0,499.0,5.35,27.2914
3348062878,1,0.0,0.0,0.0,1585.0,1973.0,5.35,28.4805
3348062878,0,0.0,0.0,0.0,345.0,2102.0,7.0,24.9713
3348062878,0,0.0,0.0,0.0,1065.0,1622.0,5.35,25.8704
3348062878,1,0.0,0.0,0.0,463.0,1750.0,5.35,27.2202
3348062878,0,0.0,0.0,0.0,1865.0,1362.0,5.35,27.7142
3348062878,1,0.0,0.0,0.0,954.0,849.0,5.35,26.3044
3348062878,1,0.0,0.0,0.0,5.0,1278.0,5.36,26.7642
3348062878,0,0.0,0.0,0.0,432.0,388.0,7.0,28.1153
3348062878,0,0.0,0.0,0.0,350.0,2009.0,5.36,26.7808
3348062878,1,0.0,0.0,0.0,1144.0,2143.0,5.35,29.0977
3348062878,0,0.0,0.0,0.0,647.0,2064.0,5.34,26.2096
3348062878,1,0.0,0.0,0.0,2134.0,805.0,7.02,27.1253
3348062878,0,0.0,0.0,0.0,1083.0,1730.0,5.37,25.6152
3348062878,1,0.0,0.0,0.0,568.0,868.0,5.37,26.7633
3348062878,1,0.0,0.0,0.0,2079.0,1532.0,5.34,25.2343
3348062878,0,0.0,0.0,0.0,1152.0,39.0,5.34,28.198
3348062878,0,0.0,0.0,0.0,1334.0,1364.0,5.35,26.0534
3348062878,1,0.0,0.0,0.0,1330.0,1441.0,5.35,27.3066
3348062878,0,0.0,0.0,0.0,1732.0,725.0,7.02,27.3217
3348062878,1,0.0,0.0,0.0,1593.0,810.0,5.35,24.6306
3411779113,1,0.0,0.0,0.0,550.0,1809.0,0.48,0.0
3411779113,0,0.0,0.0,0.0,968.0,766.0,0.48,25.245
3411779113,1,0.0,0.0,0.0,0.0,0.0,0.48,25.112
3411779113,0,0.0,0.0,0.0,942.0,0.0,0.48,25.293
3411779113,1,0.0,0.0,0.0,0.0,0.0,0.47,0.0
3411779113,0,0.0,0.0,0.0,385.0,116.0,0.47,25.414
3411779113,0,0.0,0.0,0.0,0.0,0.0,0.46,0.0
3411779113,0,0.0,0.0,0.0,2017.0,0.0,0.52,0.0
3411779113,1,0.0,0.0,0.0,11.0,43.0,0.48,26.569
3411779113,0,0.0,0.0,0.0,0.0,0.0,0.48,0.0
3411779113,1,0.0,0.0,0.0,0.0,0.0,0.46,0.0
3411779113,1,0.0,0.0,0.0,277.0,0.0,0.52,25.305
3411779113,0,0.0,0.0,0.0,421.0,0.0,0.48,25.029
3411779113,0,0.0,0.0,0.0,686.0,0.0,0.47,0.0
3411779113,1,0.0,0.0,0.0,0.0,0.0,0.47,24.818
3411779113,1,0.0,0.0,0.0,1023.0,0.0,0.48,0.0
3556713247,0,0.0,0.0,0.0,50.0,124.0,204.3,29.0231
3556713247,1,0.0,0.0,0.0,56.0,136.0,204.3,29.4962
3556713247,1,0.0,0.0,0.0,49.0,134.0,204.32,43.3412
3556713247,0,0.0,0.0,0.0,46.0,112.0,204.32,30.4821
3556713247,0,0.0,0.0,0.0,46.0,122.0,204.33,31.5101
3556713247,1,0.0,0.0,0.0,43.0,161.0,204.33,42.3698
3556713247,0,0.0,0.0,0.0,240.0,479.0,204.32,34.7178
3556713247,1,0.0,0.0,0.0,344.0,1077.0,204.32,32.3056
3556713247,1,0.0,0.0,0.0,306.0,832.0,204.29,25.7691
3556713247,0,0.0,0.0,0.0,64.0,156.0,204.3,30.7497
3556713247,0,0.0,0.0,0.0,62.0,149.0,204.31,31.7164
3556713247,0,0.0,0.0,0.0,48.0,112.0,204.29,30.4924
3556713247,1,0.0,0.0,0.0,65.0,175.0,204.3,28.5416
3556713247,1,0.0,0.0,0.0,49.0,179.0,204.3,30.061
3556713247,0,0.0,0.0,0.0,40.0,127.0,204.3,30.3455
3556713247,1,0.0,0.0,0.0,56.0,165.0,204.31,32.1751
3556713247,0,0.0,0.0,0.0,56.0,157.0,204.3,30.782
3556713247,1,0.0,0.0,0.0,54.0,158.0,204.3,42.6175
3556713247,1,0.0,0.0,0.0,56.0,125.0,204.29,43.8904
3556713247,1,0.0,0.0,0.0,258.0,589.0,204.31,31.1036
3556713247,1,0.0,0.0,0.0,48.0,169.0,204.31,27.5837
3556713247,0,0.0,0.0,0.0,45.0,147.0,204.31,25.9514
3556713247,0,0.0,0.0,0.0,60.0,144.0,204.3,30.6248
3556713247,1,0.0,0.0,0.0,54.0,143.0,204.3,26.8452
3556713247,0,0.0,0.0,0.0,256.0,554.0,204.29,28.4526
3556713247,0,0.0,0.0,0.0,237.0,501.0,204.31,32.8846
3556713247,1,0.0,0.0,0.0,50.0,130.0,204.31,26.5957
3556713247,0,0.0,0.0,0.0,39.0,109.0,204.31,42.0413
3556713247,0,0.0,0.0,0.0,271.0,650.0,204.3,43.2848
3556713247,1,0.0,0.0,0.0,272.0,646.0,204.3,31.5109
3556713247,1,0.0,0.0,0.0,47.0,114.0,204.29,43.2024
3556713247,0,0.0,0.0,0.0,57.0,122.0,204.29,31.2571
3660243083,0,3.0,16.0,4.0,1270.0,489.0,19276.0,60.3908
3660243083,1,3.0,16.0,4.0,931.0,1314.0,19276.0,55.0332
3660243083,1,4.0,15.0,4.0,1225.0,1468.0,19278.3,54.3279
3660243083,0,3.0,16.0,4.0,1098.0,892.0,19276.0,59.238
3660243083,0,4.0,15.0,4.0,1154.0,650.0,19278.3,54.6085
3660243083,0,3.0,16.0,4.0,1083.0,1670.0,19275.9,55.1743
3660243083,0,4.0,16.0,4.0,937.0,1661.0,19275.9,53.2495
3660243083,1,4.0,15.0,4.0,939.0,1556.0,19275.9,56.6688
3660243083,1,3.0,16.0,3.0,1013.0,1269.0,19275.9,54.506
3660243083,0,3.0,16.0,4.0,1133.0,1007.0,19275.9,56.8852
3660243083,1,4.0,16.0,3.0,891.0,911.0,19278.3,53.6711
3660243083,0,3.0,16.0,4.0,933.0,616.0,19278.3,56.5838
3660243083,1,3.0,16.0,4.0,916.0,1549.0,19275.9,56.4626
3660243083,1,3.0,15.0,4.0,1056.0,793.0,19275.9,56.1631
3660243083,0,3.0,16.0,4.0,983.0,847.0,19275.9,57.8989
3660243083,0,4.0,16.0,4.0,1016.0,1581.0,19275.9,54.0225
3660243083,0,4.0,15.0,3.0,1240.0,1628.0,19275.9,58.6767
3660243083,1,3.0,16.0,4.0,1293.0,1156.0,19278.3,57.6528
3660243083,0,4.0,16.0,4.0,1281.0,1131.0,19278.3,55.6405
3660243083,0,4.0,16.0,4.0,899.0,1203.0,19276.0,57.049
3660243083,1,3.0,16.0,4.0,1231.0,1530.0,19275.9,56.5598
3660243083,1,3.0,16.0,4.0,1017.0,1207.0,19275.9,54.1905
3660243083,0,3.0,16.0,3.0,906.0,739.0,19278.3,55.7566
3660243083,1,3.0,16.0,4.0,1009.0,491.0,19278.3,55.9571
3660243083,1,3.0,16.0,4.0,1163.0,771.0,19276.0,58.6578
3660243083,0,3.0,16.0,3.0,995.0,1609.0,19278.3,54.9938
3660243083,0,4.0,16.0,3.0,989.0,1017.0,19275.9,58.0118
3660243083,0,3.0,16.0,3.0,978.0,486.0,19275.9,57.5679
3660243083,1,3.0,16.0,4.0,1097.0,739.0,19275.9,55.6639
3660243083,0,3.0,16.0,4.0,1018.0,633.0,19275.9,57.3006
3660243083,0,3.0,16.0,4.0,959.0,470.0,19275.9,57.4035
3660243083,1,3.0,16.0,4.0,1142.0,625.0,19275.9,55.0101
3660243083,0,4.0,16.0,4.0,1046.0,570.0,19276.0,57.5404
3660243083,1,4.0,16.0,4.0,1254.0,755.0,19276.0,55.5341
3660243083,0,3.0,16.0,4.0,921.0,1261.0,19276.0,58.1958
3660243083,1,4.0,16.0,4.0,987.0,865.0,19276.0,56.8704
3660243083,1,3.0,16.0,4.0,1103.0,1598.0,19276.0,55.871
3660243083,0,3.0,16.0,4.0,1010.0,1284.0,19276.0,54.5003
3660243083,1,3.0,16.0,3.0,1047.0,888.0,19278.3,55.8822
3660243083,0,3.0,16.0,4.0,1043.0,805.0,19278.3,55.269
3660243083,1,3.0,15.0,4.0,1049.0,1043.0,19275.9,58.2337
3660243083,1,4.0,16.0,3.0,1272.0,1266.0,19275.9,57.3377
3660243083,0,4.0,15.0,3.0,1002.0,558.0,19278.3,53.1083
3660243083,1,4.0,14.0,4.0,1058.0,1398.0,19278.3,56.2462
3660243083,1,3.0,16.0,4.0,1103.0,946.0,19278.3,56.7937
3660243083,1,4.0,16.0,4.0,943.0,572.0,19275.9,57.9171
3660243083,1,3.0,16.0,4.0,1205.0,719.0,19276.0,56.0814
3660243083,1,3.0,16.0,3.0,1014.0,1037.0,19278.3,55.2525
3660243083,0,3.0,16.0,4.0,1013.0,1179.0,19275.9,59.3727
3660243083,1,4.0,16.0,4.0,1047.0,1673.0,19275.9,58.1059
3660243083,0,3.0,16.0,4.0,1058.0,819.0,19275.9,54.0034
3660243083,0,4.0,16.0,3.0,1102.0,1604.0,19275.9,55.9632
3660243083,1,3.0,16.0,3.0,1035.0,1345.0,19275.9,56.9372
3660243083,0,3.0,16.0,4.0,921.0,1216.0,19278.3,59.2685
3660243083,1,3.0,16.0,4.0,1232.0,991.0,19278.3,59.8154
3660243083,0,4.0,16.0,4.0,939.0,1244.0,19275.9,58.3419
3660243083,1,3.0,16.0,4.0,935.0,777.0,19275.9,60.4063
3660243083,0,3.0,16.0,4.0,1272.0,1406.0,19275.9,54.6464
3660243083,0,4.0,16.0,4.0,1150.0,1113.0,19278.3,56.1008
3660243083,0,3.0,16.0,4.0,1049.0,679.0,19275.9,53.5872
3660243083,1,3.0,16.0,4.0,1091.0,1318.0,19275.9,53.8966
3660243083,1,3.0,16.0,4.0,1209.0,1664.0,19275.9,55.5016
3660243083,1,3.0,16.0,4.0,1188.0,1210.0,19275.9,54.2871
3660243083,0,4.0,16.0,4.0,946.0,589.0,19275.9,57.7669
3673909854,0,30.0,98.0,30.0,1049.0,1073.0,86456.6,176.52
3673909854,1,29.0,98.0,30.0,1076.0,1051.0,86456.6,165.845
3673909854,0,30.0,98.0,31.0,1081.0,1074.0,86456.6,172.887
3673909854,1,29.0,98.0,30.0,1064.0,1050.0,86456.6,168.895
3673909854,1,29.0,98.0,30.0,1072.0,1056.0,86456.6,166.421
3673909854,0,30.0,98.0,30.0,1079.0,1077.0,86456.6,178.92
3673909854,1,29.0,98.0,30.0,1059.0,1030.0,86456.6,182.772
3673909854,0,30.0,98.0,30.0,1071.0,1068.0,86456.6,173.253
3673909854,0,30.0,98.0,30.0,1046.0,1070.0,86456.6,179.413
3673909854,1,29.0,98.0,30.0,1079.0,1128.0,86456.6,183.069
3673909854,0,30.0,98.0,31.0,1060.0,1078.0,86455.6,179.562
3673909854,1,29.0,98.0,30.0,1077.0,1037.0,86455.6,173.921
3673909854,1,29.0,98.0,30.0,1085.0,1110.0,86455.6,163.847
3673909854,0,30.0,98.0,31.0,1065.0,1069.0,86455.6,180.7
3673909854,1,29.0,98.0,30.0,1079.0,1069.0,86456.6,177.652
3673909854,0,30.0,98.0,31.0,1081.0,1069.0,86456.6,178.258
4035878703,0,0.0,0.0,0.0,962.0,527.0,141.86,25.1455
4035878703,0,0.0,0.0,0.0,711.0,1901.0,138.2,27.7912
4035878703,0,0.0,0.0,0.0,289.0,1443.0,143.86,25.3353
4035878703,1,0.0,0.0,0.0,954.0,1081.0,143.86,25.3512
4035878703,1,0.0,0.0,0.0,325.0,755.0,138.2,24.233
4035878703,0,0.0,0.0,0.0,1953.0,425.0,141.85,25.6803
4035878703,1,0.0,0.0,0.0,275.0,1829.0,141.85,26.6029
4035878703,1,0.0,0.0,0.0,1379.0,1143.0,141.86,26.8326
4035878703,1,0.0,0.0,0.0,1604.0,518.0,141.86,26.1381
4035878703,0,0.0,0.0,0.0,954.0,1993.0,141.86,26.4495
4035878703,0,0.0,0.0,0.0,951.0,1725.0,141.85,25.4262
4035878703,1,0.0,0.0,0.0,1725.0,1720.0,141.85,25.6403
4035878703,0,0.0,0.0,0.0,1074.0,71.0,141.85,26.4599
4035878703,1,0.0,0.0,0.0,1704.0,1763.0,141.85,25.5037
4035878703,0,0.0,0.0,0.0,688.0,2007.0,141.86,24.7199
4035878703,1,0.0,0.0,0.0,1853.0,844.0,141.86,24.5808
4143542614,0,2.0,16.0,2.0,1010.0,1719.0,60153.5,47.6856
4143542614,1,2.0,16.0,2.0,386.0,2036.0,60153.5,48.4068
4143542614,0,2.0,16.0,2.0,460.0,920.0,60155.1,48.9441
4143542614,1,2.0,16.0,2.0,1016.0,1387.0,60155.1,47.3419
4143542614,1,2.0,15.0,2.0,1273.0,846.0,60155.1,46.1965
4143542614,0,2.0,16.0,2.0,680.0,108.0,60155.1,48.5254
4143542614,0,2.0,12.0,2.0,390.0,314.0,60155.1,49.9661
4143542614,1,2.0,14.0,2.0,576.0,745.0,60155.1,48.0096
4143542614,1,2.0,16.0,2.0,1846.0,1305.0,60153.4,49.7463
4143542614,0,2.0,16.0,2.0,752.0,937.0,60153.5,48.9363
4143542614,0,2.0,16.0,2.0,1531.0,1106.0,60153.4,48.0416
4143542614,1,2.0,16.0,2.0,1679.0,925.0,60153.4,50.5685
4143542614,1,2.0,16.0,2.0,549.0,2058.0,60153.5,48.1133
4143542614,0,2.0,15.0,2.0,231.0,1285.0,60155.1,47.5542
4143542614,1,2.0,15.0,2.0,413.0,185.0,60155.1,50.4061
4143542614,0,2.0,16.0,2.0,1788.0,1918.0,60153.4,47.1212
4211943181,1,0.0,0.0,0.0,1816.0,60.0,18.25,24.8844
4211943181,0,0.0,0.0,0.0,533.0,888.0,18.25,25.0356
4211943181,1,0.0,0.0,0.0,1388.0,556.0,18.24,26.9479
4211943181,1,0.0,0.0,0.0,1555.0,1881.0,18.24,26.4894
4211943181,0,0.0,0.0,0.0,1262.0,872.0,18.24,28.3078
4211943181,1,0.0,0.0,0.0,1922.0,2036.0,18.24,24.5577
4211943181,0,0.0,0.0,0.0,1216.0,1611.0,18.25,25.3878
4211943181,0,0.0,0.0,0.0,1686.0,667.0,18.24,26.7712
4211943181,0,0.0,0.0,0.0,261.0,1325.0,18.23,26.7139
4211943181,1,0.0,0.0,0.0,497.0,226.0,18.25,27.0276
4211943181,1,0.0,0.0,0.0,1986.0,695.0,18.23,25.7155
4211943181,0,0.0,0.0,0.0,925.0,1637.0,18.24,26.0544
4211943181,0,0.0,0.0,0.0,859.0,599.0,18.24,25.6891
4211943181,1,0.0,0.0,0.0,1914.0,1938.0,18.25,25.2453
4211943181,0,0.0,0.0,0.0,1520.0,190.0,18.25,25.7113
4211943181,1,0.0,0.0,0.0,547.0,1103.0,18.24,25.9442
4325768752,1,0.0,0.0,0.0,4.0,13.0,91.9,29.4891
4325768752,0,0.0,0.0,0.0,4.0,13.0,91.9,27.8995
4325768752,0,0.0,0.0,0.0,4.0,14.0,91.89,28.3999
4325768752,0,0.0,0.0,0.0,5.0,14.0,95.57,27.8994
4325768752,0,0.0,0.0,0.0,4.0,14.0,95.54,28.0281
4325768752,1,0.0,0.0,0.0,3.0,13.0,95.54,28.0612
4325768752,0,0.0,0.0,0.0,4.0,14.0,91.89,27.4895
4325768752,1,0.0,0.0,0.0,4.0,13.0,91.89,27.3714
4325768752,0,0.0,0.0,0.0,4.0,14.0,95.54,27.9301
4325768752,1,0.0,0.0,0.0,3.0,13.0,95.54,25.8754
4325768752,0,0.0,0.0,0.0,6.0,15.0,91.89,27.0055
4325768752,1,0.0,0.0,0.0,4.0,13.0,91.89,27.182
4325768752,1,0.0,0.0,0.0,6.0,15.0,91.9,30.5282
4325768752,0,0.0,0.0,0.0,5.0,13.0,91.91,29.0821
4325768752,1,0.0,0.0,0.0,4.0,11.0,91.91,26.9812
4325768752,1,0.0,0.0,0.0,5.0,14.0,91.9,27.0538
4325768752,0,0.0,0.0,0.0,5.0,15.0,95.54,27.6321
4325768752,1,0.0,0.0,0.0,6.0,15.0,91.89,29.3003
4325768752,0,0.0,0.0,0.0,5.0,14.0,95.55,27.0478
4325768752,1,0.0,0.0,0.0,6.0,15.0,95.55,26.5279
4325768752,0,0.0,0.0,0.0,6.0,15.0,95.55,27.5602
4325768752,1,0.0,0.0,0.0,6.0,15.0,95.55,28.1838
4325768752,1,0.0,0.0,0.0,2.0,11.0,95.55,30.4092
4325768752,0,0.0,0.0,0.0,4.0,13.0,95.55,27.1023
4325768752,0,0.0,0.0,0.0,4.0,13.0,91.9,28.4922
4325768752,1,0.0,0.0,0.0,6.0,15.0,95.54,28.8943
4325768752,1,0.0,0.0,0.0,5.0,15.0,95.55,24.8182
4325768752,0,0.0,0.0,0.0,5.0,15.0,95.55,32.1835
4325768752,0,0.0,0.0,0.0,5.0,13.0,95.55,25.6858
4325768752,1,0.0,0.0,0.0,4.0,13.0,95.57,25.6438
4325768752,1,0.0,0.0,0.0,3.0,12.0,95.55,28.4009
4325768752,0,0.0,0.0,0.0,4.0,13.0,91.9,29.4551
4404594932,0,0.0,0.0,0.0,1299.0,879.0,2.64,28.588
4404594932,1,0.0,0.0,0.0,1960.0,2043.0,2.64,24.6643
4404594932,0,0.0,0.0,0.0,1576.0,200.0,2.68,25.8777
4404594932,0,0.0,0.0,0.0,565.0,894.0,2.63,25.17
4404594932,1,0.0,0.0,0.0,1451.0,567.0,2.64,27.298
4404594932,1,0.0,0.0,0.0,619.0,1116.0,2.64,26.187
4404594932,0,0.0,0.0,0.0,910.0,608.0,2.64,25.8797
4404594932,1,0.0,0.0,0.0,1951.0,1945.0,2.68,25.518
4404594932,1,0.0,0.0,0.0,1879.0,71.0,2.63,25.087
4404594932,0,0.0,0.0,0.0,1759.0,679.0,2.63,26.9163
4404594932,0,0.0,0.0,0.0,312.0,1334.0,2.63,27.016
4404594932,1,0.0,0.0,0.0,2034.0,704.0,2.63,25.871
4404594932,0,0.0,0.0,0.0,1271.0,1621.0,2.63,25.713
4404594932,0,0.0,0.0,0.0,973.0,1646.0,2.64,26.203
4404594932,1,0.0,0.0,0.0,545.0,235.0,2.63,27.2005
4404594932,1,0.0,0.0,0.0,1601.0,1890.0,2.63,26.607
4675621396,0,1.0,1.0,0.0,363.0,341.0,120.91,39.9665
4675621396,1,1.0,1.0,0.0,496.0,358.0,120.91,41.7372
4675621396,0,1.0,1.0,0.0,348.0,340.0,120.92,41.9045
4675621396,1,1.0,1.0,1.0,314.0,331.0,120.92,41.0216
4675621396,0,1.0,1.0,1.0,490.0,358.0,120.93,40.7394
4675621396,1,1.0,1.0,1.0,471.0,357.0,120.93,40.148
4675621396,1,1.0,1.0,0.0,356.0,341.0,120.92,41.5129
4675621396,0,1.0,1.0,1.0,401.0,347.0,120.92,41.85
4675621396,0,1.0,1.0,0.0,494.0,358.0,120.92,40.2584
4675621396,1,1.0,1.0,1.0,401.0,346.0,120.92,43.4071
4675621396,1,1.0,1.0,0.0,298.0,335.0,120.92,39.1628
4675621396,0,1.0,1.0,0.0,506.0,360.0,120.92,41.4537
4675621396,1,1.0,1.0,1.0,498.0,359.0,120.92,39.877
4675621396,1,1.0,1.0,1.0,387.0,346.0,120.92,39.0113
4675621396,0,1.0,1.0,1.0,421.0,350.0,120.92,40.5671
4675621396,0,1.0,1.0,0.0,354.0,341.0,120.92,42.3321
4712964085,0,0.0,0.0,0.0,0.0,0.0,1.59,0.0
4712964085,0,0.0,0.0,0.0,0.0,0.0,1.58,0.0
4712964085,1,0.0,0.0,0.0,2.0,28.0,1.57,25.404
4712964085,1,0.0,0.0,0.0,0.0,0.0,1.57,0.0
4712964085,0,0.0,0.0,0.0,0.0,0.0,1.57,0.0
4712964085,1,0.0,0.0,0.0,0.0,0.0,1.58,0.0
4712964085,1,0.0,0.0,0.0,0.0,0.0,1.59,0.0
4712964085,1,0.0,0.0,0.0,0.0,0.0,1.58,0.0
4712964085,0,0.0,0.0,0.0,0.0,0.0,1.58,0.0
4712964085,1,0.0,0.0,0.0,0.0,0.0,1.58,0.0
4712964085,0,0.0,0.0,0.0,0.0,0.0,1.58,0.0
4712964085,0,0.0,0.0,0.0,8.0,34.0,1.57,25.586
4820724580,0,0.0,0.0,0.0,685.0,533.0,202.18,27.7938
4820724580,1,0.0,0.0,0.0,1726.0,605.0,202.18,28.973
4820724580,0,0.0,0.0,0.0,766.0,2085.0,202.19,28.9646
4820724580,1,0.0,0.0,0.0,513.0,2023.0,202.18,28.7752
4820724580,0,0.0,0.0,0.0,228.0,1191.0,202.19,32.1111
4820724580,1,0.0,0.0,0.0,1183.0,209.0,202.19,25.0756
4820724580,0,0.0,0.0,0.0,1189.0,972.0,202.18,28.067
4820724580,1,0.0,0.0,0.0,1028.0,1615.0,202.19,30.6581
4820724580,1,1.0,5.0,3.0,611.0,204.0,202.23,46.2153
4820724580,0,0.0,0.0,0.0,1864.0,878.0,202.23,27.5146
4820724580,0,0.0,0.0,0.0,324.0,5.0,202.22,29.0342
4820724580,1,0.0,0.0,0.0,1384.0,1926.0,202.22,26.6477
4820724580,0,0.0,0.0,0.0,372.0,1748.0,202.18,28.0162
4820724580,0,0.0,0.0,0.0,1508.0,2058.0,202.2,27.4706
4820724580,1,0.0,0.0,0.0,358.0,742.0,202.18,29.4213
4820724580,1,0.0,0.0,0.0,10.0,8.0,202.2,26.0704
4982865535,1,0.0,0.0,0.0,1061.0,848.0,2427.27,36.4119
4982865535,1,0.0,0.0,0.0,1495.0,1809.0,2427.25,35.6527
4982865535,1,0.0,0.0,0.0,648.0,853.0,2429.26,34.9325
4982865535,0,0.0,0.0,0.0,1471.0,1988.0,2427.27,33.7204
4982865535,1,0.0,0.0,0.0,1187.0,1258.0,2420.67,25.22
4982865535,0,0.0,0.0,0.0,1071.0,850.0,2420.67,25.325
4982865535,0,0.0,0.0,0.0,1057.0,402.0,2429.3,35.7131
4982865535,1,0.0,0.0,0.0,142.0,280.0,2429.3,27.0148
4982865535,1,0.0,0.0,0.0,903.0,1364.0,2429.28,35.2962
4982865535,0,0.0,0.0,0.0,400.0,1544.0,2429.28,35.6874
4982865535,1,0.0,0.0,0.0,761.0,474.0,2426.28,34.7441
4982865535,0,0.0,0.0,0.0,2043.0,1273.0,2426.28,35.9294
4982865535,0,0.0,0.0,0.0,763.0,359.0,2429.26,33.0781
4982865535,0,0.0,0.0,0.0,556.0,192.0,2427.27,36.4237
4982865535,0,0.0,0.0,0.0,192.0,1779.0,2425.26,34.5492
4982865535,1,0.0,0.0,0.0,6.0,1697.0,2425.26,34.9816
4982865535,0,0.0,0.0,0.0,1049.0,964.0,2424.26,36.5649
4982865535,1,0.0,0.0,0.0,1764.0,18.0,2425.27,32.9288
4982865535,1,0.0,0.0,0.0,2103.0,329.0,2424.26,35.5101
4982865535,0,0.0,0.0,0.0,1404.0,2096.0,2425.27,34.6671
4982865535,0,0.0,0.0,0.0,707.0,1986.0,2427.25,34.8194
4982865535,0,0.0,0.0,0.0,387.0,51.0,2427.27,34.4795
4982865535,0,0.0,0.0,0.0,1007.0,1164.0,2427.27,34.795
4982865535,1,0.0,0.0,0.0,1747.0,1035.0,2427.27,34.3297
4982865535,1,0.0,0.0,0.0,1660.0,1419.0,2425.26,33.5018
4982865535,0,0.0,0.0,0.0,920.0,1647.0,2425.26,34.2451
4982865535,0,0.0,0.0,0.0,1747.0,1212.0,2425.27,35.0186
4982865535,1,0.0,0.0,0.0,2037.0,521.0,2425.27,34.4472
4982865535,1,0.0,0.0,0.0,1955.0,1735.0,2427.27,34.6969
4982865535,1,0.0,0.0,0.0,1330.0,1558.0,2427.27,33.2603
4982865535,1,0.0,0.0,0.0,1185.0,2128.0,2425.27,34.6623
4982865535,0,0.0,0.0,0.0,2011.0,627.0,2425.27,34.5162
5211993978,0,0.0,0.0,0.0,287.0,32.0,6.7,25.943
5211993978,1,0.0,0.0,0.0,1933.0,113.0,6.69,24.4966
5211993978,1,0.0,0.0,0.0,309.0,365.0,6.7,25.5787
5211993978,0,0.0,0.0,0.0,1932.0,110.0,6.69,24.6469
5211993978,1,0.0,0.0,0.0,1964.0,1564.0,6.63,25.8994
5211993978,0,0.0,0.0,0.0,1920.0,96.0,6.63,25.3522
5211993978,1,0.0,0.0,0.0,1927.0,105.0,6.63,25.0606
5211993978,1,0.0,0.0,0.0,1929.0,110.0,6.69,25.3346
5211993978,0,0.0,0.0,0.0,1929.0,110.0,6.69,25.0825
5211993978,0,0.0,0.0,0.0,1727.0,899.0,6.64,25.1827
5211993978,1,0.0,0.0,0.0,1929.0,104.0,6.64,25.887
5211993978,0,0.0,0.0,0.0,195.0,247.0,6.63,26.3201
5211993978,1,0.0,0.0,0.0,1938.0,111.0,6.63,24.989
5211993978,0,0.0,0.0,0.0,2068.0,157.0,6.63,25.9571
5211993978,0,0.0,0.0,0.0,355.0,353.0,6.63,26.301
5211993978,1,0.0,0.0,0.0,180.0,259.0,6.63,25.1111
5211993978,0,0.0,0.0,0.0,821.0,743.0,6.62,25.8426
5211993978,1,0.0,0.0,0.0,1323.0,530.0,6.62,25.1086
5211993978,1,0.0,0.0,0.0,1922.0,92.0,6.68,25.8556
5211993978,0,0.0,0.0,0.0,1280.0,933.0,6.63,26.3885
5211993978,0,0.0,0.0,0.0,1199.0,1620.0,6.71,25.2417
5211993978,1,0.0,0.0,0.0,996.0,971.0,6.62,25.9211
5211993978,0,0.0,0.0,0.0,1821.0,2041.0,6.62,25.3082
5211993978,1,0.0,0.0,0.0,1827.0,959.0,6.08,24.0405
5211993978,0,0.0,0.0,0.0,1686.0,830.0,6.08,26.9073
5211993978,1,0.0,0.0,0.0,936.0,814.0,6.71,26.116
5211993978,0,0.0,0.0,0.0,1924.0,96.0,6.68,24.269
5211993978,1,0.0,0.0,0.0,367.0,1376.0,6.63,26.1482
5211993978,1,0.0,0.0,0.0,1423.0,1125.0,6.63,28.5311
5211993978,0,0.0,0.0,0.0,62.0,552.0,6.63,25.8903
5211993978,1,0.0,0.0,0.0,1122.0,141.0,6.63,26.5579
5211993978,0,0.0,0.0,0.0,133.0,710.0,6.63,25.4731
5383839953,1,0.0,0.0,0.0,1916.0,710.0,48.03,26.5152
5383839953,0,0.0,0.0,0.0,1045.0,1212.0,48.03,26.6739
5383839953,0,0.0,0.0,0.0,229.0,208.0,48.03,26.161
5383839953,1,0.0,0.0,0.0,1090.0,1533.0,48.03,27.4991
5383839953,1,0.0,0.0,0.0,1721.0,1830.0,48.03,27.121
5383839953,0,0.0,0.0,0.0,770.0,1333.0,48.03,27.7366
5383839953,1,0.0,0.0,0.0,1481.0,1483.0,48.05,24.8898
5383839953,0,0.0,0.0,0.0,127.0,1430.0,48.05,29.3201
5383839953,0,0.0,0.0,0.0,121.0,566.0,48.05,27.5756
5383839953,1,0.0,0.0,0.0,82.0,454.0,48.05,26.5068
5383839953,1,0.0,0.0,0.0,72.0,1100.0,48.07,27.7443
5383839953,0,0.0,0.0,0.0,1980.0,2091.0,48.07,25.9311
5383839953,1,0.0,0.0,0.0,1.0,39.0,48.04,25.3635
5383839953,0,0.0,0.0,0.0,330.0,276.0,48.04,25.5079
5383839953,0,0.0,0.0,0.0,323.0,1045.0,48.04,26.273
5383839953,1,0.0,0.0,0.0,2123.0,1554.0,48.04,25.7679
5601711300,1,0.0,0.0,0.0,647.0,295.0,19.9,25.4552
5601711300,1,0.0,0.0,0.0,12.0,70.0,19.87,25.9958
5601711300,1,0.0,0.0,0.0,1896.0,103.0,19.88,25.0819
5601711300,0,0.0,0.0,0.0,990.0,1204.0,19.92,25.3822
5601711300,1,0.0,0.0,0.0,1664.0,522.0,19.88,25.2659
5601711300,0,0.0,0.0,0.0,516.0,1991.0,19.88,25.9708
5601711300,0,0.0,0.0,0.0,1834.0,1869.0,19.88,25.5514
5601711300,0,0.0,0.0,0.0,77.0,1093.0,19.9,25.0149
5601711300,1,0.0,0.0,0.0,1191.0,1059.0,19.89,24.473
5601711300,0,0.0,0.0,0.0,418.0,1668.0,19.89,24.7299
5601711300,1,0.0,0.0,0.0,387.0,1160.0,19.92,25.1359
5601711300,0,0.0,0.0,0.0,617.0,514.0,19.87,26.6042
5601711300,1,0.0,0.0,0.0,262.0,1100.0,19.89,26.0185
5601711300,0,0.0,0.0,0.0,400.0,1156.0,19.89,24.369
5601711300,0,0.0,0.0,0.0,1868.0,547.0,19.88,25.167
5601711300,1,0.0,0.0,0.0,1055.0,1207.0,19.88,26.0144
5807525084,1,0.0,0.0,0.0,31.0,799.0,37.94,24.8231
5807525084,0,0.0,0.0,0.0,754.0,1609.0,37.94,25.1168
5807525084,1,0.0,0.0,0.0,1093.0,705.0,37.94,24.6039
5807525084,0,0.0,0.0,0.0,727.0,1438.0,37.94,28.4539
5807525084,0,0.0,0.0,0.0,328.0,1166.0,37.93,25.7761
5807525084,1,0.0,0.0,0.0,2141.0,1676.0,37.93,25.8849
5807525084,1,0.0,0.0,0.0,623.0,1500.0,37.97,25.785
5807525084,0,0.0,0.0,0.0,429.0,2030.0,37.97,26.9352
5807525084,1,0.0,0.0,0.0,85.0,1339.0,37.94,26.7877
5807525084,0,0.0,0.0,0.0,1749.0,195.0,37.97,25.5801
5807525084,1,0.0,0.0,0.0,1735.0,1067.0,37.97,27.1268
5807525084,1,0.0,0.0,0.0,513.0,587.0,37.92,25.5468
5807525084,0,0.0,0.0,0.0,1628.0,219.0,37.94,25.7232
5807525084,0,0.0,0.0,0.0,1631.0,889.0,37.92,25.7864
5807525084,1,0.0,0.0,0.0,1928.0,473.0,37.98,26.4847
5807525084,0,0.0,0.0,0.0,2003.0,1404.0,37.98,26.8002
5843948667,0,0.0,0.0,0.0,52.0,982.0,60.49,27.3811
5843948667,1,0.0,0.0,0.0,1970.0,1530.0,60.49,26.9103
5843948667,0,0.0,0.0,0.0,1327.0,279.0,60.5,29.2782
5843948667,0,0.0,0.0,0.0,1161.0,16.0,60.5,26.1352
5843948667,1,0.0,0.0,0.0,1012.0,885.0,60.5,25.1633
5843948667,1,0.0,0.0,0.0,1208.0,121.0,60.48,26.4375
5843948667,0,0.0,0.0,0.0,228.0,1215.0,60.48,27.4785
5843948667,1,0.0,0.0,0.0,1622.0,1734.0,60.5,26.6069
5843948667,1,0.0,0.0,0.0,86.0,1483.0,60.48,25.9309
5843948667,0,0.0,0.0,0.0,549.0,244.0,60.48,26.0867
5843948667,0,0.0,0.0,0.0,1857.0,1051.0,60.5,25.9981
5843948667,0,0.0,0.0,0.0,1852.0,1201.0,60.48,26.5
5843948667,1,0.0,0.0,0.0,1920.0,1284.0,60.5,27.9974
5843948667,1,0.0,0.0,0.0,1490.0,2119.0,60.48,27.9084
5843948667,1,0.0,0.0,0.0,1858.0,1764.0,60.49,25.2717
5843948667,0,0.0,0.0,0.0,323.0,1071.0,60.49,25.4339
5866724129,1,0.0,1.0,0.0,394.0,344.0,160.11,40.7258
5866724129,0,0.0,1.0,0.0,346.0,339.0,160.11,41.1719
5866724129,0,0.0,1.0,0.0,340.0,338.0,162.77,40.8748
5866724129,1,0.0,1.0,0.0,307.0,329.0,162.77,40.3507
5866724129,1,0.0,1.0,0.0,379.0,343.0,160.1,39.6782
5866724129,0,0.0,1.0,0.0,486.0,356.0,160.11,40.3156
5866724129,1,0.0,1.0,0.0,490.0,357.0,160.15,39.8195
5866724129,0,0.0,0.0,0.0,499.0,357.0,160.15,39.0335
5866724129,0,0.0,0.0,0.0,393.0,345.0,160.12,38.984
5866724129,0,0.0,1.0,0.0,414.0,348.0,160.1,39.2369
5866724129,1,0.0,1.0,0.0,348.0,339.0,160.12,40.2158
5866724129,1,0.0,1.0,0.0,489.0,356.0,160.11,40.4692
5866724129,1,0.0,1.0,0.0,464.0,354.0,162.79,39.6587
5866724129,0,0.0,1.0,0.0,482.0,356.0,162.79,39.6454
5866724129,1,0.0,1.0,0.0,290.0,333.0,160.11,39.1605
5866724129,0,0.0,1.0,0.0,355.0,339.0,160.11,40.1435
5897767961,1,4.0,43.0,4.0,352.0,262.0,744.85,48.8298
5897767961,0,4.0,43.0,5.0,326.0,229.0,744.86,50.8644
5897767961,1,4.0,43.0,4.0,339.0,258.0,744.87,51.4007
5897767961,0,4.0,43.0,5.0,355.0,234.0,744.85,50.683
5897767961,0,5.0,43.0,5.0,336.0,235.0,744.87,51.5542
5897767961,1,4.0,43.0,4.0,362.0,265.0,744.87,47.8575
5897767961,1,4.0,43.0,5.0,344.0,261.0,744.85,53.2557
5897767961,0,4.0,43.0,5.0,323.0,228.0,744.86,51.5418
5897767961,1,4.0,43.0,5.0,346.0,262.0,744.86,54.1292
5897767961,0,4.0,43.0,5.0,333.0,232.0,744.85,51.138
5897767961,1,4.0,43.0,4.0,340.0,257.0,744.85,51.0013
5897767961,0,4.0,43.0,5.0,340.0,234.0,744.85,53.6934
5897767961,1,4.0,43.0,4.0,340.0,257.0,744.87,49.813
5897767961,0,4.0,43.0,4.0,331.0,234.0,744.87,50.2711
5897767961,1,4.0,43.0,5.0,332.0,254.0,744.86,54.3088
5897767961,0,4.0,43.0,5.0,351.0,235.0,744.87,49.0122
6046672648,0,2.0,7.0,2.0,725.0,690.0,691214.0,46.0228
6046672648,1,2.0,7.0,2.0,1447.0,1439.0,691214.0,45.8058
6046672648,1,2.0,7.0,2.0,1342.0,1421.0,691214.0,43.9555
6046672648,0,2.0,7.0,2.0,1428.0,1417.0,691214.0,43.8093
6046672648,0,2.0,7.0,2.0,1387.0,1436.0,691214.0,43.6599
6046672648,1,2.0,7.0,2.0,1332.0,1420.0,691214.0,40.6556
6046672648,1,2.0,7.0,2.0,1357.0,1434.0,691214.0,44.8106
6046672648,0,2.0,7.0,2.0,1406.0,1425.0,691214.0,44.2258
6046672648,1,2.0,7.0,2.0,727.0,705.0,691212.0,46.244
6046672648,0,2.0,7.0,2.0,1368.0,1439.0,691212.0,45.8495
6046672648,1,2.0,7.0,2.0,1369.0,1423.0,691214.0,43.0847
6046672648,0,2.0,7.0,2.0,1341.0,1422.0,691214.0,44.7263
6046672648,0,2.0,7.0,2.0,1427.0,1452.0,691214.0,46.8762
6046672648,1,2.0,7.0,2.0,1385.0,1440.0,691214.0,45.0939
6046672648,1,2.0,7.0,2.0,1436.0,1444.0,691214.0,42.8704
6046672648,0,2.0,7.0,2.0,1373.0,1419.0,691214.0,44.3242
6307777791,1,10.0,20.0,10.0,1169.0,1064.0,173.28,63.0423
6307777791,0,10.0,20.0,10.0,1227.0,1060.0,173.29,62.1654
6307777791,0,10.0,20.0,11.0,1175.0,1072.0,173.28,64.9271
6307777791,1,10.0,20.0,10.0,1243.0,1078.0,173.28,63.9878
6307777791,1,10.0,19.0,10.0,1145.0,1062.0,173.29,64.0069
6307777791,0,10.0,20.0,10.0,1146.0,1065.0,173.28,65.7911
6307777791,1,10.0,20.0,11.0,1141.0,1069.0,173.29,59.0197
6307777791,0,10.0,19.0,10.0,1198.0,1084.0,173.29,64.4214
6307777791,0,10.0,20.0,10.0,1166.0,1078.0,173.29,64.858
6307777791,1,10.0,19.0,10.0,1172.0,1081.0,173.29,67.6159
6307777791,1,10.0,20.0,10.0,1158.0,1070.0,173.26,66.4546
6307777791,0,10.0,20.0,10.0,1209.0,1064.0,173.26,63.029
6307777791,0,10.0,19.0,10.0,1227.0,1088.0,173.26,69.6338
6307777791,1,10.0,20.0,10.0,1180.0,1075.0,173.26,63.7932
6307777791,0,10.0,20.0,10.0,1165.0,1055.0,173.27,62.0704
6307777791,1,10.0,20.0,11.0,1229.0,1079.0,173.27,62.5005
6326027642,0,8.0,48.0,9.0,954.0,997.0,18729.9,77.8596
6326027642,1,8.0,48.0,9.0,875.0,1386.0,18729.9,72.0658
6326027642,1,8.0,48.0,9.0,1454.0,497.0,18731.5,71.2849
6326027642,0,8.0,48.0,9.0,1385.0,650.0,18731.5,76.72
6326027642,0,8.0,48.0,9.0,1353.0,1395.0,18729.9,78.0685
6326027642,1,8.0,48.0,8.0,797.0,794.0,18729.9,72.7372
6326027642,0,8.0,47.0,8.0,643.0,502.0,18729.9,70.666
6326027642,1,8.0,48.0,8.0,727.0,1597.0,18729.9,70.5888
6326027642,1,8.0,48.0,8.0,1368.0,1050.0,18729.9,74.6783
6326027642,0,8.0,48.0,9.0,1455.0,657.0,18729.9,76.3604
6326027642,0,8.0,48.0,8.0,622.0,462.0,18729.9,73.3455
6326027642,1,8.0,48.0,9.0,1020.0,676.0,18731.5,73.0956
6326027642,0,8.0,48.0,9.0,1006.0,581.0,18731.5,72.122
6326027642,1,8.0,48.0,8.0,654.0,847.0,18729.9,72.4049
6326027642,0,8.0,48.0,8.0,634.0,1015.0,18729.9,76.022
6326027642,1,8.0,47.0,9.0,680.0,1745.0,18729.9,70.3662
6326027642,0,8.0,48.0,9.0,1309.0,1535.0,18731.5,70.7657
6326027642,0,8.0,48.0,8.0,713.0,1019.0,18730.0,70.3618
6326027642,1,8.0,48.0,9.0,871.0,1058.0,18729.9,69.429
6326027642,1,8.0,48.0,8.0,1179.0,1617.0,18730.0,69.5001
6326027642,1,8.0,47.0,9.0,1227.0,724.0,18729.9,73.9368
6326027642,0,8.0,48.0,8.0,744.0,1527.0,18729.9,68.4288
6326027642,1,8.0,48.0,8.0,1364.0,760.0,18731.6,78.0027
6326027642,0,8.0,41.0,10.0,1173.0,659.0,18730.0,70.1494
6326027642,0,8.0,48.0,9.0,907.0,916.0,18729.9,71.7076
6326027642,1,8.0,48.0,9.0,1171.0,1018.0,18729.9,72.2534
6326027642,1,8.0,48.0,9.0,784.0,1607.0,18730.0,70.5506
6326027642,0,8.0,48.0,9.0,730.0,1155.0,18730.0,74.8423
6326027642,1,8.0,48.0,8.0,1030.0,1411.0,18729.9,72.7147
6326027642,0,8.0,47.0,8.0,868.0,1383.0,18729.9,75.8013
6326027642,1,8.0,48.0,9.0,748.0,1171.0,18729.9,71.9177
6326027642,0,8.0,48.0,8.0,930.0,1625.0,18729.9,72.9311
6326027642,0,8.0,48.0,9.0,940.0,1563.0,18731.6,76.8417
6326027642,1,8.0,48.0,9.0,1215.0,1385.0,18729.9,73.1031
6326027642,0,8.0,48.0,9.0,1329.0,890.0,18731.6,69.445
6326027642,1,8.0,44.0,9.0,1056.0,1162.0,18730.0,73.5095
6326027642,0,8.0,48.0,9.0,847.0,1066.0,18729.9,70.6032
6326027642,0,8.0,48.0,9.0,953.0,1390.0,18729.9,73.0104
6326027642,1,8.0,48.0,9.0,853.0,685.0,18729.9,69.9685
6326027642,0,8.0,48.0,8.0,947.0,1537.0,18729.9,72.3859
6326027642,1,8.0,48.0,9.0,1043.0,1726.0,18731.6,74.9046
6326027642,0,8.0,48.0,9.0,670.0,750.0,18729.9,74.865
6326027642,1,8.0,48.0,9.0,692.0,1009.0,18729.9,68.8285
6326027642,0,8.0,48.0,9.0,1269.0,1522.0,18729.9,68.9701
6326027642,1,8.0,48.0,8.0,1434.0,1446.0,18731.6,69.5029
6326027642,0,8.0,48.0,8.0,1170.0,1015.0,18731.6,66.8502
6326027642,1,8.0,47.0,9.0,1301.0,1611.0,18729.9,72.0588
6326027642,0,8.0,48.0,9.0,1056.0,839.0,18731.6,73.8612
6326027642,0,8.0,48.0,8.0,726.0,902.0,18729.9,71.4167
6326027642,1,8.0,48.0,8.0,1217.0,425.0,18729.9,71.0597
6326027642,1,8.0,48.0,9.0,1027.0,1458.0,18731.5,71.7222
6326027642,1,8.0,48.0,8.0,1158.0,1102.0,18731.5,71.4152
6326027642,0,8.0,48.0,9.0,1125.0,594.0,18731.5,68.7074
6326027642,1,8.0,48.0,9.0,1069.0,511.0,18731.6,71.536
6326027642,0,8.0,48.0,9.0,997.0,1357.0,18731.6,72.7999
6326027642,0,8.0,48.0,9.0,1121.0,888.0,18731.6,71.8339
6326027642,0,8.0,48.0,8.0,688.0,1609.0,18729.9,74.3199
6326027642,1,8.0,46.0,8.0,1148.0,1064.0,18729.9,75.6283
6326027642,1,8.0,48.0,9.0,1282.0,1732.0,18729.9,69.3676
6326027642,0,8.0,48.0,9.0,821.0,725.0,18729.9,70.949
6326027642,0,8.0,48.0,9.0,1330.0,1191.0,18731.5,69.5465
6326027642,1,8.0,48.0,8.0,622.0,1064.0,18731.5,73.7424
6326027642,1,8.0,48.0,9.0,1208.0,925.0,18731.6,71.0638
6326027642,1,8.0,48.0,9.0,1246.0,996.0,18731.6,70.9074
6924096387,0,0.0,0.0,0.0,124.0,1108.0,80.61,26.4247
6924096387,1,0.0,0.0,0.0,1949.0,1582.0,80.61,27.216
6924096387,1,0.0,0.0,0.0,1398.0,1192.0,80.64,25.6275
6924096387,0,0.0,0.0,0.0,252.0,755.0,80.64,26.6537
6924096387,1,0.0,0.0,0.0,2106.0,1690.0,80.61,25.5253
6924096387,1,0.0,0.0,0.0,757.0,2010.0,80.62,25.1363
6924096387,1,0.0,0.0,0.0,619.0,1379.0,80.59,26.8838
6924096387,0,0.0,0.0,0.0,392.0,1552.0,80.59,25.3772
6924096387,0,0.0,0.0,0.0,1721.0,447.0,80.62,25.6776
6924096387,0,0.0,0.0,0.0,1999.0,2090.0,80.61,24.4114
6924096387,0,0.0,0.0,0.0,465.0,1474.0,80.6,24.3996
6924096387,0,0.0,0.0,0.0,1912.0,1442.0,80.61,25.2866
6924096387,0,0.0,0.0,0.0,487.0,502.0,80.6,25.7384
6924096387,1,0.0,0.0,0.0,986.0,526.0,80.6,24.9478
6924096387,1,0.0,0.0,0.0,539.0,822.0,80.61,26.1909
6924096387,1,0.0,0.0,0.0,1070.0,296.0,80.6,25.3591
7032754573,1,0.0,0.0,0.0,31.0,92.0,179.23,29.2938
7032754573,0,0.0,0.0,0.0,30.0,91.0,179.23,30.3874
7032754573,0,0.0,0.0,0.0,35.0,96.0,179.2,32.47
7032754573,1,0.0,0.0,0.0,45.0,105.0,179.2,32.3041
7032754573,0,0.0,0.0,0.0,815.0,2103.0,179.21,31.0451
7032754573,1,0.0,0.0,0.0,35.0,96.0,179.2,27.7121
7032754573,1,0.0,0.0,0.0,1640.0,315.0,179.21,28.4324
7032754573,0,0.0,0.0,0.0,38.0,99.0,179.21,30.0506
7032754573,0,0.0,0.0,0.0,28.0,88.0,179.2,27.872
7032754573,1,0.0,0.0,0.0,31.0,92.0,179.2,30.0763
7032754573,0,0.0,0.0,0.0,39.0,100.0,179.19,32.2964
7032754573,1,0.0,0.0,0.0,35.0,95.0,179.22,27.1977
7032754573,0,0.0,0.0,0.0,30.0,90.0,179.2,33.4196
7032754573,1,0.0,0.0,0.0,23.0,84.0,179.2,33.354
7032754573,0,0.0,0.0,0.0,34.0,95.0,179.22,30.9713
7032754573,0,0.0,0.0,0.0,23.0,84.0,179.2,32.2787
7032754573,1,0.0,0.0,0.0,1598.0,1367.0,179.2,31.6765
7032754573,1,0.0,0.0,0.0,32.0,93.0,179.21,26.5139
7032754573,0,0.0,0.0,0.0,42.0,102.0,179.22,33.2378
7032754573,0,0.0,0.0,0.0,573.0,517.0,179.22,32.702
7032754573,1,0.0,0.0,0.0,27.0,88.0,179.19,32.4759
7032754573,1,0.0,0.0,0.0,544.0,478.0,179.22,34.0027
7032754573,0,0.0,0.0,0.0,550.0,486.0,179.21,30.1358
7032754573,1,0.0,0.0,0.0,589.0,540.0,179.21,26.98
7032754573,1,0.0,0.0,0.0,26.0,1249.0,179.21,31.9778
7032754573,1,0.0,0.0,0.0,41.0,101.0,179.22,30.8957
7032754573,0,0.0,0.0,0.0,42.0,102.0,179.26,32.9063
7032754573,0,0.0,0.0,0.0,1463.0,1222.0,179.21,32.6542
7032754573,0,0.0,0.0,0.0,885.0,838.0,179.2,32.1124
7032754573,1,0.0,0.0,0.0,29.0,90.0,179.26,32.3476
7032754573,0,0.0,0.0,0.0,552.0,490.0,179.2,29.5608
7032754573,1,0.0,0.0,0.0,550.0,488.0,179.2,28.6054
7856390014,0,0.0,0.0,0.0,1496.0,337.0,383.95,25.6435
7856390014,1,0.0,0.0,0.0,677.0,228.0,383.95,24.8696
7856390014,0,0.0,0.0,0.0,2127.0,273.0,383.98,24.2838
7856390014,1,0.0,0.0,0.0,193.0,840.0,383.98,25.0888
7856390014,0,0.0,0.0,0.0,1317.0,43.0,383.95,26.355
7856390014,1,0.0,0.0,0.0,2082.0,786.0,383.95,26.11
7856390014,1,0.0,0.0,0.0,637.0,1058.0,383.94,25.0328
7856390014,0,0.0,0.0,0.0,1493.0,1203.0,383.95,25.3514
7856390014,1,0.0,0.0,0.0,1467.0,945.0,383.93,24.8196
7856390014,0,0.0,0.0,0.0,895.0,463.0,383.93,25.473
7856390014,0,0.0,0.0,0.0,644.0,1063.0,383.94,26.1182
7856390014,1,0.0,0.0,0.0,490.0,1334.0,383.95,26.8741
7856390014,1,0.0,0.0,0.0,1229.0,653.0,383.95,24.9535
7856390014,0,0.0,0.0,0.0,882.0,1111.0,383.95,27.2303
7856390014,0,0.0,0.0,0.0,902.0,1416.0,383.96,26.3767
7856390014,1,0.0,0.0,0.0,1012.0,1764.0,383.96,27.3485
8041521482,0,23.0,98.0,24.0,1107.0,1122.0,4053.58,98.2257
8041521482,1,23.0,96.0,23.0,1076.0,1069.0,4054.59,98.9179
8041521482,0,23.0,98.0,24.0,1105.0,1081.0,4053.58,101.869
8041521482,1,23.0,98.0,23.0,1119.0,1075.0,4053.6,97.6688
8041521482,1,23.0,98.0,23.0,1075.0,1074.0,4053.59,94.9604
8041521482,0,23.0,98.0,24.0,1073.0,1103.0,4053.59,97.6936
8041521482,0,23.0,98.0,24.0,1091.0,1085.0,4054.59,98.6976
8041521482,1,23.0,98.0,23.0,1063.0,1067.0,4053.58,99.3676
8041521482,1,23.0,98.0,23.0,1077.0,1057.0,4053.6,100.794
8041521482,1,23.0,98.0,23.0,1089.0,1080.0,4053.59,99.4397
8041521482,0,23.0,98.0,24.0,1038.0,1081.0,4053.59,100.827
8041521482,1,23.0,98.0,23.0,1080.0,1086.0,4053.59,101.354
8041521482,0,23.0,98.0,24.0,1094.0,1061.0,4053.6,97.8404
8041521482,1,23.0,98.0,23.0,1036.0,1071.0,4053.58,100.564
8041521482,0,24.0,98.0,24.0,1104.0,1086.0,4053.59,100.818
8041521482,0,23.0,98.0,24.0,1037.0,1073.0,4053.6,102.621
8081981527,0,7.0,10.0,8.0,1901.0,745.0,233.01,60.468
8081981527,1,7.0,10.0,7.0,185.0,742.0,233.01,58.8249
8081981527,0,7.0,10.0,9.0,1779.0,2128.0,231.0,59.5102
8081981527,1,7.0,10.0,6.0,372.0,1746.0,233.0,56.8224
8081981527,0,7.0,10.0,7.0,2050.0,117.0,233.0,61.996
8081981527,1,7.0,10.0,10.0,1283.0,1425.0,232.99,53.0691
8081981527,1,7.0,10.0,8.0,1726.0,49.0,233.01,63.5451
8081981527,0,7.0,10.0,10.0,497.0,717.0,233.01,62.7145
8081981527,0,7.0,10.0,7.0,1145.0,463.0,233.0,56.4355
8081981527,1,7.0,10.0,6.0,1622.0,379.0,233.0,61.6122
8081981527,0,7.0,10.0,6.0,2082.0,284.0,233.01,55.6613
8081981527,1,7.0,10.0,6.0,355.0,281.0,233.01,61.6001
8081981527,1,7.0,10.0,8.0,686.0,133.0,231.0,55.4261
8081981527,0,7.0,10.0,8.0,566.0,1314.0,232.99,60.1226
8081981527,1,7.0,10.0,7.0,163.0,1213.0,232.99,54.6661
8081981527,0,7.0,10.0,7.0,338.0,278.0,232.99,58.0008
8346179273,1,0.0,0.0,0.0,7.0,0.0,0.3,0.0
8346179273,1,0.0,0.0,0.0,0.0,21.0,0.28,27.591
8346179273,0,0.0,0.0,0.0,7.0,21.0,0.29,26.959
8346179273,0,0.0,0.0,0.0,0.0,0.0,0.3,0.0
8346179273,1,0.0,0.0,0.0,5.0,0.0,0.3,0.0
8346179273,0,0.0,0.0,0.0,0.0,0.0,0.3,0.0
8346179273,0,0.0,0.0,0.0,8.0,22.0,1.94,25.325
8346179273,1,0.0,0.0,0.0,9.0,23.0,1.94,25.0875
8346179273,0,0.0,0.0,0.0,0.0,0.0,0.3,0.0
8346179273,0,0.0,0.0,0.0,0.0,0.0,0.29,0.0
8346179273,0,0.0,0.0,0.0,0.0,0.0,0.29,0.0
8346179273,1,0.0,0.0,0.0,8.0,0.0,0.31,0.0
8346179273,1,0.0,0.0,0.0,10.0,24.0,0.3,25.89
8346179273,1,0.0,0.0,0.0,9.0,0.0,0.3,0.0
8346179273,1,0.0,0.0,0.0,9.0,0.0,0.29,0.0
8346179273,1,0.0,0.0,0.0,0.0,22.0,0.29,26.314
8346179273,1,0.0,0.0,0.0,0.0,23.0,0.32,25.971
8346179273,0,0.0,0.0,0.0,9.0,23.0,0.28,27.016
8346179273,0,0.0,0.0,0.0,0.0,0.0,0.31,0.0
8346179273,0,0.0,0.0,0.0,0.0,22.0,0.32,0.0
8346179273,1,0.0,0.0,0.0,0.0,0.0,0.29,0.0
8346179273,0,0.0,0.0,0.0,4.0,18.0,0.3,27.049
8346179273,1,0.0,0.0,0.0,9.0,0.0,0.31,0.0
8346179273,0,0.0,0.0,0.0,0.0,0.0,0.31,0.0
8346179273,1,0.0,0.0,0.0,9.0,23.0,0.37,24.591
8346179273,1,0.0,0.0,0.0,0.0,22.0,0.3,25.693
8346179273,0,0.0,0.0,0.0,0.0,24.0,0.37,26.719
8346179273,0,0.0,0.0,0.0,0.0,19.0,0.3,27.029
8346179273,1,0.0,0.0,0.0,0.0,0.0,0.31,0.0
8346179273,0,0.0,0.0,0.0,4.0,0.0,0.31,25.359
8346179273,1,0.0,0.0,0.0,5.0,0.0,0.29,0.0
8346179273,0,0.0,0.0,0.0,0.0,0.0,0.29,0.0
8454784186,0,0.0,0.0,0.0,1628.0,219.0,22.58,25.792
8454784186,1,0.0,0.0,0.0,85.0,1339.0,22.58,26.7027
8454784186,0,0.0,0.0,0.0,2003.0,1404.0,22.57,26.7873
8454784186,0,0.0,0.0,0.0,1749.0,195.0,22.57,25.4817
8454784186,1,0.0,0.0,0.0,513.0,587.0,22.57,25.3493
8454784186,1,0.0,0.0,0.0,1928.0,473.0,22.57,26.3352
8454784186,0,0.0,0.0,0.0,754.0,1609.0,22.57,25.0221
8454784186,0,0.0,0.0,0.0,1631.0,889.0,22.57,25.7108
8454784186,1,0.0,0.0,0.0,1093.0,705.0,22.56,24.5259
8454784186,1,0.0,0.0,0.0,31.0,799.0,22.57,24.7511
8454784186,0,0.0,0.0,0.0,429.0,2030.0,22.55,26.7789
8454784186,0,0.0,0.0,0.0,727.0,1438.0,22.56,28.2821
8454784186,1,0.0,0.0,0.0,623.0,1500.0,22.55,25.669
8454784186,0,0.0,0.0,0.0,328.0,1166.0,22.56,25.6952
8454784186,1,0.0,0.0,0.0,2141.0,1676.0,22.56,25.8032
8454784186,1,0.0,0.0,0.0,1735.0,1067.0,22.57,26.971
8631079118,1,2.0,7.0,2.0,615.0,1348.0,229318.0,42.2294
8631079118,1,4.0,12.0,4.0,1205.0,550.0,229318.0,44.2408
8631079118,0,2.0,8.0,2.0,1539.0,396.0,229318.0,40.9031
8631079118,1,8.0,26.0,9.0,1169.0,443.0,229318.0,50.412
8631079118,1,9.0,30.0,10.0,1054.0,714.0,229318.0,49.6536
8631079118,0,5.0,16.0,5.0,1162.0,740.0,229318.0,44.6326
8631079118,1,2.0,9.0,3.0,1336.0,873.0,229318.0,42.9873
8631079118,0,3.0,12.0,4.0,1213.0,479.0,229318.0,43.5592
8631079118,0,3.0,11.0,4.0,1249.0,1625.0,229318.0,43.4572
8631079118,0,3.0,12.0,4.0,844.0,1929.0,229318.0,43.3879
8631079118,1,5.0,16.0,5.0,1009.0,790.0,229318.0,45.1998
8631079118,0,3.0,9.0,2.0,1236.0,2009.0,229318.0,45.1981
8631079118,0,3.0,10.0,3.0,950.0,1091.0,229318.0,42.6473
8631079118,0,5.0,16.0,5.0,1286.0,1905.0,229318.0,49.3955
8631079118,1,5.0,15.0,5.0,1341.0,1853.0,229318.0,49.2723
8631079118,1,6.0,20.0,6.0,1062.0,415.0,229318.0,47.0391
9624670744,0,0.0,0.0,0.0,2071.0,1155.0,407.72,38.6303
9624670744,0,0.0,0.0,0.0,251.0,217.0,407.7,38.0728
9624670744,1,0.0,0.0,0.0,319.0,608.0,407.7,37.6603
9624670744,1,0.0,0.0,0.0,1705.0,1147.0,407.72,37.6593
9624670744,1,65.0,91.0,65.0,1914.0,938.0,407.7,117.069
9624670744,1,0.0,0.0,0.0,61.0,995.0,407.72,36.7531
9624670744,1,0.0,0.0,0.0,1213.0,794.0,407.69,37.6254
9624670744,0,0.0,0.0,0.0,985.0,1609.0,407.7,37.5719
9624670744,0,0.0,0.0,0.0,137.0,1560.0,407.69,37.7765
9624670744,0,0.0,0.0,0.0,1036.0,281.0,407.72,35.7557
9624670744,1,0.0,0.0,0.0,969.0,1802.0,407.71,39.8119
9624670744,0,0.0,0.0,0.0,243.0,873.0,407.72,37.0174
9624670744,1,0.0,0.0,0.0,1585.0,1659.0,407.72,37.5891
9624670744,0,0.0,0.0,0.0,1017.0,734.0,407.71,37.4814
9624670744,1,0.0,0.0,0.0,569.0,558.0,407.72,38.1207
9624670744,0,0.0,0.0,0.0,1709.0,970.0,407.72,37.2864
9967410852,0,0.0,0.0,0.0,29.0,91.0,5.84,26.632
9967410852,1,0.0,0.0,0.0,1634.0,310.0,5.84,25.0608
9967410852,0,0.0,0.0,0.0,809.0,2098.0,5.84,24.571
9967410852,1,0.0,0.0,0.0,38.0,100.0,5.84,26.1463
9967410852,0,0.0,0.0,0.0,544.0,481.0,5.84,27.5862
9967410852,1,0.0,0.0,0.0,583.0,535.0,5.84,25.1602
9967410852,1,0.0,0.0,0.0,544.0,483.0,5.85,24.857
9967410852,0,0.0,0.0,0.0,35.0,97.0,5.84,25.4733
9967410852,0,0.0,0.0,0.0,879.0,833.0,5.84,26.4573
9967410852,1,0.0,0.0,0.0,19.0,1244.0,5.84,28.7768
9967410852,0,0.0,0.0,0.0,1456.0,1216.0,5.84,29.4255
9967410852,1,0.0,0.0,0.0,1592.0,1362.0,5.84,25.506
9967410852,1,0.0,0.0,0.0,23.0,84.0,5.84,25.9175
9967410852,0,0.0,0.0,0.0,566.0,512.0,5.83,24.3637
9967410852,1,0.0,0.0,0.0,538.0,473.0,5.83,27.0023
9967410852,0,0.0,0.0,0.0,546.0,485.0,5.85,24.826
10328781637,1,0.0,3.0,0.0,322.0,1945.0,95.61,38.334
10328781637,1,0.0,3.0,0.0,2116.0,303.0,95.63,36.3781
10328781637,0,0.0,2.0,0.0,2014.0,622.0,95.59,38.8065
10328781637,1,0.0,4.0,0.0,1157.0,2112.0,95.62,38.9211
10328781637,0,0.0,3.0,0.0,63.0,2081.0,95.6,36.9673
10328781637,1,0.0,3.0,0.0,558.0,1693.0,95.6,38.4382
10328781637,0,0.0,3.0,0.0,1974.0,1362.0,95.62,39.1564
10328781637,0,0.0,3.0,0.0,1353.0,647.0,95.61,40.0636
10328781637,0,0.0,3.0,0.0,1599.0,1377.0,95.63,36.0031
10328781637,1,0.0,3.0,0.0,644.0,453.0,95.61,35.5045
10328781637,0,0.0,2.0,0.0,279.0,415.0,95.62,39.138
10328781637,0,0.0,3.0,0.0,1067.0,1082.0,95.61,39.4941
10328781637,1,0.0,2.0,0.0,82.0,1622.0,95.62,38.1404
10328781637,0,0.0,2.0,0.0,1569.0,344.0,95.61,36.5303
10328781637,1,0.0,3.0,0.0,370.0,1766.0,95.59,34.6588
10328781637,1,0.0,3.0,0.0,1203.0,841.0,95.61,36.4971
10368923996,1,2.0,4.0,4.0,1245.0,1085.0,100.98,44.0676
10368923996,0,2.0,4.0,1.0,1173.0,1070.0,100.98,41.0618
10368923996,1,2.0,4.0,2.0,1178.0,1086.0,100.98,42.9353
10368923996,1,2.0,4.0,2.0,1205.0,1064.0,100.96,44.7232
10368923996,1,2.0,4.0,3.0,1263.0,1085.0,100.96,44.8278
10368923996,0,2.0,4.0,2.0,1134.0,1067.0,100.96,42.8173
10368923996,0,2.0,4.0,3.0,1170.0,1058.0,100.96,43.6627
10368923996,0,2.0,4.0,3.0,1187.0,1075.0,100.99,42.4528
10368923996,0,2.0,4.0,2.0,1174.0,1076.0,100.97,42.955
10368923996,1,2.0,4.0,2.0,1212.0,1087.0,100.97,42.6556
10368923996,0,2.0,4.0,2.0,1163.0,1041.0,100.97,41.6812
10368923996,1,2.0,4.0,2.0,1158.0,1093.0,100.97,43.9072
10368923996,1,2.0,4.0,2.0,1168.0,1063.0,100.99,43.0582
10368923996,0,2.0,4.0,2.0,1143.0,1041.0,100.96,43.2058
10368923996,0,2.0,4.0,2.0,1214.0,1069.0,100.98,43.0879
10368923996,1,2.0,4.0,2.0,1178.0,1064.0,100.96,42.763
10484529617,0,0.0,0.0,0.0,28.0,1681.0,1276.71,34.0212
10484529617,1,0.0,0.0,0.0,1003.0,1553.0,1276.71,31.6634
10484529617,0,0.0,0.0,0.0,912.0,347.0,1273.71,35.025
10484529617,1,0.0,0.0,0.0,1727.0,597.0,1273.71,33.111
10484529617,1,0.0,0.0,0.0,1766.0,685.0,1273.83,23.9917
10484529617,0,0.0,0.0,0.0,1964.0,1765.0,1273.83,25.8697
10484529617,1,0.0,0.0,0.0,1742.0,1051.0,1273.71,42.5022
10484529617,0,0.0,0.0,0.0,808.0,16.0,1273.71,33.447
10484529617,0,0.0,0.0,0.0,1269.0,1477.0,1277.76,32.6288
10484529617,1,0.0,0.0,0.0,1714.0,195.0,1277.76,26.6334
10484529617,1,0.0,0.0,0.0,2086.0,938.0,1275.71,33.1115
10484529617,0,0.0,0.0,0.0,1217.0,424.0,1275.71,33.6178
10484529617,1,0.0,0.0,0.0,646.0,1039.0,1277.7,34.2609
10484529617,0,0.0,0.0,0.0,506.0,670.0,1277.7,34.0072
10484529617,1,0.0,0.0,0.0,691.0,1002.0,1275.75,32.7463
10484529617,0,0.0,0.0,0.0,766.0,1043.0,1275.75,33.2875
10498255833,0,0.0,0.0,0.0,662.0,1059.0,483.15,31.409
10498255833,1,0.0,0.0,0.0,166.0,1580.0,483.14,32.5772
10498255833,1,0.0,0.0,0.0,2043.0,1568.0,483.12,29.3605
10498255833,0,0.0,0.0,0.0,182.0,802.0,483.14,31.7971
10498255833,1,0.0,0.0,0.0,1132.0,2105.0,483.13,31.2968
10498255833,1,0.0,0.0,0.0,1745.0,1217.0,483.14,30.6833
10498255833,1,0.0,0.0,0.0,1181.0,1144.0,483.13,30.7297
10498255833,0,0.0,0.0,0.0,1639.0,430.0,483.12,33.2211
10498255833,0,0.0,0.0,0.0,1125.0,66.0,483.17,28.8676
10498255833,1,0.0,0.0,0.0,1798.0,678.0,483.12,26.9867
10498255833,1,0.0,0.0,0.0,2062.0,344.0,483.17,33.2598
10498255833,0,0.0,0.0,0.0,1082.0,342.0,483.13,30.8901
10498255833,1,0.0,0.0,0.0,316.0,1390.0,483.15,27.4645
10498255833,0,0.0,0.0,0.0,73.0,161.0,483.12,31.5619
10498255833,0,0.0,0.0,0.0,836.0,689.0,483.13,32.6643
10498255833,0,0.0,0.0,0.0,782.0,1199.0,483.14,29.7731
10846279254,0,1.0,4.0,1.0,789.0,408.0,5396.17,32.2857
10846279254,0,1.0,4.0,1.0,1207.0,1529.0,5396.16,31.801
10846279254,1,1.0,3.0,2.0,815.0,1432.0,5396.16,34.1821
10846279254,0,1.0,3.0,2.0,772.0,1718.0,5396.19,32.705
10846279254,1,1.0,3.0,2.0,698.0,1790.0,5396.17,33.0398
10846279254,0,0.0,2.0,1.0,754.0,173.0,5396.17,30.9095
10846279254,0,0.0,2.0,2.0,1318.0,538.0,5396.16,34.3118
10846279254,1,0.0,2.0,2.0,1155.0,964.0,5396.16,31.7956
10846279254,0,0.0,1.0,1.0,1401.0,1356.0,5396.17,30.133
10846279254,1,1.0,5.0,3.0,888.0,1229.0,5396.19,36.2427
10846279254,1,0.0,1.0,1.0,422.0,1517.0,5396.17,29.8282
10846279254,1,0.0,2.0,2.0,1347.0,1150.0,5396.17,32.6583
10846279254,0,0.0,2.0,2.0,1038.0,151.0,5396.16,32.6563
10846279254,0,0.0,2.0,1.0,1041.0,163.0,5396.17,35.4308
10846279254,1,0.0,1.0,1.0,725.0,2031.0,5396.18,29.4115
10846279254,1,1.0,5.0,2.0,1411.0,1697.0,5396.16,36.5994
10846279254,1,1.0,3.0,2.0,863.0,490.0,5396.21,34.2954
10846279254,1,1.0,4.0,2.0,865.0,1331.0,5396.17,32.807
10846279254,1,1.0,5.0,2.0,1357.0,1503.0,5396.16,34.4527
10846279254,1,0.0,2.0,1.0,538.0,1089.0,5396.18,31.8089
10846279254,0,0.0,1.0,1.0,1161.0,251.0,5396.17,31.6687
10846279254,1,1.0,3.0,2.0,1089.0,544.0,5396.17,33.0353
10846279254,0,0.0,2.0,1.0,891.0,569.0,5396.17,31.5671
10846279254,0,1.0,4.0,2.0,624.0,437.0,5396.16,33.069
10846279254,0,0.0,2.0,1.0,773.0,835.0,5396.18,31.1046
10846279254,1,0.0,2.0,2.0,1257.0,1794.0,5396.17,34.0547
10846279254,1,0.0,3.0,2.0,1194.0,1220.0,5396.21,32.1323
10846279254,0,0.0,1.0,1.0,950.0,1352.0,5396.21,29.6388
10846279254,1,1.0,4.0,2.0,1266.0,363.0,5396.16,33.4146
10846279254,0,0.0,2.0,1.0,694.0,829.0,5396.16,31.9435
10846279254,0,1.0,3.0,1.0,1312.0,1004.0,5396.21,31.8119
10846279254,0,0.0,1.0,1.0,615.0,1343.0,5396.18,29.9972
10936882901,0,0.0,0.0,0.0,1359.0,1443.0,66.34,30.4996
10936882901,1,0.0,0.0,0.0,210.0,2008.0,69.99,27.5796
10936882901,0,0.0,0.0,0.0,248.0,1437.0,69.99,27.583
10936882901,0,0.0,0.0,0.0,1630.0,1770.0,66.33,29.6751
10936882901,0,0.0,0.0,0.0,933.0,1065.0,69.98,46.959
10936882901,1,0.0,0.0,0.0,292.0,1466.0,69.98,25.3214
10936882901,0,0.0,0.0,0.0,887.0,72.0,66.33,31.3244
10936882901,1,0.0,0.0,0.0,552.0,1346.0,66.34,26.8983
10936882901,1,0.0,0.0,0.0,1169.0,818.0,66.33,28.7427
10936882901,0,0.0,0.0,0.0,2006.0,1904.0,70.0,28.3612
10936882901,1,0.0,0.0,0.0,1869.0,54.0,70.0,26.7694
10936882901,0,0.0,0.0,0.0,1285.0,1047.0,70.0,25.7204
10936882901,0,0.0,0.0,0.0,1152.0,910.0,70.0,26.7959
10936882901,1,0.0,0.0,0.0,1075.0,1258.0,70.02,25.7889
10936882901,0,0.0,0.0,0.0,1389.0,1601.0,66.32,29.9372
10936882901,1,0.0,0.0,0.0,1993.0,1362.0,66.32,27.5809
10936882901,0,0.0,0.0,0.0,1786.0,1353.0,70.02,27.8958
10936882901,0,0.0,0.0,0.0,1293.0,1534.0,69.99,31.2607
10936882901,1,0.0,0.0,0.0,623.0,512.0,66.33,28.4775
10936882901,0,0.0,0.0,0.0,399.0,940.0,69.99,30.3043
10936882901,1,0.0,0.0,0.0,92.0,567.0,70.0,25.942
10936882901,0,0.0,0.0,0.0,1386.0,1454.0,69.98,28.566
10936882901,1,0.0,0.0,0.0,2076.0,1927.0,69.99,26.5014
10936882901,1,0.0,0.0,0.0,572.0,1174.0,69.98,29.5208
10936882901,0,0.0,0.0,0.0,20.0,1955.0,70.0,25.5865
10936882901,1,0.0,0.0,0.0,361.0,1290.0,69.99,28.3707
10936882901,1,0.0,0.0,0.0,447.0,28.0,70.0,27.2432
10936882901,1,0.0,0.0,0.0,635.0,735.0,70.0,27.7666
10936882901,1,0.0,0.0,0.0,1141.0,1611.0,70.0,27.2403
10936882901,0,0.0,0.0,0.0,285.0,472.0,70.0,32.3262
10936882901,1,0.0,0.0,0.0,455.0,915.0,70.0,28.4749
10936882901,0,0.0,0.0,0.0,131.0,250.0,70.0,27.476
11041213336,0,16.0,27.0,17.0,1065.0,1081.0,36086.0,60.9516
11041213336,1,16.0,27.0,17.0,1106.0,1089.0,36086.0,61.7776
11041213336,1,16.0,27.0,17.0,1062.0,1125.0,36086.0,59.6576
11041213336,0,16.0,27.0,17.0,1065.0,1091.0,36086.0,63.3748
11041213336,1,16.0,27.0,17.0,1051.0,1081.0,36086.0,60.1195
11041213336,1,16.0,27.0,17.0,1063.0,1080.0,36086.0,61.2783
11041213336,0,16.0,27.0,17.0,1055.0,1066.0,36086.0,60.1248
11041213336,0,16.0,27.0,17.0,1065.0,1081.0,36086.0,61.3033
11041213336,1,16.0,27.0,17.0,1057.0,1082.0,36086.0,58.6194
11041213336,0,16.0,27.0,17.0,1062.0,1084.0,36086.0,59.1008
11041213336,0,16.0,27.0,17.0,1089.0,1079.0,36087.7,59.1971
11041213336,0,16.0,27.0,17.0,1084.0,1074.0,36086.0,61.141
11041213336,1,16.0,27.0,17.0,1113.0,1080.0,36086.0,59.8753
11041213336,1,16.0,27.0,17.0,1090.0,1079.0,36087.7,58.0525
11041213336,0,16.0,27.0,17.0,1063.0,1076.0,36087.7,61.9678
11041213336,1,16.0,27.0,17.0,1084.0,1072.0,36087.7,61.3686
11367241135,0,0.0,0.0,0.0,1443.0,2062.0,99.79,33.7051
11367241135,0,0.0,0.0,0.0,1641.0,877.0,96.79,37.7177
11367241135,0,0.0,0.0,0.0,423.0,1717.0,99.78,35.9512
11367241135,1,0.0,0.0,0.0,178.0,574.0,99.78,34.7036
11367241135,0,0.0,0.0,0.0,1338.0,1424.0,99.78,38.3615
11367241135,1,0.0,0.0,0.0,821.0,963.0,99.78,36.4209
11367241135,0,0.0,0.0,0.0,1736.0,2126.0,99.81,35.4558
11367241135,1,0.0,0.0,0.0,796.0,296.0,99.81,36.5384
11367241135,1,0.0,0.0,0.0,306.0,649.0,96.79,37.9425
11367241135,1,0.0,0.0,0.0,165.0,2094.0,99.79,36.6225
11367241135,0,0.0,0.0,0.0,252.0,1828.0,99.8,36.3734
11367241135,1,0.0,0.0,0.0,1441.0,1552.0,99.8,34.5628
11367241135,0,0.0,0.0,0.0,763.0,1028.0,99.79,37.3154
11367241135,1,0.0,0.0,0.0,657.0,2015.0,99.79,35.9205
11367241135,1,0.0,0.0,0.0,242.0,323.0,99.78,35.2468
11367241135,0,0.0,0.0,0.0,826.0,305.0,99.78,36.1759
11367241135,0,0.0,0.0,0.0,1553.0,1926.0,99.78,36.7741
11367241135,1,0.0,0.0,0.0,82.0,1178.0,99.78,36.9016
11367241135,1,0.0,0.0,0.0,1087.0,1559.0,99.79,36.9064
11367241135,0,0.0,0.0,0.0,929.0,1505.0,99.79,36.1139
11367241135,1,0.0,0.0,0.0,1483.0,2002.0,99.79,38.1097
11367241135,1,0.0,0.0,0.0,1916.0,1926.0,99.79,37.6249
11367241135,0,0.0,0.0,0.0,1511.0,59.0,99.79,36.3153
11367241135,0,0.0,0.0,0.0,536.0,1701.0,99.79,36.2543
11367241135,1,0.0,0.0,0.0,105.0,1048.0,99.79,35.9575
11367241135,0,0.0,0.0,0.0,1959.0,1111.0,99.77,36.021
11367241135,1,0.0,0.0,0.0,997.0,411.0,99.78,35.9443
11367241135,0,0.0,0.0,0.0,1823.0,157.0,99.79,34.939
11367241135,1,0.0,0.0,0.0,1818.0,258.0,99.77,35.8946
11367241135,0,0.0,0.0,0.0,1307.0,636.0,99.78,35.4674
11367241135,1,0.0,0.0,0.0,1014.0,242.0,99.79,36.0555
11367241135,0,0.0,0.0,0.0,1181.0,164.0,99.79,36.0178
11380778165,1,0.0,0.0,0.0,85.0,1230.0,10.75,27.4919
11380778165,0,0.0,0.0,0.0,393.0,767.0,10.75,25.7245
11380778165,1,0.0,0.0,0.0,1799.0,1365.0,10.74,25.5145
11380778165,0,0.0,0.0,0.0,1964.0,1914.0,10.74,25.6195
11380778165,1,0.0,0.0,0.0,1591.0,208.0,12.42,25.734
11380778165,0,0.0,0.0,0.0,489.0,694.0,12.42,24.0505
11380778165,1,0.0,0.0,0.0,1019.0,766.0,10.75,26.4889
11380778165,0,0.0,0.0,0.0,489.0,1750.0,10.75,25.6767
11380778165,0,0.0,0.0,0.0,2094.0,895.0,10.74,25.0981
11380778165,1,0.0,0.0,0.0,1976.0,540.0,10.74,24.7349
11380778165,0,0.0,0.0,0.0,835.0,1506.0,10.75,24.659
11380778165,1,0.0,0.0,0.0,1710.0,1376.0,10.75,28.1914
11380778165,0,0.0,0.0,0.0,1349.0,22.0,10.76,25.805
11380778165,0,0.0,0.0,0.0,829.0,317.0,10.79,25.9905
11380778165,1,0.0,0.0,0.0,944.0,1096.0,10.79,25.0977
11380778165,1,0.0,0.0,0.0,1648.0,1120.0,10.76,24.9084
11496483339,1,0.0,3.0,0.0,1584.0,1185.0,371260.0,38.1001
11496483339,1,0.0,3.0,0.0,1393.0,430.0,371260.0,38.7283
11496483339,0,0.0,2.0,0.0,1352.0,2030.0,371260.0,37.7164
11496483339,1,0.0,3.0,0.0,1834.0,2037.0,371260.0,39.0515
11496483339,0,0.0,2.0,0.0,1404.0,569.0,371260.0,37.944
11496483339,1,0.0,3.0,0.0,1080.0,1865.0,371260.0,38.7129
11496483339,0,0.0,3.0,0.0,1629.0,1136.0,371260.0,37.9541
11496483339,0,0.0,2.0,0.0,1405.0,2054.0,371260.0,39.924
11496483339,1,0.0,3.0,0.0,1781.0,1346.0,371260.0,38.9928
11496483339,0,0.0,3.0,0.0,1844.0,735.0,371260.0,38.2364
11496483339,0,0.0,2.0,0.0,914.0,1878.0,371260.0,36.9677
11496483339,1,0.0,2.0,0.0,1109.0,598.0,371260.0,38.5453
11496483339,0,0.0,3.0,0.0,1938.0,1173.0,371260.0,39.5066
11496483339,1,0.0,3.0,0.0,1819.0,555.0,371260.0,38.9783
11496483339,1,0.0,2.0,0.0,1303.0,1681.0,371260.0,37.2338
11496483339,0,0.0,2.0,0.0,1185.0,1142.0,371260.0,37.9835
11692361798,1,9.0,14.0,9.0,1118.0,185.0,3058.46,63.5609
11692361798,1,9.0,14.0,9.0,1048.0,198.0,3057.4,62.8233
11692361798,0,9.0,14.0,10.0,1048.0,199.0,3058.43,66.391
11692361798,0,9.0,14.0,10.0,1102.0,187.0,3058.46,67.5824
11692361798,0,9.0,14.0,9.0,1089.0,188.0,3057.4,63.1546
11692361798,1,9.0,14.0,9.0,1084.0,193.0,3057.43,64.4393
11692361798,0,9.0,14.0,10.0,1059.0,191.0,3057.43,64.8172
11692361798,1,9.0,14.0,10.0,1051.0,198.0,3058.43,66.8734
11692361798,0,9.0,14.0,10.0,1092.0,189.0,3055.42,66.6897
11692361798,1,9.0,14.0,9.0,1078.0,192.0,3057.41,66.245
11692361798,0,9.0,14.0,10.0,1052.0,198.0,3057.41,65.4239
11692361798,1,9.0,14.0,10.0,1112.0,184.0,3055.42,65.587
11692361798,0,9.0,14.0,10.0,1057.0,197.0,3057.43,65.5877
11692361798,1,9.0,14.0,10.0,1062.0,196.0,3057.43,64.7169
11692361798,0,9.0,14.0,10.0,1079.0,193.0,3057.42,66.4512
11692361798,1,9.0,14.0,10.0,1094.0,188.0,3057.42,67.082
11757391494,1,0.0,0.0,0.0,1710.0,731.0,128.03,27.8345
11757391494,0,0.0,0.0,0.0,1287.0,710.0,128.03,26.4285
11757391494,0,0.0,0.0,0.0,1878.0,840.0,128.0,25.1319
11757391494,1,0.0,0.0,0.0,1528.0,757.0,128.0,26.3063
11757391494,0,0.0,0.0,0.0,468.0,487.0,127.01,26.299
11757391494,1,0.0,0.0,0.0,1935.0,804.0,129.01,25.7717
11757391494,1,0.0,0.0,0.0,1209.0,284.0,127.0,27.2141
11757391494,0,0.0,0.0,0.0,1681.0,804.0,127.01,26.5664
11757391494,0,0.0,0.0,0.0,1743.0,1014.0,129.01,31.9901
11757391494,1,0.0,0.0,0.0,467.0,479.0,127.01,25.8379
11757391494,0,0.0,0.0,0.0,554.0,1954.0,127.0,27.5335
11757391494,1,0.0,0.0,0.0,438.0,1950.0,127.0,25.8583
11757391494,1,0.0,0.0,0.0,584.0,932.0,127.01,25.7439
11757391494,0,0.0,0.0,0.0,1324.0,311.0,127.0,27.4561
11757391494,1,0.0,0.0,0.0,1538.0,319.0,127.01,26.2377
11757391494,0,0.0,0.0,0.0,943.0,250.0,127.01,27.2211
11941935283,0,8.0,12.0,8.0,219.0,35.0,762.65,61.0613
11941935283,1,8.0,12.0,8.0,220.0,35.0,762.63,61.9998
11941935283,1,8.0,12.0,9.0,212.0,34.0,762.65,59.6672
11941935283,0,8.0,12.0,9.0,217.0,35.0,762.63,64.2157
11941935283,1,8.0,12.0,10.0,221.0,36.0,761.66,58.1856
11941935283,0,8.0,12.0,8.0,203.0,33.0,761.66,59.2972
11941935283,1,8.0,12.0,9.0,216.0,35.0,761.69,59.1861
11941935283,0,8.0,12.0,8.0,212.0,34.0,761.69,59.095
11941935283,0,8.0,12.0,8.0,210.0,35.0,759.64,62.2938
11941935283,1,8.0,12.0,10.0,207.0,34.0,759.64,61.7095
11941935283,1,8.0,12.0,9.0,209.0,33.0,762.64,61.6849
11941935283,0,8.0,12.0,7.0,209.0,33.0,762.64,62.435
11941935283,0,8.0,12.0,9.0,221.0,35.0,761.64,60.2859
11941935283,1,8.0,12.0,9.0,218.0,35.0,761.64,62.7894
11941935283,0,8.0,12.0,8.0,221.0,36.0,762.63,62.5122
11941935283,1,8.0,12.0,9.0,210.0,33.0,762.63,63.3451
12244169589,0,3.0,11.0,3.0,1001.0,255.0,3855.77,43.4683
12244169589,1,3.0,12.0,4.0,1095.0,1962.0,3855.78,40.0629
12244169589,1,0.0,0.0,9.0,1057.0,617.0,3855.79,46.2616
12244169589,1,6.0,21.0,7.0,1142.0,1570.0,3855.77,45.8313
12244169589,1,8.0,26.0,9.0,1007.0,1719.0,3857.78,49.7981
12244169589,0,6.0,19.0,6.0,1081.0,1617.0,3857.78,49.0376
12244169589,0,3.0,10.0,3.0,1227.0,1935.0,3855.76,41.8779
12244169589,1,5.0,16.0,5.0,922.0,298.0,3855.76,42.1008
12244169589,1,4.0,14.0,4.0,999.0,927.0,3855.78,41.8052
12244169589,0,4.0,12.0,4.0,1095.0,478.0,3855.78,41.4221
12244169589,0,2.0,7.0,2.0,764.0,1534.0,3855.77,39.2679
12244169589,1,0.0,0.0,2.0,1138.0,912.0,3855.77,39.9249
12244169589,0,8.0,27.0,9.0,1039.0,462.0,3855.79,53.0033
12244169589,0,4.0,15.0,5.0,1050.0,335.0,3855.78,42.1498
12244169589,0,1.0,6.0,2.0,1363.0,1637.0,3855.77,38.6359
12244169589,1,4.0,12.0,4.0,1041.0,886.0,3855.77,41.9793
12244169589,1,2.0,6.0,2.0,977.0,884.0,3855.77,39.1318
12244169589,0,1.0,6.0,1.0,775.0,1839.0,3855.77,40.7546
12244169589,1,3.0,11.0,3.0,1179.0,279.0,3855.76,40.5139
12244169589,0,4.0,13.0,4.0,940.0,738.0,3855.76,41.8733
12244169589,0,2.0,7.0,2.0,982.0,1983.0,3855.76,39.9828
12244169589,0,4.0,14.0,4.0,1191.0,1812.0,3855.76,42.2078
12244169589,1,6.0,21.0,7.0,1044.0,1367.0,3855.76,44.3568
12244169589,0,2.0,7.0,2.0,1302.0,1269.0,3855.75,40.2706
12244169589,0,6.0,18.0,6.0,980.0,1123.0,3855.78,44.0061
12244169589,1,6.0,19.0,6.0,1064.0,583.0,3855.78,44.4086
12244169589,0,4.0,12.0,4.0,1146.0,1651.0,3855.77,41.4345
12244169589,1,4.0,14.0,4.0,1176.0,283.0,3855.77,40.3885
12244169589,1,8.0,26.0,9.0,1088.0,511.0,3855.76,45.7938
12244169589,0,3.0,13.0,4.0,1001.0,484.0,3855.76,43.1346
12244169589,1,2.0,8.0,2.0,953.0,1993.0,3855.75,40.5373
12244169589,1,3.0,12.0,3.0,1249.0,1223.0,3855.76,40.5174
12271332072,0,0.0,0.0,0.0,2013.0,831.0,124232.0,37.0325
12271332072,1,0.0,0.0,0.0,2057.0,1034.0,124232.0,37.6118
12271332072,0,0.0,0.0,0.0,1998.0,777.0,124232.0,36.8983
12271332072,1,0.0,0.0,0.0,2069.0,1019.0,124232.0,37.6274
12271332072,1,0.0,0.0,0.0,2085.0,1041.0,124232.0,37.795
12271332072,0,0.0,0.0,0.0,2010.0,834.0,124232.0,38.4833
12271332072,0,0.0,0.0,0.0,2030.0,918.0,124232.0,38.1464
12271332072,1,0.0,0.0,0.0,2022.0,873.0,124232.0,37.7565
12271332072,0,0.0,0.0,0.0,810.0,1086.0,124232.0,37.5943
12271332072,1,0.0,0.0,0.0,828.0,1116.0,124232.0,37.2335
12271332072,1,0.0,0.0,0.0,2043.0,910.0,124232.0,37.5486
12271332072,0,0.0,0.0,0.0,2021.0,846.0,124232.0,36.8121
12271332072,0,0.0,0.0,0.0,2015.0,859.0,124232.0,36.9192
12271332072,0,0.0,0.0,0.0,2037.0,948.0,124232.0,37.0209
12271332072,1,0.0,0.0,0.0,1997.0,761.0,124232.0,36.4097
12271332072,1,0.0,0.0,0.0,2002.0,794.0,124232.0,37.1534
12475543033,1,4.0,13.0,4.0,729.0,251.0,8123.62,43.1118
12475543033,0,5.0,15.0,5.0,887.0,865.0,8123.62,48.8101
12475543033,1,3.0,9.0,3.0,840.0,1534.0,8123.64,44.4807
12475543033,0,3.0,11.0,3.0,1093.0,1879.0,8123.64,43.5358
12475543033,1,5.0,18.0,6.0,855.0,1817.0,8123.65,46.5307
12475543033,0,4.0,12.0,4.0,1240.0,1160.0,8123.65,46.9641
12475543033,1,7.0,21.0,7.0,1045.0,1233.0,8123.63,48.0123
12475543033,0,2.0,9.0,2.0,1372.0,260.0,8123.63,45.1733
12475543033,0,4.0,15.0,5.0,1366.0,372.0,8123.61,46.5543
12475543033,1,2.0,9.0,3.0,1085.0,204.0,8123.63,41.0972
12475543033,0,5.0,16.0,5.0,1168.0,1131.0,8123.63,45.1417
12475543033,1,5.0,17.0,5.0,1345.0,1483.0,8123.61,44.9091
12475543033,1,6.0,19.0,7.0,960.0,540.0,8123.62,48.5832
12475543033,0,3.0,11.0,3.0,1204.0,266.0,8123.62,44.5343
12475543033,1,7.0,21.0,7.0,1038.0,1515.0,8123.66,52.6908
12475543033,0,4.0,12.0,4.0,1204.0,456.0,8123.66,45.9793
12481815930,0,36.0,98.0,37.0,1058.0,1097.0,18596.2,192.501
12481815930,1,35.0,98.0,36.0,1054.0,1104.0,18596.2,200.012
12481815930,1,35.0,98.0,36.0,1091.0,1021.0,18596.2,177.41
12481815930,0,36.0,98.0,36.0,1085.0,1037.0,18596.2,198.945
12481815930,0,36.0,98.0,36.0,1091.0,1094.0,18596.2,198.211
12481815930,1,35.0,98.0,36.0,1059.0,1121.0,18596.2,183.947
12481815930,1,35.0,98.0,36.0,1055.0,1092.0,18596.2,196.67
12481815930,0,36.0,98.0,37.0,1088.0,1094.0,18596.2,197.939
12481815930,1,35.0,98.0,36.0,1105.0,1029.0,18595.2,185.175
12481815930,0,36.0,98.0,37.0,1061.0,1100.0,18595.2,199.834
12481815930,0,36.0,98.0,36.0,1085.0,1085.0,18595.2,195.38
12481815930,1,35.0,98.0,36.0,1096.0,1057.0,18595.2,189.881
12491619064,0,0.0,2.0,0.0,1570.0,1352.0,2848.02,39.1209
12491619064,1,0.0,3.0,0.0,245.0,413.0,2848.02,40.4334
12491619064,0,0.0,2.0,0.0,502.0,2067.0,2848.03,37.9318
12491619064,1,0.0,2.0,0.0,747.0,486.0,2848.03,40.816
12491619064,1,0.0,3.0,0.0,1924.0,1572.0,2848.04,38.2747
12491619064,0,0.0,3.0,0.0,1183.0,720.0,2848.06,39.7405
12491619064,0,0.0,2.0,0.0,868.0,2065.0,2848.04,39.2844
12491619064,0,0.0,2.0,0.0,232.0,95.0,2848.07,39.9755
12491619064,1,0.0,3.0,0.0,2076.0,593.0,2848.06,42.8193
12491619064,1,0.0,4.0,0.0,277.0,1950.0,2848.07,40.5472
12491619064,0,0.0,3.0,0.0,742.0,958.0,2848.05,39.7189
12491619064,1,0.0,2.0,0.0,1603.0,725.0,2848.05,38.5599
12491619064,1,0.0,3.0,0.0,1105.0,285.0,2848.03,38.8767
12491619064,0,0.0,3.0,0.0,1115.0,1670.0,2848.03,39.5687
12491619064,1,0.0,3.0,0.0,1939.0,559.0,2848.06,39.5144
12491619064,0,0.0,2.0,0.0,195.0,1120.0,2848.06,37.437
12519356560,0,5.0,14.0,5.0,1209.0,968.0,32711.5,49.0841
12519356560,1,0.0,0.0,5.0,1088.0,1158.0,32711.5,47.4334
12519356560,1,0.0,0.0,2.0,917.0,1280.0,32711.5,42.9211
12519356560,0,5.0,16.0,5.0,1023.0,1480.0,32711.5,47.089
12519356560,0,2.0,9.0,2.0,945.0,935.0,32711.5,43.9024
12519356560,1,0.0,0.0,6.0,913.0,869.0,32711.5,48.5278
12519356560,1,0.0,0.0,7.0,1119.0,690.0,32711.5,50.3691
12519356560,0,4.0,13.0,4.0,1096.0,1211.0,32711.5,45.0995
12519356560,0,4.0,14.0,4.0,1041.0,1098.0,32711.5,46.94
12519356560,1,0.0,0.0,5.0,1231.0,1430.0,32711.5,47.5197
12519356560,0,5.0,16.0,6.0,955.0,844.0,32711.5,50.0641
12519356560,1,0.0,0.0,5.0,1081.0,871.0,32711.5,47.7475
12519356560,1,0.0,0.0,6.0,1233.0,772.0,32711.5,50.5022
12519356560,0,4.0,12.0,4.0,1068.0,1842.0,32711.5,46.5051
12519356560,1,0.0,0.0,3.0,1104.0,546.0,32711.5,46.9841
12519356560,0,3.0,10.0,3.0,987.0,1877.0,32711.5,44.2789
12568629237,1,31.0,93.0,32.0,622.0,83.0,691214.0,162.227
12568629237,0,31.0,94.0,32.0,548.0,1635.0,691214.0,156.936
12568629237,0,31.0,94.0,32.0,1080.0,951.0,691216.0,160.558
12568629237,1,31.0,94.0,32.0,671.0,808.0,691216.0,150.776
12568629237,0,31.0,94.0,32.0,666.0,806.0,691216.0,163.928
12568629237,1,31.0,94.0,32.0,662.0,803.0,691216.0,162.978
12568629237,0,31.0,93.0,31.0,2011.0,1766.0,691216.0,153.255
12568629237,1,31.0,94.0,32.0,665.0,804.0,691216.0,150.316
12568629237,1,31.0,94.0,32.0,663.0,805.0,691216.0,154.561
12568629237,0,31.0,94.0,32.0,665.0,806.0,691216.0,161.583
12568629237,0,31.0,94.0,32.0,660.0,797.0,691216.0,159.962
12568629237,1,31.0,94.0,32.0,660.0,796.0,691216.0,148.5
12568629237,0,31.0,94.0,32.0,1234.0,1054.0,691216.0,155.805
12568629237,1,31.0,94.0,32.0,1055.0,957.0,691216.0,149.838
12568629237,1,31.0,94.0,32.0,661.0,801.0,691213.0,154.203
12568629237,0,31.0,94.0,32.0,659.0,799.0,691213.0,147.177
12573882621,0,0.0,1.0,0.0,397.0,2013.0,128994.0,36.8089
12573882621,1,0.0,2.0,0.0,624.0,426.0,128994.0,40.0257
12573882621,1,0.0,1.0,0.0,147.0,1848.0,128994.0,36.6379
12573882621,0,0.0,1.0,0.0,119.0,30.0,128994.0,37.5626
12573882621,0,0.0,1.0,0.0,626.0,877.0,128994.0,36.9197
12573882621,1,0.0,1.0,0.0,1488.0,2101.0,128994.0,36.7705
12573882621,1,0.0,2.0,0.0,109.0,330.0,128994.0,38.1591
12573882621,0,0.0,1.0,0.0,1459.0,1289.0,128994.0,37.22
12573882621,0,0.0,1.0,0.0,1064.0,645.0,128994.0,36.928
12573882621,1,0.0,1.0,0.0,1959.0,518.0,128994.0,39.7405
12573882621,1,0.0,1.0,0.0,1807.0,1496.0,128994.0,35.7131
12573882621,0,0.0,1.0,0.0,751.0,1991.0,128994.0,36.9318
12573882621,0,0.0,1.0,0.0,123.0,1065.0,128994.0,36.6208
12573882621,1,0.0,1.0,0.0,1825.0,475.0,128994.0,36.576
12573882621,0,0.0,1.0,0.0,997.0,1599.0,128994.0,37.9814
12573882621,1,0.0,1.0,0.0,989.0,208.0,128994.0,36.0211
12686121438,0,0.0,0.0,0.0,1418.0,35.0,1204.99,36.7937
12686121438,1,0.0,0.0,0.0,1725.0,1135.0,1204.99,38.0915
12686121438,0,0.0,0.0,0.0,939.0,906.0,1204.99,37.6286
12686121438,1,0.0,0.0,0.0,2040.0,553.0,1204.99,36.5828
12686121438,0,0.0,0.0,0.0,466.0,781.0,1205.0,36.5053
12686121438,1,0.0,0.0,0.0,161.0,1245.0,1205.0,39.4979
12686121438,1,0.0,0.0,0.0,1670.0,223.0,1204.99,35.3999
12686121438,0,0.0,0.0,0.0,549.0,706.0,1204.99,36.6693
12686121438,1,0.0,0.0,0.0,1784.0,1390.0,1204.98,39.2156
12686121438,0,0.0,0.0,0.0,904.0,1519.0,1204.98,36.6378
12686121438,0,0.0,0.0,0.0,910.0,333.0,1204.99,37.5892
12686121438,1,0.0,0.0,0.0,1015.0,1110.0,1204.99,35.7179
12686121438,1,0.0,0.0,0.0,1112.0,784.0,1204.98,36.5575
12686121438,0,0.0,0.0,0.0,560.0,1764.0,1204.98,37.1538
12686121438,1,0.0,0.0,0.0,1862.0,1378.0,1204.98,36.0191
12686121438,0,0.0,0.0,0.0,2040.0,1928.0,1204.98,36.1827
12808277262,1,0.0,0.0,0.0,1881.0,614.0,55359.6,24.7209
12808277262,0,0.0,0.0,0.0,2026.0,969.0,55359.6,31.4086
12808277262,1,0.0,0.0,0.0,1827.0,966.0,55359.6,26.1812
12808277262,0,0.0,0.0,0.0,1056.0,692.0,55359.6,28.3592
12808277262,0,0.0,0.0,0.0,1961.0,301.0,55359.6,27.1831
12808277262,0,0.0,0.0,0.0,378.0,1259.0,55359.6,27.2712
12808277262,1,0.0,0.0,0.0,2118.0,1196.0,55359.6,25.4422
12808277262,0,0.0,0.0,0.0,1573.0,848.0,55359.6,27.6082
12808277262,1,0.0,0.0,0.0,1501.0,1950.0,55359.6,28.8432
12808277262,0,0.0,0.0,0.0,918.0,1492.0,55359.6,27.5794
12808277262,1,0.0,0.0,0.0,2105.0,686.0,55359.6,26.2515
12808277262,0,0.0,0.0,0.0,752.0,796.0,55359.6,27.7404
12808277262,0,0.0,0.0,0.0,893.0,969.0,55359.6,25.5937
12808277262,1,0.0,0.0,0.0,1938.0,2018.0,55359.6,30.0601
12808277262,1,0.0,0.0,0.0,40.0,857.0,55359.6,28.2938
12808277262,1,0.0,0.0,0.0,2050.0,824.0,55359.6,26.5216
12808277262,0,0.0,0.0,0.0,217.0,1149.0,55359.6,27.0188
12808277262,1,0.0,0.0,0.0,2052.0,1820.0,55359.6,25.5701
12808277262,1,0.0,0.0,0.0,1448.0,588.0,55359.6,26.2818
12808277262,0,0.0,0.0,0.0,1260.0,1036.0,55359.6,26.0595
12808277262,0,0.0,0.0,0.0,401.0,1275.0,55359.6,27.4495
12808277262,1,0.0,0.0,0.0,1515.0,1869.0,55359.6,28.0521
12808277262,0,0.0,0.0,0.0,393.0,554.0,55359.6,26.7464
12808277262,1,0.0,0.0,0.0,461.0,1318.0,55359.6,27.9703
12808277262,1,0.0,0.0,0.0,576.0,207.0,55359.6,28.7743
12808277262,0,0.0,0.0,0.0,1501.0,896.0,55359.6,28.0759
12808277262,1,9.0,29.0,10.0,997.0,871.0,55359.6,51.6856
12808277262,0,0.0,0.0,0.0,2027.0,93.0,55359.6,28.1843
12808277262,0,0.0,0.0,0.0,1659.0,2105.0,55359.6,26.8809
12808277262,1,0.0,0.0,0.0,697.0,1487.0,55359.6,26.5381
12808277262,0,0.0,0.0,0.0,885.0,1785.0,55359.6,26.9214
12808277262,1,0.0,0.0,0.0,1776.0,1461.0,55359.6,28.341
12905629197,0,16.0,36.0,17.0,1389.0,205.0,796.05,85.6251
12905629197,1,16.0,37.0,16.0,1396.0,206.0,796.05,89.1501
12905629197,0,16.0,35.0,16.0,1399.0,206.0,796.03,86.9737
12905629197,1,16.0,35.0,16.0,1377.0,203.0,796.03,80.9896
12905629197,1,16.0,34.0,17.0,1367.0,202.0,794.05,81.2651
12905629197,0,16.0,35.0,16.0,1358.0,201.0,797.05,83.0703
12905629197,1,16.0,34.0,17.0,1388.0,205.0,797.05,82.5385
12905629197,0,16.0,34.0,17.0,1341.0,199.0,797.05,86.1245
12905629197,1,16.0,37.0,16.0,1366.0,203.0,796.03,85.088
12905629197,0,16.0,34.0,15.0,1385.0,204.0,794.05,83.4774
12905629197,1,16.0,34.0,16.0,1419.0,209.0,797.06,81.8579
12905629197,0,16.0,36.0,16.0,1408.0,208.0,796.03,88.4574
12905629197,1,16.0,36.0,16.0,1398.0,206.0,796.02,91.8434
12905629197,0,16.0,36.0,16.0,1357.0,201.0,796.02,85.5758
12905629197,0,16.0,35.0,17.0,1383.0,204.0,797.06,85.7376
12905629197,1,16.0,34.0,17.0,1388.0,205.0,797.05,90.404
12919061384,0,0.0,0.0,0.0,913.0,1158.0,11.33,25.5609
12919061384,1,0.0,0.0,0.0,544.0,1662.0,11.33,25.0989
12919061384,0,0.0,0.0,0.0,1053.0,1448.0,9.67,24.8241
12919061384,1,0.0,0.0,0.0,234.0,703.0,9.67,25.1015
12919061384,0,0.0,0.0,0.0,499.0,1158.0,9.68,23.9492
12919061384,1,0.0,0.0,0.0,474.0,534.0,9.68,25.5761
12919061384,0,0.0,0.0,0.0,281.0,1842.0,9.67,26.2437
12919061384,1,0.0,0.0,0.0,2145.0,1389.0,9.67,25.1473
12919061384,0,0.0,0.0,0.0,190.0,950.0,9.67,42.6355
12919061384,1,0.0,0.0,0.0,914.0,1582.0,9.67,26.1416
12919061384,0,0.0,0.0,0.0,1640.0,357.0,9.69,27.0782
12919061384,1,0.0,0.0,0.0,684.0,161.0,9.69,25.72
12919061384,0,0.0,0.0,0.0,1178.0,1463.0,9.69,26.0471
12919061384,1,0.0,0.0,0.0,1823.0,1928.0,9.68,24.8203
12919061384,0,0.0,0.0,0.0,715.0,661.0,9.68,24.4361
12919061384,1,0.0,0.0,0.0,1298.0,1612.0,9.69,24.1506
13082424909,1,7.0,98.0,8.0,1075.0,1081.0,604837.0,63.2825
13082424909,0,8.0,98.0,9.0,1082.0,1085.0,604835.0,66.8454
13082424909,0,8.0,98.0,9.0,1074.0,1059.0,604837.0,64.4346
13082424909,1,7.0,98.0,8.0,1075.0,1108.0,604837.0,65.2949
13082424909,0,8.0,98.0,9.0,1050.0,1082.0,604837.0,66.8034
13082424909,1,7.0,97.0,8.0,1052.0,1057.0,604837.0,68.4915
13082424909,1,7.0,98.0,8.0,1085.0,1093.0,604837.0,66.6363
13082424909,0,8.0,98.0,9.0,1067.0,1054.0,604837.0,63.5945
13082424909,0,8.0,98.0,9.0,1055.0,1081.0,604837.0,68.1002
13082424909,1,7.0,98.0,8.0,1064.0,1096.0,604837.0,68.4992
13082424909,1,7.0,98.0,8.0,1078.0,1092.0,604835.0,64.5161
13082424909,0,8.0,98.0,9.0,1084.0,1086.0,604837.0,65.3979
13082424909,0,8.0,98.0,9.0,1081.0,1057.0,604837.0,67.9805
13082424909,1,7.0,98.0,8.0,1070.0,1052.0,604837.0,64.8106
13082424909,0,8.0,98.0,9.0,1078.0,1059.0,604837.0,68.2075
13082424909,1,7.0,98.0,8.0,1077.0,1110.0,604837.0,66.2603
13365947887,1,1.0,3.0,0.0,1735.0,1184.0,96.93,41.4269
13365947887,0,1.0,3.0,1.0,2101.0,1191.0,96.93,41.7127
13365947887,0,1.0,3.0,2.0,1738.0,1007.0,96.93,40.6547
13365947887,1,1.0,3.0,2.0,1614.0,1695.0,96.93,41.3071
13365947887,1,1.0,3.0,1.0,998.0,1839.0,96.93,43.0708
13365947887,0,1.0,3.0,0.0,1046.0,771.0,96.93,39.9709
13365947887,0,1.0,3.0,2.0,1145.0,1646.0,96.92,39.8191
13365947887,1,1.0,3.0,2.0,1702.0,1755.0,96.92,39.7852
13365947887,1,1.0,3.0,1.0,349.0,645.0,98.6,40.883
13365947887,0,1.0,3.0,1.0,280.0,253.0,98.6,41.5495
13365947887,0,1.0,3.0,2.0,272.0,909.0,96.97,40.887
13365947887,1,1.0,3.0,0.0,599.0,595.0,96.97,41.7197
13365947887,1,1.0,3.0,1.0,90.0,1032.0,96.92,39.7664
13365947887,0,1.0,3.0,2.0,167.0,1597.0,98.62,40.5459
13365947887,0,1.0,3.0,1.0,1065.0,317.0,96.92,38.3946
13365947887,1,1.0,3.0,2.0,1242.0,831.0,98.62,41.7561
13398173640,0,0.0,0.0,0.0,2058.0,2108.0,1.74,25.6605
13398173640,1,0.0,0.0,0.0,1127.0,1542.0,1.75,27.111
13398173640,0,0.0,0.0,0.0,1086.0,1222.0,1.75,26.1075
13398173640,0,0.0,0.0,0.0,380.0,1058.0,1.73,25.975
13398173640,0,0.0,0.0,0.0,393.0,290.0,1.74,25.2135
13398173640,1,0.0,0.0,0.0,139.0,1114.0,1.74,27.527
13398173640,1,0.0,0.0,0.0,96.0,59.0,1.74,25.078
13398173640,1,0.0,0.0,0.0,39.0,1568.0,1.73,25.4035
13398173640,1,0.0,0.0,0.0,1770.0,1842.0,1.77,26.5615
13398173640,0,0.0,0.0,0.0,188.0,1444.0,1.72,28.359
13398173640,1,0.0,0.0,0.0,1539.0,1496.0,1.72,24.5955
13398173640,0,0.0,0.0,0.0,832.0,1347.0,1.77,27.079
13398173640,0,0.0,0.0,0.0,278.0,220.0,1.72,25.765
13398173640,1,0.0,0.0,0.0,1965.0,722.0,1.72,26.1055
13398173640,1,0.0,0.0,0.0,2109.0,176.0,1.72,26.69
13398173640,0,0.0,0.0,0.0,50.0,838.0,1.72,28.516
13458262531,0,0.0,0.0,0.0,1686.0,667.0,1.51,26.593
13458262531,1,0.0,0.0,0.0,1986.0,696.0,1.51,25.676
13458262531,1,0.0,0.0,0.0,1555.0,1882.0,1.51,26.322
13458262531,0,0.0,0.0,0.0,533.0,888.0,1.49,24.977
13458262531,1,0.0,0.0,0.0,1816.0,60.0,1.49,24.786
13458262531,0,0.0,0.0,0.0,1216.0,1611.0,1.5,25.3235
13458262531,0,0.0,0.0,0.0,261.0,1325.0,1.51,26.731
13458262531,1,0.0,0.0,0.0,1388.0,556.0,1.51,26.8585
13458262531,1,0.0,0.0,0.0,497.0,226.0,1.5,26.8985
13458262531,0,0.0,0.0,0.0,859.0,599.0,1.49,25.667
13458262531,0,0.0,0.0,0.0,1520.0,190.0,1.53,25.691
13458262531,1,0.0,0.0,0.0,1914.0,1938.0,1.53,25.221
13458262531,0,0.0,0.0,0.0,1262.0,872.0,1.51,28.269
13458262531,1,0.0,0.0,0.0,1923.0,2036.0,1.51,24.601
13458262531,1,0.0,0.0,0.0,547.0,1103.0,1.49,25.821
13458262531,0,0.0,0.0,0.0,925.0,1637.0,1.51,25.9535
13826281105,0,58.0,93.0,59.0,523.0,583.0,453583.0,162.854
13826281105,0,58.0,93.0,59.0,967.0,1964.0,453583.0,155.759
13826281105,1,58.0,93.0,59.0,1459.0,910.0,453583.0,158.532
13826281105,1,0.0,0.0,58.0,643.0,1076.0,453583.0,153.176
13826281105,1,58.0,93.0,59.0,1362.0,278.0,453583.0,149.329
13826281105,0,58.0,93.0,59.0,731.0,876.0,453583.0,152.309
13826281105,1,58.0,93.0,59.0,1900.0,1090.0,453583.0,163.46
13826281105,0,58.0,93.0,59.0,179.0,1406.0,453583.0,159.883
13826281105,0,58.0,92.0,59.0,16.0,971.0,453583.0,151.885
13826281105,1,59.0,93.0,59.0,2075.0,1951.0,453583.0,161.603
13826281105,1,58.0,93.0,59.0,1393.0,441.0,453583.0,145.202
13826281105,0,58.0,93.0,59.0,739.0,1027.0,453583.0,158.548
13826281105,1,58.0,93.0,59.0,1216.0,769.0,453583.0,144.605
13826281105,0,58.0,93.0,59.0,1282.0,518.0,453583.0,159.077
13826281105,0,58.0,93.0,59.0,1404.0,1672.0,453583.0,152.762
13826281105,1,58.0,93.0,59.0,509.0,1697.0,453583.0,147.981
13968806829,1,0.0,0.0,0.0,1964.0,1564.0,48.21,25.8938
13968806829,1,0.0,0.0,0.0,1122.0,141.0,48.15,26.5558
13968806829,0,0.0,0.0,0.0,2068.0,158.0,48.21,25.9547
13968806829,0,0.0,0.0,0.0,821.0,743.0,48.18,25.8072
13968806829,0,0.0,0.0,0.0,356.0,353.0,48.16,26.2474
13968806829,1,0.0,0.0,0.0,309.0,365.0,48.34,25.573
13968806829,1,0.0,0.0,0.0,180.0,259.0,48.16,25.1349
13968806829,0,0.0,0.0,0.0,1686.0,830.0,48.05,26.8136
13968806829,1,0.0,0.0,0.0,937.0,815.0,48.18,26.118
13968806829,0,0.0,0.0,0.0,1199.0,1620.0,48.18,25.2265
13968806829,1,0.0,0.0,0.0,1323.0,531.0,48.18,25.0953
13968806829,1,0.0,0.0,0.0,1939.0,111.0,48.15,24.9733
13968806829,0,0.0,0.0,0.0,195.0,248.0,48.15,26.3134
13968806829,1,0.0,0.0,0.0,1929.0,111.0,48.17,25.3403
13968806829,0,0.0,0.0,0.0,1929.0,110.0,48.17,25.0336
13968806829,0,0.0,0.0,0.0,1932.0,110.0,48.18,24.686
13968806829,1,0.0,0.0,0.0,1927.0,105.0,48.17,25.0402
13968806829,0,0.0,0.0,0.0,1920.0,96.0,48.17,25.3419
13968806829,0,0.0,0.0,0.0,287.0,32.0,48.34,25.9293
13968806829,1,0.0,0.0,0.0,1827.0,959.0,48.05,24.02
13968806829,0,0.0,0.0,0.0,134.0,710.0,48.15,25.5044
13968806829,1,0.0,0.0,0.0,1922.0,93.0,48.3,25.8708
13968806829,0,0.0,0.0,0.0,62.0,552.0,48.17,25.9366
13968806829,1,0.0,0.0,0.0,1424.0,1125.0,48.17,28.5158
13968806829,0,0.0,0.0,0.0,1924.0,97.0,48.3,24.259
13968806829,1,0.0,0.0,0.0,1929.0,104.0,48.19,25.8853
13968806829,1,0.0,0.0,0.0,996.0,971.0,48.16,25.9268
13968806829,0,0.0,0.0,0.0,1822.0,2041.0,48.16,25.3002
13968806829,1,0.0,0.0,0.0,1933.0,113.0,48.18,24.4824
13968806829,0,0.0,0.0,0.0,1727.0,899.0,48.19,25.2191
13968806829,1,0.0,0.0,0.0,368.0,1376.0,48.16,26.1234
13968806829,0,0.0,0.0,0.0,1280.0,933.0,48.16,26.3923
14193200684,0,0.0,0.0,0.0,1263.0,872.0,236.28,28.0343
14193200684,0,0.0,0.0,0.0,262.0,1325.0,236.28,26.5736
14193200684,1,0.0,0.0,0.0,1389.0,556.0,236.36,28.727
14193200684,0,0.0,0.0,0.0,925.0,1638.0,236.36,26.4241
14193200684,1,0.0,0.0,0.0,1986.0,696.0,236.28,25.6498
14193200684,1,0.0,0.0,0.0,1817.0,61.0,236.26,24.6895
14193200684,0,0.0,0.0,0.0,533.0,889.0,236.26,28.2122
14193200684,1,0.0,0.0,0.0,497.0,227.0,236.28,29.9133
14193200684,0,0.0,0.0,0.0,1216.0,1611.0,236.28,25.6258
14193200684,0,0.0,0.0,0.0,1520.0,191.0,236.27,27.4639
14193200684,1,0.0,0.0,0.0,1556.0,1882.0,236.28,26.2518
14193200684,0,0.0,0.0,0.0,1687.0,667.0,236.28,31.0448
14193200684,1,0.0,0.0,0.0,1914.0,1938.0,236.27,25.1478
14193200684,0,0.0,0.0,0.0,860.0,600.0,236.28,29.2498
14193200684,1,0.0,0.0,0.0,1923.0,2036.0,236.28,24.4396
14193200684,1,0.0,0.0,0.0,548.0,1104.0,236.28,26.7278
14248148149,0,0.0,0.0,0.0,1493.0,335.0,387.4,25.6689
14248148149,1,0.0,0.0,0.0,1010.0,1763.0,387.39,27.3614
14248148149,1,0.0,0.0,0.0,674.0,226.0,387.4,24.8851
14248148149,0,0.0,0.0,0.0,1315.0,41.0,387.39,26.3769
14248148149,1,0.0,0.0,0.0,2079.0,784.0,387.39,26.127
14248148149,1,0.0,0.0,0.0,635.0,1056.0,387.39,25.0652
14248148149,0,0.0,0.0,0.0,642.0,1061.0,387.39,26.1354
14248148149,1,0.0,0.0,0.0,1227.0,651.0,387.39,24.9552
14248148149,0,0.0,0.0,0.0,893.0,461.0,387.4,25.4983
14248148149,1,0.0,0.0,0.0,1465.0,943.0,387.4,24.8364
14248148149,0,0.0,0.0,0.0,880.0,1110.0,387.39,27.2462
14248148149,0,0.0,0.0,0.0,900.0,1414.0,387.39,26.3866
14248148149,0,0.0,0.0,0.0,2124.0,271.0,387.41,24.2884
14248148149,1,0.0,0.0,0.0,191.0,838.0,387.41,25.1114
14248148149,1,0.0,0.0,0.0,488.0,1332.0,387.39,26.8613
14248148149,0,0.0,0.0,0.0,1491.0,1201.0,387.39,25.39
14366656433,0,0.0,0.0,0.0,1683.0,1022.0,3328.17,39.623
14366656433,1,0.0,0.0,0.0,1381.0,1873.0,3328.17,38.1427
14366656433,1,0.0,0.0,0.0,450.0,550.0,3328.19,35.5974
14366656433,0,0.0,0.0,0.0,22.0,1645.0,3328.19,38.047
14366656433,0,0.0,0.0,0.0,632.0,1063.0,3328.13,38.9724
14366656433,1,0.0,0.0,0.0,1674.0,429.0,3328.13,37.8737
14366656433,1,0.0,0.0,0.0,1677.0,91.0,3328.14,39.2305
14366656433,1,0.0,0.0,0.0,84.0,1838.0,3328.14,38.5879
14366656433,0,0.0,0.0,0.0,978.0,1782.0,3328.13,37.4962
14366656433,1,0.0,0.0,0.0,1713.0,1625.0,3328.13,37.9579
14366656433,0,0.0,0.0,0.0,1497.0,1065.0,3328.14,37.2521
14366656433,0,0.0,0.0,0.0,752.0,455.0,3328.12,36.4659
14366656433,1,0.0,0.0,0.0,1246.0,356.0,3328.12,37.136
14366656433,0,0.0,0.0,0.0,1346.0,1477.0,3328.12,38.5996
14366656433,1,0.0,0.0,0.0,1080.0,22.0,3328.12,37.0694
14366656433,0,0.0,0.0,0.0,1881.0,405.0,3328.14,38.262
14461258892,1,34.0,44.0,34.0,1084.0,1305.0,2100.1,120.344
14461258892,0,34.0,44.0,35.0,1100.0,1311.0,2100.11,120.993
14461258892,1,34.0,44.0,34.0,1099.0,1307.0,2100.09,121.506
14461258892,0,34.0,44.0,34.0,1082.0,1299.0,2100.09,120.528
14461258892,1,34.0,44.0,34.0,1080.0,1283.0,2100.11,114.78
14461258892,1,34.0,44.0,34.0,1079.0,1273.0,2100.1,125.061
14461258892,0,34.0,44.0,33.0,1086.0,1293.0,2100.1,117.358
14461258892,1,34.0,44.0,33.0,1086.0,1303.0,2100.09,116.717
14461258892,0,34.0,44.0,34.0,1097.0,1293.0,2100.09,120.283
14461258892,0,33.0,44.0,34.0,1098.0,1323.0,2100.1,122.647
14461258892,1,34.0,44.0,35.0,1079.0,1301.0,2097.11,117.761
14461258892,1,34.0,44.0,34.0,1106.0,1321.0,2100.09,124.003
14461258892,0,34.0,44.0,34.0,1079.0,1308.0,2100.09,125.107
14461258892,0,34.0,45.0,34.0,1093.0,1326.0,2097.11,125.046
14461258892,1,34.0,45.0,34.0,1100.0,1322.0,2100.09,127.742
14461258892,0,34.0,44.0,34.0,1094.0,1312.0,2100.09,118.756
14950044367,0,0.0,0.0,0.0,546.0,486.0,54.77,24.8421
14950044367,0,0.0,0.0,0.0,567.0,513.0,54.81,24.3799
14950044367,1,0.0,0.0,0.0,538.0,474.0,54.81,26.9772
14950044367,1,0.0,0.0,0.0,544.0,483.0,54.77,24.8789
14950044367,0,0.0,0.0,0.0,36.0,97.0,54.8,25.5288
14950044367,0,0.0,0.0,0.0,809.0,2098.0,54.77,24.5632
14950044367,0,0.0,0.0,0.0,544.0,481.0,54.78,27.6011
14950044367,1,0.0,0.0,0.0,584.0,535.0,54.78,25.1724
14950044367,1,0.0,0.0,0.0,1635.0,310.0,54.77,25.0486
14950044367,1,0.0,0.0,0.0,1593.0,1363.0,54.77,25.5315
14950044367,1,0.0,0.0,0.0,23.0,85.0,54.8,25.8815
14950044367,0,0.0,0.0,0.0,879.0,833.0,54.77,26.4975
14950044367,0,0.0,0.0,0.0,30.0,91.0,54.78,26.6575
14950044367,1,0.0,0.0,0.0,20.0,1244.0,54.78,35.8768
14950044367,1,0.0,0.0,0.0,39.0,100.0,54.78,26.1564
14950044367,0,0.0,0.0,0.0,1457.0,1217.0,54.78,36.8096
14962431740,1,0.0,0.0,0.0,302.0,326.0,25.51,33.413
14962431740,1,0.0,0.0,0.0,484.0,353.0,25.5,32.6152
14962431740,1,0.0,0.0,0.0,343.0,335.0,25.5,32.1555
14962431740,0,0.0,0.0,0.0,388.0,341.0,25.5,32.3282
14962431740,0,0.0,0.0,0.0,493.0,354.0,25.5,32.8494
14962431740,0,0.0,0.0,0.0,481.0,352.0,25.5,33.1103
14962431740,1,0.0,0.0,0.0,388.0,340.0,25.5,33.6013
14962431740,0,0.0,0.0,0.0,477.0,352.0,25.49,31.7688
14962431740,1,0.0,0.0,0.0,458.0,350.0,25.49,31.8792
14962431740,1,0.0,0.0,0.0,484.0,352.0,25.52,32.936
14962431740,0,0.0,0.0,0.0,408.0,343.0,25.5,31.8517
14962431740,1,0.0,0.0,0.0,374.0,340.0,25.5,32.2174
14962431740,0,0.0,0.0,0.0,350.0,335.0,25.52,32.1825
14962431740,0,0.0,0.0,0.0,341.0,335.0,25.5,33.4685
14962431740,1,0.0,0.0,0.0,285.0,328.0,25.5,31.5576
14962431740,0,0.0,0.0,0.0,335.0,334.0,25.51,32.5454
15018376729,0,0.0,0.0,0.0,1842.0,1974.0,7221.18,26.8368
15018376729,1,0.0,0.0,0.0,1940.0,1534.0,7221.18,25.3566
15018376729,0,0.0,0.0,0.0,899.0,578.0,7221.2,25.7923
15018376729,1,0.0,0.0,0.0,1571.0,646.0,7251.53,25.9722
15018376729,0,0.0,0.0,0.0,1116.0,1754.0,7221.18,24.2989
15018376729,1,0.0,0.0,0.0,657.0,1702.0,7221.18,26.3686
15018376729,0,0.0,0.0,0.0,1366.0,900.0,7251.53,27.6151
15018376729,1,0.0,0.0,0.0,979.0,1419.0,7221.2,24.1864
15018376729,1,0.0,0.0,0.0,517.0,1339.0,7221.2,25.8086
15018376729,0,0.0,0.0,0.0,244.0,134.0,7221.2,26.0221
15018376729,0,0.0,0.0,0.0,1053.0,1299.0,7221.19,25.2677
15018376729,1,0.0,0.0,0.0,1219.0,676.0,7221.19,25.1389
15018376729,0,0.0,0.0,0.0,2098.0,2046.0,7221.2,25.5725
15018376729,1,0.0,0.0,0.0,43.0,961.0,7221.21,27.0812
15018376729,0,0.0,0.0,0.0,2027.0,86.0,7221.21,26.3806
15018376729,1,0.0,0.0,0.0,389.0,625.0,7221.2,25.6486
15397396873,0,0.0,0.0,0.0,439.0,1826.0,55.05,28.5765
15397396873,0,0.0,0.0,0.0,1599.0,1146.0,53.05,26.1565
15397396873,1,0.0,0.0,0.0,1980.0,1744.0,53.05,25.0966
15397396873,1,0.0,0.0,0.0,539.0,708.0,53.02,25.8903
15397396873,1,0.0,0.0,0.0,1400.0,791.0,53.05,26.9219
15397396873,0,0.0,0.0,0.0,1612.0,1528.0,53.07,24.1587
15397396873,1,0.0,0.0,0.0,1004.0,432.0,53.02,24.6885
15397396873,0,0.0,0.0,0.0,1190.0,1341.0,53.02,26.0692
15397396873,1,0.0,0.0,0.0,2063.0,2028.0,53.04,25.6985
15397396873,0,0.0,0.0,0.0,398.0,1832.0,53.04,27.1492
15397396873,0,0.0,0.0,0.0,1840.0,790.0,53.05,26.0179
15397396873,1,0.0,0.0,0.0,203.0,1680.0,53.03,24.3266
15397396873,1,0.0,0.0,0.0,1145.0,1491.0,53.07,25.2686
15397396873,0,0.0,0.0,0.0,1550.0,1842.0,53.03,26.4447
15397396873,1,0.0,0.0,0.0,1597.0,1081.0,55.05,26.2137
15397396873,0,0.0,0.0,0.0,1531.0,692.0,53.02,27.3694
15502730664,0,3.0,11.0,3.0,1279.0,1409.0,2147.71,44.4538
15502730664,1,6.0,18.0,6.0,1088.0,1940.0,2147.71,48.007
15502730664,0,5.0,14.0,5.0,1276.0,1646.0,2147.71,49.7693
15502730664,1,2.0,8.0,2.0,398.0,933.0,2147.72,40.9209
15502730664,0,3.0,10.0,3.0,1077.0,470.0,2147.74,42.2322
15502730664,0,4.0,12.0,4.0,1008.0,417.0,2147.7,47.4062
15502730664,0,2.0,7.0,2.0,685.0,1073.0,2147.71,40.8894
15502730664,1,4.0,12.0,4.0,1070.0,855.0,2147.71,46.4195
15502730664,0,4.0,11.0,4.0,1233.0,116.0,2147.71,46.9699
15502730664,1,2.0,8.0,2.0,885.0,1270.0,2147.7,42.0381
15502730664,0,2.0,7.0,2.0,1331.0,1639.0,2147.72,42.6616
15502730664,1,3.0,11.0,3.0,1395.0,761.0,2147.71,43.8578
15502730664,0,4.0,10.0,4.0,1218.0,1802.0,2147.71,45.569
15502730664,1,4.0,13.0,4.0,1253.0,1585.0,2147.74,43.7545
15502730664,1,3.0,11.0,4.0,1102.0,1748.0,2147.71,42.8109
15502730664,1,3.0,11.0,4.0,1388.0,1013.0,2147.71,44.6083
15964509811,1,9.0,19.0,9.0,875.0,263.0,144336.0,65.7323
15964509811,0,9.0,21.0,9.0,1109.0,503.0,144336.0,61.081
15964509811,1,9.0,21.0,9.0,978.0,719.0,144334.0,65.5571
15964509811,0,9.0,21.0,9.0,1348.0,767.0,144334.0,63.1813
15964509811,0,9.0,21.0,9.0,1188.0,1630.0,144336.0,62.2128
15964509811,1,9.0,20.0,10.0,1317.0,380.0,144334.0,65.7511
15964509811,1,9.0,21.0,10.0,1356.0,391.0,144334.0,64.8019
15964509811,1,9.0,21.0,9.0,1436.0,1307.0,144336.0,67.8101
15964509811,0,9.0,21.0,10.0,1092.0,1943.0,144334.0,64.2609
15964509811,0,9.0,20.0,10.0,975.0,810.0,144334.0,65.5073
15964509811,1,9.0,21.0,9.0,1263.0,939.0,144334.0,60.6585
15964509811,1,9.0,20.0,10.0,968.0,1760.0,144334.0,60.8162
15964509811,0,9.0,21.0,10.0,1000.0,1514.0,144334.0,63.4398
15964509811,1,9.0,20.0,9.0,753.0,1089.0,144334.0,63.331
15964509811,0,9.0,21.0,9.0,1295.0,831.0,144334.0,64.1694
15964509811,0,9.0,21.0,9.0,877.0,1189.0,144334.0,62.8703
15969705474,0,5.0,16.0,5.0,568.0,172.0,986.65,43.7588
15969705474,0,3.0,11.0,3.0,480.0,148.0,986.71,43.6312
15969705474,0,4.0,13.0,4.0,525.0,168.0,986.65,42.8713
15969705474,1,0.0,0.0,4.0,523.0,165.0,986.67,41.2643
15969705474,1,0.0,0.0,5.0,592.0,181.0,986.65,43.0343
15969705474,0,7.0,23.0,7.0,642.0,179.0,988.66,44.5258
15969705474,1,0.0,0.0,3.0,486.0,161.0,986.71,40.8872
15969705474,0,4.0,13.0,4.0,529.0,160.0,986.67,41.6444
15969705474,1,7.0,22.0,7.0,671.0,186.0,986.7,43.5508
15969705474,0,5.0,17.0,5.0,592.0,171.0,986.7,44.7734
15969705474,0,3.0,12.0,4.0,491.0,150.0,986.65,45.1922
15969705474,1,3.0,11.0,3.0,483.0,154.0,986.65,42.7089
15969705474,0,2.0,8.0,2.0,389.0,139.0,986.67,41.0436
15969705474,1,0.0,0.0,3.0,401.0,141.0,986.67,40.3803
15969705474,0,2.0,7.0,2.0,356.0,139.0,986.67,40.8111
15969705474,1,0.0,0.0,2.0,376.0,141.0,986.67,39.7878
15969705474,1,5.0,18.0,6.0,644.0,179.0,986.65,46.2593
15969705474,0,3.0,10.0,3.0,457.0,147.0,986.71,41.211
15969705474,1,5.0,18.0,6.0,649.0,181.0,986.71,42.5029
15969705474,1,4.0,15.0,5.0,587.0,162.0,986.67,46.8379
15969705474,1,3.0,11.0,3.0,515.0,163.0,986.66,41.8623
15969705474,0,2.0,8.0,2.0,389.0,142.0,986.66,40.9134
15969705474,0,3.0,10.0,3.0,439.0,148.0,986.67,41.6214
15969705474,1,2.0,8.0,2.0,366.0,142.0,986.65,40.2349
15969705474,0,3.0,12.0,3.0,496.0,164.0,986.69,41.6581
15969705474,1,3.0,12.0,4.0,514.0,164.0,986.66,42.578
15969705474,1,0.0,0.0,3.0,520.0,157.0,986.69,40.3297
15969705474,1,7.0,22.0,7.0,694.0,189.0,986.65,44.1498
15969705474,1,0.0,0.0,8.0,649.0,179.0,988.66,43.7637
15969705474,0,2.0,8.0,2.0,360.0,126.0,986.65,41.8557
15969705474,0,4.0,12.0,4.0,498.0,147.0,986.65,45.9627
15969705474,0,2.0,7.0,2.0,351.0,140.0,986.66,40.143
15971444751,1,0.0,0.0,5.0,1033.0,981.0,249226.0,48.0232
15971444751,0,0.0,0.0,4.0,1090.0,573.0,249226.0,46.8825
15971444751,1,0.0,0.0,3.0,904.0,1484.0,249226.0,43.4467
15971444751,0,0.0,0.0,3.0,945.0,527.0,249226.0,43.419
15971444751,1,0.0,0.0,7.0,1145.0,909.0,249226.0,49.3707
15971444751,0,0.0,0.0,4.0,1104.0,1248.0,249226.0,44.7735
15971444751,1,0.0,0.0,2.0,1258.0,1206.0,249226.0,43.0024
15971444751,0,0.0,0.0,5.0,1143.0,1624.0,249226.0,50.4342
15971444751,0,0.0,0.0,5.0,1207.0,907.0,249226.0,47.4221
15971444751,1,0.0,0.0,4.0,970.0,476.0,249226.0,47.4139
15971444751,1,0.0,0.0,6.0,974.0,1080.0,249226.0,49.7889
15971444751,0,0.0,0.0,4.0,1045.0,1395.0,249226.0,45.5288
15971444751,1,0.0,0.0,5.0,1010.0,861.0,249226.0,46.8427
15971444751,0,0.0,0.0,4.0,1102.0,1671.0,249226.0,46.161
15971444751,0,0.0,0.0,2.0,1205.0,1011.0,249226.0,42.3872
15971444751,1,0.0,0.0,6.0,1142.0,1526.0,249226.0,49.0909
15975949200,1,11.0,30.0,11.0,1120.0,1946.0,180146.0,73.7425
15975949200,0,11.0,30.0,11.0,1121.0,436.0,180146.0,71.9107
15975949200,0,11.0,30.0,12.0,901.0,806.0,180144.0,71.294
15975949200,1,11.0,30.0,11.0,899.0,1223.0,180144.0,73.959
15975949200,1,11.0,22.0,12.0,1225.0,1797.0,180146.0,69.578
15975949200,0,11.0,30.0,11.0,1026.0,1211.0,180146.0,73.2144
15975949200,1,11.0,30.0,11.0,1115.0,1444.0,180146.0,72.8648
15975949200,0,11.0,30.0,11.0,1186.0,1410.0,180146.0,74.2655
15975949200,1,11.0,30.0,11.0,1009.0,254.0,180144.0,69.2217
15975949200,0,11.0,30.0,12.0,912.0,1924.0,180144.0,74.6334
15975949200,1,11.0,30.0,11.0,1079.0,810.0,180144.0,75.2978
15975949200,0,11.0,30.0,10.0,878.0,1460.0,180144.0,74.9984
15975949200,1,11.0,30.0,12.0,1183.0,1366.0,180146.0,68.5658
15975949200,0,11.0,30.0,12.0,1143.0,1348.0,180146.0,72.9023
15975949200,1,11.0,29.0,11.0,1181.0,1095.0,180146.0,76.0403
15975949200,0,11.0,28.0,11.0,1017.0,1331.0,180146.0,72.6229
16218136710,0,0.0,0.0,0.0,1638.0,430.0,6.27,25.7963
16218136710,1,0.0,0.0,0.0,1797.0,678.0,6.27,24.8207
16218136710,1,0.0,0.0,0.0,1132.0,2105.0,6.28,26.4434
16218136710,0,0.0,0.0,0.0,836.0,689.0,6.28,25.6914
16218136710,1,0.0,0.0,0.0,1744.0,1217.0,6.27,25.6919
16218136710,0,0.0,0.0,0.0,782.0,1199.0,6.27,24.0628
16218136710,0,0.0,0.0,0.0,1082.0,341.0,6.3,26.0433
16218136710,1,0.0,0.0,0.0,1181.0,1143.0,6.3,25.1145
16218136710,0,0.0,0.0,0.0,72.0,161.0,6.25,25.6157
16218136710,0,0.0,0.0,0.0,661.0,1058.0,6.25,25.6422
16218136710,1,0.0,0.0,0.0,316.0,1390.0,6.25,27.359
16218136710,1,0.0,0.0,0.0,2042.0,1568.0,6.25,25.47
16218136710,1,0.0,0.0,0.0,2061.0,343.0,6.25,28.1634
16218136710,0,0.0,0.0,0.0,1124.0,66.0,6.25,24.6338
16218136710,1,0.0,0.0,0.0,165.0,1580.0,6.25,24.712
16218136710,0,0.0,0.0,0.0,182.0,802.0,6.25,25.0785
16456999630,1,0.0,3.0,0.0,613.0,1174.0,476.17,36.4316
16456999630,0,0.0,1.0,0.0,353.0,337.0,476.17,35.8703
16456999630,0,0.0,3.0,0.0,1774.0,595.0,476.18,36.9505
16456999630,1,0.0,3.0,0.0,763.0,414.0,476.18,35.6268
16456999630,1,0.0,3.0,0.0,929.0,1802.0,476.18,35.7304
16456999630,0,0.0,4.0,0.0,606.0,1741.0,476.18,35.0278
16456999630,1,0.0,4.0,0.0,1108.0,1439.0,476.16,36.5255
16456999630,0,0.0,3.0,0.0,954.0,1413.0,476.16,36.5243
16456999630,0,0.0,1.0,0.0,1166.0,886.0,476.18,35.9082
16456999630,1,0.0,0.0,0.0,1662.0,1368.0,476.18,33.9755
16456999630,1,0.0,1.0,0.0,953.0,448.0,476.19,37.0555
16456999630,0,0.0,1.0,0.0,148.0,297.0,476.19,33.5184
16456999630,1,0.0,1.0,0.0,1805.0,1960.0,476.16,36.2591
16456999630,0,0.0,3.0,0.0,1944.0,1988.0,476.16,37.2829
16456999630,0,0.0,2.0,0.0,68.0,2038.0,476.16,37.053
16456999630,1,0.0,2.0,0.0,1253.0,106.0,476.16,34.2824
16456999630,1,0.0,1.0,0.0,1460.0,1500.0,476.17,35.6093
16456999630,0,0.0,3.0,0.0,1312.0,115.0,476.18,36.2197
16456999630,1,0.0,1.0,0.0,117.0,687.0,476.17,35.0138
16456999630,0,0.0,2.0,0.0,1304.0,1862.0,476.17,36.0684
16456999630,0,0.0,1.0,0.0,294.0,1680.0,476.17,35.0639
16456999630,1,0.0,2.0,0.0,1267.0,103.0,476.18,35.6625
16456999630,0,0.0,0.0,0.0,485.0,1718.0,476.17,35.3077
16456999630,1,0.0,1.0,0.0,2128.0,663.0,476.18,34.5766
16456999630,0,0.0,3.0,0.0,1555.0,166.0,476.19,35.5995
16456999630,1,0.0,3.0,0.0,327.0,731.0,476.19,38.5019
16456999630,1,0.0,4.0,0.0,915.0,37.0,476.17,34.8631
16456999630,1,0.0,4.0,0.0,1428.0,1890.0,476.16,36.4284
16456999630,0,0.0,1.0,0.0,1670.0,1540.0,476.16,34.5645
16456999630,0,0.0,4.0,0.0,2131.0,266.0,476.18,35.5605
16456999630,1,0.0,5.0,0.0,406.0,2101.0,476.18,35.4586
16456999630,0,0.0,1.0,0.0,2050.0,1606.0,476.18,36.8697
16558225409,0,1.0,3.0,2.0,2046.0,90.0,34.89,37.8129
16558225409,1,1.0,3.0,1.0,2079.0,2076.0,34.89,39.9625
16558225409,1,1.0,3.0,2.0,919.0,1487.0,34.87,38.9429
16558225409,0,1.0,3.0,1.0,1088.0,1533.0,34.87,38.0808
16558225409,0,1.0,3.0,2.0,1006.0,1531.0,34.87,38.199
16558225409,1,1.0,3.0,2.0,657.0,1426.0,34.87,39.0333
16558225409,1,1.0,3.0,2.0,388.0,1344.0,34.87,44.5304
16558225409,0,1.0,3.0,2.0,427.0,1376.0,34.87,38.1928
16558225409,0,1.0,3.0,3.0,1115.0,458.0,34.89,38.2621
16558225409,1,1.0,3.0,3.0,1982.0,1239.0,34.89,36.4433
16558225409,1,1.0,2.0,1.0,628.0,1406.0,37.53,47.3979
16558225409,0,1.0,3.0,2.0,514.0,1401.0,37.53,38.0347
16558225409,0,1.0,3.0,2.0,1980.0,539.0,34.93,40.4715
16558225409,1,1.0,3.0,1.0,1989.0,838.0,34.93,38.4531
16558225409,0,1.0,2.0,2.0,2054.0,1534.0,37.6,38.5573
16558225409,1,1.0,2.0,2.0,1234.0,683.0,37.6,39.1397
17132048935,0,8.0,12.0,10.0,680.0,740.0,506.74,67.6194
17132048935,1,8.0,12.0,10.0,1904.0,72.0,506.74,62.5904
17132048935,1,8.0,12.0,10.0,556.0,1770.0,506.75,65.5052
17132048935,0,8.0,12.0,8.0,571.0,142.0,506.75,63.0579
17132048935,1,8.0,12.0,7.0,372.0,766.0,506.75,62.4574
17132048935,1,8.0,12.0,9.0,540.0,304.0,506.76,64.8461
17132048935,0,8.0,12.0,8.0,1383.0,768.0,506.75,62.6953
17132048935,0,8.0,12.0,8.0,474.0,308.0,506.76,63.0664
17132048935,1,8.0,12.0,9.0,875.0,157.0,504.76,59.2359
17132048935,1,8.0,12.0,7.0,1477.0,1449.0,506.75,63.0251
17132048935,0,8.0,12.0,7.0,752.0,1338.0,506.75,60.3293
17132048935,0,8.0,12.0,8.0,1959.0,947.0,504.76,63.8575
17132048935,1,8.0,12.0,9.0,1810.0,404.0,506.76,60.775
17132048935,0,8.0,12.0,7.0,1336.0,487.0,506.76,61.9835
17132048935,1,8.0,12.0,8.0,352.0,1237.0,506.74,61.6572
17132048935,0,8.0,12.0,8.0,521.0,301.0,506.74,58.5713
17202792347,0,13.0,33.0,12.0,1009.0,424.0,20221.6,75.2135
17202792347,1,13.0,33.0,13.0,1092.0,686.0,20221.6,71.2453
17202792347,0,13.0,32.0,13.0,1156.0,843.0,20219.9,75.2722
17202792347,1,13.0,33.0,12.0,1066.0,1446.0,20219.9,67.3842
17202792347,0,13.0,33.0,12.0,1023.0,1059.0,20221.6,70.9157
17202792347,1,13.0,32.0,13.0,1130.0,1204.0,20221.6,68.3402
17202792347,1,13.0,33.0,14.0,1109.0,688.0,20219.9,69.5678
17202792347,0,13.0,33.0,13.0,1031.0,1555.0,20219.9,70.9156
17202792347,1,13.0,33.0,13.0,1007.0,715.0,20219.9,69.6321
17202792347,1,13.0,33.0,13.0,1042.0,1482.0,20219.9,71.3109
17202792347,1,13.0,32.0,13.0,1032.0,813.0,20219.9,75.1734
17202792347,1,13.0,33.0,13.0,1121.0,1452.0,20219.9,66.8265
17202792347,0,13.0,32.0,13.0,1102.0,685.0,20219.9,70.1892
17202792347,1,13.0,32.0,13.0,1112.0,418.0,20219.9,69.8211
17202792347,0,13.0,33.0,13.0,1116.0,1433.0,20219.9,70.0916
17202792347,1,13.0,32.0,13.0,1098.0,1733.0,20221.6,73.6307
17202792347,1,13.0,32.0,12.0,1120.0,1615.0,20221.6,68.5908
17202792347,0,13.0,32.0,13.0,1161.0,1653.0,20221.6,70.4883
17202792347,1,13.0,33.0,13.0,1107.0,1121.0,20219.9,73.1188
17202792347,1,13.0,33.0,12.0,1089.0,1378.0,20219.9,70.3173
17202792347,0,13.0,33.0,13.0,1028.0,1683.0,20219.9,70.2356
17202792347,1,13.0,30.0,13.0,982.0,1327.0,20219.9,72.7355
17202792347,0,13.0,33.0,13.0,1091.0,1087.0,20219.9,71.2759
17202792347,1,13.0,33.0,14.0,1113.0,1155.0,20219.9,69.2766
17202792347,0,13.0,32.0,14.0,1116.0,1361.0,20221.6,70.097
17202792347,1,13.0,32.0,12.0,1088.0,1563.0,20221.6,63.9684
17202792347,0,13.0,30.0,12.0,984.0,1053.0,20219.9,70.3782
17202792347,1,13.0,32.0,13.0,1089.0,588.0,20219.9,67.6341
17202792347,1,13.0,32.0,14.0,1154.0,909.0,20221.6,70.8851
17202792347,0,13.0,32.0,13.0,1116.0,464.0,20221.6,66.6187
17202792347,0,13.0,33.0,12.0,1113.0,1432.0,20219.9,67.2762
17202792347,0,13.0,33.0,14.0,1119.0,1748.0,20221.6,70.3782
17202792347,1,13.0,33.0,13.0,1063.0,882.0,20219.9,66.9379
17202792347,0,13.0,31.0,12.0,1081.0,720.0,20219.9,70.569
17202792347,0,13.0,32.0,13.0,1026.0,843.0,20219.9,72.676
17202792347,1,13.0,33.0,12.0,1023.0,574.0,20219.9,68.777
17202792347,0,13.0,33.0,12.0,1042.0,424.0,20219.9,71.5692
17202792347,1,13.0,33.0,13.0,1100.0,1647.0,20221.6,72.8799
17202792347,1,13.0,32.0,13.0,1146.0,1451.0,20219.9,69.4936
17202792347,0,13.0,33.0,14.0,1071.0,552.0,20219.9,70.0122
17202792347,0,13.0,33.0,14.0,1110.0,618.0,20219.9,72.2062
17202792347,0,13.0,29.0,13.0,1149.0,536.0,20219.9,69.7304
17202792347,1,13.0,32.0,13.0,999.0,1111.0,20219.9,70.3475
17202792347,0,13.0,33.0,13.0,1062.0,1322.0,20219.9,72.2281
17202792347,1,13.0,33.0,13.0,1114.0,927.0,20219.9,73.463
17202792347,0,13.0,33.0,13.0,1087.0,1687.0,20221.6,67.4871
17202792347,1,13.0,33.0,13.0,1103.0,766.0,20221.6,71.972
17202792347,0,13.0,32.0,13.0,1149.0,763.0,20221.6,67.2265
17202792347,1,13.0,33.0,13.0,1109.0,1392.0,20219.9,64.9609
17202792347,0,13.0,33.0,12.0,1107.0,1412.0,20219.9,72.28
17202792347,0,13.0,33.0,13.0,1031.0,1538.0,20219.9,75.9205
17202792347,1,13.0,33.0,13.0,1103.0,1192.0,20219.9,69.1794
17202792347,1,13.0,32.0,13.0,1089.0,1035.0,20219.9,71.1785
17202792347,0,13.0,33.0,13.0,992.0,747.0,20219.9,72.004
17202792347,1,13.0,33.0,13.0,1090.0,1389.0,20219.9,69.0569
17202792347,0,13.0,33.0,13.0,1105.0,1417.0,20219.9,69.235
17202792347,0,13.0,33.0,13.0,1139.0,1521.0,20219.9,70.296
17202792347,1,13.0,32.0,13.0,1132.0,816.0,20219.9,70.4419
17202792347,0,13.0,33.0,13.0,1019.0,1362.0,20219.9,70.3645
17202792347,1,13.0,33.0,14.0,1072.0,773.0,20219.9,75.1452
17202792347,0,13.0,33.0,13.0,1123.0,519.0,20219.9,72.9193
17202792347,0,13.0,32.0,13.0,1042.0,1340.0,20219.9,74.6034
17202792347,1,13.0,32.0,13.0,1071.0,582.0,20219.9,65.4697
17202792347,0,13.0,33.0,12.0,1153.0,1384.0,20219.9,69.239
17406481694,1,0.0,0.0,0.0,1.0,12.0,170.55,28.052
17406481694,0,0.0,0.0,0.0,2.0,13.0,170.55,28.2511
17406481694,1,0.0,0.0,0.0,2.0,12.0,170.54,26.4151
17406481694,0,0.0,0.0,0.0,3.0,13.0,170.54,25.9322
17406481694,0,0.0,0.0,0.0,2.0,13.0,170.54,27.5755
17406481694,1,0.0,0.0,0.0,4.0,14.0,170.54,28.5502
17406481694,0,0.0,0.0,0.0,2.0,13.0,170.53,27.5868
17406481694,1,0.0,0.0,0.0,2.0,12.0,170.53,25.4913
17406481694,0,0.0,0.0,0.0,2.0,12.0,170.55,28.3893
17406481694,1,0.0,0.0,0.0,4.0,15.0,170.55,29.9816
17406481694,1,0.0,0.0,0.0,0.0,10.0,174.2,30.4219
17406481694,0,0.0,0.0,0.0,2.0,12.0,174.2,27.347
17406481694,0,0.0,0.0,0.0,3.0,14.0,174.2,31.4868
17406481694,1,0.0,0.0,0.0,3.0,14.0,174.2,24.8176
17406481694,0,0.0,0.0,0.0,2.0,13.0,170.55,27.0706
17406481694,1,0.0,0.0,0.0,1.0,12.0,170.55,25.6373
17406481694,0,0.0,0.0,0.0,2.0,13.0,174.19,27.0271
17406481694,1,0.0,0.0,0.0,4.0,14.0,174.19,26.5449
17406481694,1,0.0,0.0,0.0,4.0,14.0,170.56,28.1937
17406481694,1,0.0,0.0,0.0,2.0,12.0,170.55,26.6444
17406481694,1,0.0,0.0,0.0,4.0,14.0,174.2,28.9633
17406481694,0,0.0,0.0,0.0,4.0,14.0,174.2,27.6354
17406481694,1,0.0,0.0,0.0,1.0,11.0,174.2,28.403
17406481694,0,0.0,0.0,0.0,2.0,13.0,170.55,26.8736
17406481694,0,0.0,0.0,0.0,2.0,12.0,170.54,26.8767
17406481694,1,0.0,0.0,0.0,2.0,12.0,170.54,28.7769
17406481694,1,0.0,0.0,0.0,1.0,10.0,170.54,26.2558
17406481694,0,0.0,0.0,0.0,3.0,12.0,170.54,28.5029
17406481694,0,0.0,0.0,0.0,1.0,12.0,174.19,27.8152
17406481694,1,0.0,0.0,0.0,2.0,13.0,174.19,26.2963
17406481694,0,0.0,0.0,0.0,3.0,12.0,174.2,25.6576
17406481694,0,0.0,0.0,0.0,4.0,14.0,170.56,27.5443
17423399872,0,0.0,1.0,4.0,1057.0,1653.0,547.06,45.0391
17423399872,1,0.0,1.0,2.0,284.0,839.0,547.06,41.839
17423399872,0,0.0,1.0,2.0,643.0,1216.0,547.05,40.8806
17423399872,1,0.0,1.0,2.0,300.0,1724.0,547.05,41.21
17423399872,0,0.0,0.0,4.0,800.0,2088.0,547.05,45.4799
17423399872,1,0.0,1.0,4.0,1076.0,1571.0,547.05,41.2067
17423399872,0,0.0,2.0,4.0,1132.0,256.0,547.11,45.7821
17423399872,1,0.0,1.0,5.0,1337.0,1118.0,547.11,46.4023
17423399872,1,0.0,1.0,4.0,332.0,536.0,547.05,42.8676
17423399872,0,0.0,1.0,3.0,1762.0,286.0,547.12,42.1098
17423399872,1,0.0,1.0,4.0,1448.0,761.0,547.05,42.0542
17423399872,0,0.0,1.0,3.0,1068.0,1492.0,547.05,43.9811
17423399872,1,1.0,2.0,6.0,512.0,1406.0,547.12,45.2999
17423399872,0,0.0,1.0,3.0,441.0,1446.0,547.05,44.9467
17423399872,1,0.0,2.0,5.0,945.0,655.0,547.06,48.5831
17423399872,0,0.0,1.0,2.0,1918.0,929.0,547.06,39.9439
17450123358,1,0.0,0.0,0.0,12.0,38.0,0.8,24.797
17450123358,0,0.0,0.0,0.0,5.0,31.0,0.8,26.24
17450123358,1,0.0,0.0,0.0,4.0,30.0,0.89,25.269
17450123358,1,0.0,0.0,0.0,8.0,34.0,0.82,27.152
17450123358,0,0.0,0.0,0.0,3.0,29.0,0.82,26.07
17450123358,0,0.0,0.0,0.0,10.0,36.0,0.89,25.844
17450123358,0,0.0,0.0,0.0,7.0,33.0,0.79,25.88
17450123358,1,0.0,0.0,0.0,1.0,27.0,0.79,28.109
17450123358,1,0.0,0.0,0.0,11.0,37.0,0.8,27.95
17450123358,0,0.0,0.0,0.0,3.0,29.0,0.8,26.762
17450123358,1,0.0,0.0,0.0,4.0,0.0,0.8,0.0
17450123358,0,0.0,0.0,0.0,0.0,0.0,0.8,0.0
17450123358,1,0.0,0.0,0.0,2.0,28.0,0.8,25.317
17450123358,0,0.0,0.0,0.0,9.0,35.0,0.81,26.655
17450123358,0,0.0,0.0,0.0,8.0,34.0,0.8,25.501
17450123358,1,0.0,0.0,0.0,11.0,37.0,0.81,25.012
17486415017,1,0.0,0.0,0.0,1570.0,1642.0,411.81,37.6401
17486415017,0,0.0,0.0,0.0,1694.0,954.0,411.81,37.9805
17486415017,1,0.0,0.0,0.0,46.0,979.0,411.85,37.3223
17486415017,0,0.0,0.0,0.0,1021.0,264.0,411.85,35.5952
17486415017,0,0.0,0.0,0.0,122.0,1544.0,413.48,37.6967
17486415017,1,0.0,0.0,0.0,1198.0,778.0,413.48,37.502
17486415017,1,0.0,0.0,0.0,954.0,1786.0,413.47,40.3542
17486415017,0,0.0,0.0,0.0,1002.0,718.0,413.47,37.2939
17486415017,1,0.0,0.0,0.0,555.0,541.0,411.81,38.1855
17486415017,0,0.0,0.0,0.0,228.0,856.0,411.81,36.9862
17486415017,1,64.0,90.0,65.0,1458.0,1232.0,411.82,116.528
17486415017,0,0.0,0.0,0.0,729.0,1593.0,411.82,37.6327
17486415017,0,0.0,0.0,0.0,236.0,200.0,411.8,37.896
17486415017,1,0.0,0.0,0.0,304.0,591.0,411.8,37.7264
17486415017,0,0.0,0.0,0.0,2056.0,1138.0,413.46,38.5515
17486415017,1,0.0,0.0,0.0,1691.0,1131.0,413.46,37.8047
17902681868,0,0.0,0.0,0.0,1857.0,967.0,67256.2,37.6088
17902681868,1,0.0,0.0,0.0,1900.0,1094.0,67256.2,36.9381
17902681868,0,0.0,0.0,0.0,1836.0,864.0,67256.2,35.9529
17902681868,1,0.0,0.0,0.0,1864.0,1026.0,67256.2,39.4427
17902681868,1,0.0,0.0,0.0,1880.0,1048.0,67256.2,36.3962
17902681868,0,0.0,0.0,0.0,1843.0,897.0,67256.2,36.943
17902681868,1,0.0,0.0,0.0,1914.0,1179.0,67256.2,37.2347
17902681868,0,0.0,0.0,0.0,1841.0,898.0,67256.2,38.7853
17902681868,0,0.0,0.0,0.0,1853.0,969.0,67256.2,37.7043
17902681868,1,0.0,0.0,0.0,1875.0,988.0,67256.2,38.5784
17902681868,0,0.0,0.0,0.0,1857.0,891.0,67256.2,37.7465
17902681868,1,0.0,0.0,0.0,1874.0,1042.0,67256.2,37.741
17902681868,0,0.0,0.0,0.0,1857.0,971.0,67256.2,36.1884
17902681868,1,0.0,0.0,0.0,1833.0,831.0,67256.2,37.5987
17902681868,1,0.0,0.0,0.0,1838.0,874.0,67256.2,36.4485
17902681868,0,0.0,0.0,0.0,1866.0,1012.0,67256.2,36.6419
18240737421,1,0.0,0.0,0.0,1145.0,1491.0,1.08,25.257
18240737421,0,0.0,0.0,0.0,1612.0,1528.0,1.08,24.18
18240737421,1,0.0,0.0,0.0,539.0,708.0,1.09,25.838
18240737421,0,0.0,0.0,0.0,1531.0,692.0,1.09,27.383
18240737421,0,0.0,0.0,0.0,398.0,1832.0,1.11,27.15
18240737421,1,0.0,0.0,0.0,2062.0,2028.0,1.11,25.733
18240737421,0,0.0,0.0,0.0,1550.0,1841.0,1.07,26.498
18240737421,1,0.0,0.0,0.0,203.0,1680.0,1.07,24.255
18240737421,0,0.0,0.0,0.0,1190.0,1341.0,1.08,26.0
18240737421,1,0.0,0.0,0.0,1003.0,432.0,1.08,24.673
18240737421,0,0.0,0.0,0.0,439.0,1826.0,1.07,28.653
18240737421,1,0.0,0.0,0.0,1597.0,1081.0,1.07,26.1825
18240737421,0,0.0,0.0,0.0,1840.0,790.0,1.07,26.001
18240737421,1,0.0,0.0,0.0,1400.0,791.0,1.07,26.911
18240737421,0,0.0,0.0,0.0,1599.0,1146.0,1.09,26.118
18240737421,1,0.0,0.0,0.0,1980.0,1744.0,1.09,25.047
18309653312,1,8.0,25.0,8.0,1060.0,561.0,5697.54,46.2315
18309653312,0,5.0,18.0,6.0,1114.0,1245.0,5697.54,44.4634
18309653312,1,3.0,13.0,4.0,1251.0,472.0,5697.52,44.1246
18309653312,0,3.0,11.0,4.0,895.0,500.0,5697.52,40.2467
18309653312,1,6.0,19.0,6.0,1082.0,408.0,5697.52,46.8763
18309653312,0,3.0,9.0,3.0,1028.0,1949.0,5697.52,43.6952
18309653312,0,3.0,12.0,4.0,1259.0,1935.0,5697.52,41.9906
18309653312,1,6.0,19.0,6.0,1011.0,960.0,5697.52,49.937
18309653312,0,1.0,6.0,1.0,635.0,1331.0,5697.51,41.7929
18309653312,1,3.0,11.0,3.0,1074.0,595.0,5697.51,43.5289
18309653312,0,1.0,6.0,2.0,1085.0,746.0,5697.53,40.7873
18309653312,1,1.0,6.0,1.0,1034.0,1268.0,5697.53,40.6562
18309653312,0,3.0,10.0,3.0,951.0,520.0,5697.51,47.0995
18309653312,1,0.0,0.0,3.0,1025.0,1929.0,5697.51,40.2478
18309653312,0,4.0,13.0,4.0,1147.0,1426.0,5697.52,48.7562
18309653312,1,0.0,0.0,4.0,1147.0,939.0,5697.52,47.1126
18309653312,0,1.0,5.0,1.0,796.0,568.0,5697.51,40.9925
18309653312,1,1.0,6.0,2.0,1361.0,828.0,5697.51,40.6852
18309653312,1,3.0,11.0,3.0,1160.0,1728.0,5697.53,41.7694
18309653312,0,3.0,12.0,4.0,965.0,1442.0,5697.53,42.2054
18309653312,0,8.0,26.0,8.0,1078.0,1028.0,5697.53,47.3594
18309653312,1,0.0,0.0,9.0,1113.0,415.0,5697.53,45.6294
18309653312,0,2.0,9.0,2.0,1150.0,452.0,5697.53,40.5352
18309653312,1,4.0,15.0,5.0,1119.0,919.0,5697.53,42.682
18309653312,0,5.0,17.0,6.0,1090.0,1514.0,5697.51,44.0993
18309653312,1,6.0,18.0,6.0,1033.0,1419.0,5697.51,44.4002
18309653312,1,3.0,10.0,3.0,1127.0,156.0,5697.52,44.455
18309653312,0,1.0,6.0,2.0,852.0,1945.0,5697.52,39.8916
18309653312,0,2.0,7.0,2.0,851.0,1987.0,5697.51,40.2516
18309653312,1,0.0,0.0,2.0,1065.0,1857.0,5697.51,40.7044
18309653312,1,8.0,25.0,8.0,1109.0,416.0,5697.54,47.9742
18309653312,0,4.0,13.0,4.0,1098.0,1472.0,5697.54,42.5399
18454438070,1,0.0,0.0,0.0,5.0,15.0,161.76,28.9126
18454438070,0,0.0,0.0,0.0,3.0,13.0,161.76,28.2558
18454438070,0,0.0,0.0,0.0,3.0,13.0,161.74,27.8367
18454438070,1,0.0,0.0,0.0,3.0,13.0,161.74,29.234
18454438070,1,0.0,0.0,0.0,5.0,15.0,161.75,28.6415
18454438070,0,0.0,0.0,0.0,5.0,15.0,161.75,27.9895
18454438070,1,0.0,0.0,0.0,3.0,13.0,161.77,27.4341
18454438070,0,0.0,0.0,0.0,3.0,13.0,161.77,27.6637
18454438070,0,0.0,0.0,0.0,3.0,13.0,161.74,28.8309
18454438070,1,0.0,0.0,0.0,6.0,15.0,161.74,30.4498
18454438070,1,0.0,0.0,0.0,5.0,15.0,161.77,29.3653
18454438070,0,0.0,0.0,0.0,5.0,15.0,161.77,28.5253
18454438070,1,0.0,0.0,0.0,3.0,11.0,161.79,26.8262
18454438070,0,0.0,0.0,0.0,5.0,12.0,161.79,28.9443
18454438070,0,0.0,0.0,0.0,4.0,14.0,161.76,26.421
18454438070,1,0.0,0.0,0.0,3.0,13.0,161.76,26.8028
18454438070,1,0.0,0.0,0.0,4.0,14.0,161.74,27.6602
18454438070,0,0.0,0.0,0.0,3.0,12.0,161.74,28.1908
18454438070,0,0.0,0.0,0.0,4.0,13.0,161.73,27.617
18454438070,1,0.0,0.0,0.0,3.0,13.0,161.73,26.281
18454438070,1,0.0,0.0,0.0,3.0,13.0,161.75,26.4886
18454438070,0,0.0,0.0,0.0,3.0,13.0,161.75,28.1791
18454438070,0,0.0,0.0,0.0,4.0,13.0,161.74,27.5714
18454438070,1,0.0,0.0,0.0,6.0,15.0,161.74,27.1184
18454438070,1,0.0,0.0,0.0,2.0,11.0,161.75,29.2179
18454438070,0,0.0,0.0,0.0,5.0,13.0,161.75,26.4741
18454438070,1,0.0,0.0,0.0,4.0,14.0,161.74,25.3836
18454438070,0,0.0,0.0,0.0,4.0,14.0,161.74,32.2456
18454438070,0,0.0,0.0,0.0,4.0,13.0,161.76,27.7029
18454438070,1,0.0,0.0,0.0,2.0,11.0,161.76,30.8991
18454438070,1,0.0,0.0,0.0,3.0,12.0,161.76,28.5019
18454438070,0,0.0,0.0,0.0,4.0,13.0,161.76,28.7007
18619006175,1,0.0,0.0,0.0,1627.0,429.0,1395.9,25.6078
18619006175,1,0.0,0.0,0.0,524.0,1394.0,1395.9,25.5492
18619006175,0,0.0,0.0,0.0,732.0,269.0,1397.96,25.3499
18619006175,1,0.0,0.0,0.0,2064.0,497.0,1397.96,25.5225
18619006175,0,0.0,0.0,0.0,910.0,300.0,1398.94,30.8124
18619006175,1,0.0,0.0,0.0,845.0,1141.0,1395.91,23.9112
18619006175,1,0.0,0.0,0.0,215.0,766.0,1397.91,27.1559
18619006175,0,0.0,0.0,0.0,334.0,732.0,1397.91,24.8569
18619006175,0,0.0,0.0,0.0,1004.0,298.0,1395.9,25.6218
18619006175,1,0.0,0.0,0.0,3.0,523.0,1397.89,25.5739
18619006175,1,0.0,0.0,0.0,1131.0,912.0,1397.9,26.3654
18619006175,0,0.0,0.0,0.0,1888.0,411.0,1397.9,25.8309
18619006175,0,0.0,0.0,0.0,1019.0,823.0,1395.9,22.387
18619006175,0,0.0,0.0,0.0,346.0,495.0,1395.91,28.9448
18619006175,1,0.0,0.0,0.0,1694.0,454.0,1398.94,24.5082
18619006175,0,0.0,0.0,0.0,2077.0,1455.0,1397.89,27.6445
18969552961,1,0.0,4.0,0.0,129.0,1239.0,51.91,45.1298
18969552961,0,0.0,3.0,0.0,436.0,775.0,51.91,40.6424
18969552961,1,0.0,3.0,0.0,1639.0,217.0,45.92,35.8177
18969552961,1,0.0,3.0,0.0,2009.0,547.0,45.93,33.7129
18969552961,0,0.0,1.0,0.0,2123.0,901.0,45.93,37.9211
18969552961,0,0.0,3.0,0.0,519.0,700.0,45.92,33.7129
18969552961,0,0.0,4.0,0.0,879.0,327.0,45.91,40.3076
18969552961,1,0.0,3.0,0.0,985.0,1104.0,45.91,38.8901
18969552961,1,0.0,1.0,0.0,1754.0,1384.0,45.93,42.032
18969552961,0,0.0,3.0,1.0,874.0,1513.0,45.93,40.3725
18969552961,1,0.0,4.0,0.0,1694.0,1129.0,45.9,36.1721
18969552961,0,0.0,2.0,0.0,1388.0,30.0,45.9,35.5759
18969552961,1,0.0,2.0,0.0,1082.0,778.0,45.95,39.4997
18969552961,0,0.0,2.0,0.0,529.0,1758.0,45.95,34.4851
18969552961,0,0.0,1.0,0.0,2010.0,1923.0,45.91,40.3744
18969552961,1,0.0,2.0,0.0,1830.0,1372.0,45.91,35.4662
19017446935,1,53.0,77.0,54.0,657.0,654.0,143234.0,149.039
19017446935,0,53.0,77.0,54.0,956.0,1931.0,143234.0,138.33
19017446935,0,53.0,77.0,54.0,1572.0,1187.0,143234.0,139.869
19017446935,1,53.0,77.0,53.0,1259.0,1440.0,143234.0,144.054
19017446935,1,53.0,75.0,53.0,1857.0,1182.0,143234.0,138.82
19017446935,0,53.0,74.0,53.0,877.0,1605.0,143234.0,143.971
19017446935,0,53.0,77.0,54.0,2036.0,1314.0,143234.0,146.737
19017446935,1,53.0,76.0,53.0,958.0,1441.0,143234.0,137.199
19017446935,1,53.0,75.0,53.0,844.0,302.0,143234.0,138.611
19017446935,0,53.0,75.0,53.0,636.0,1854.0,143234.0,143.872
19017446935,1,53.0,75.0,53.0,26.0,1281.0,143234.0,145.217
19017446935,0,53.0,75.0,54.0,763.0,354.0,143234.0,135.618
19017446935,1,53.0,75.0,54.0,555.0,950.0,143232.0,139.645
19017446935,0,53.0,77.0,53.0,916.0,975.0,143232.0,143.012
19017446935,0,53.0,75.0,53.0,1652.0,739.0,143234.0,144.561
19017446935,1,53.0,77.0,53.0,1442.0,403.0,143234.0,143.351
19208714150,1,0.0,0.0,0.0,548.0,2049.0,7.04,26.9089
19208714150,0,0.0,0.0,0.0,92.0,314.0,7.04,24.6907
19208714150,0,0.0,0.0,0.0,1645.0,109.0,8.63,25.3942
19208714150,1,0.0,0.0,0.0,1663.0,211.0,8.63,26.6202
19208714150,0,0.0,0.0,0.0,1011.0,854.0,7.03,24.1283
19208714150,1,0.0,0.0,0.0,1914.0,1789.0,7.03,25.4059
19208714150,0,0.0,0.0,0.0,1710.0,1393.0,7.05,26.3994
19208714150,1,0.0,0.0,0.0,2081.0,1595.0,7.05,25.1151
19208714150,0,0.0,0.0,0.0,565.0,1665.0,8.63,25.9479
19208714150,1,0.0,0.0,0.0,460.0,1292.0,8.63,25.7994
19208714150,1,0.0,0.0,0.0,22.0,1786.0,8.61,25.8366
19208714150,0,0.0,0.0,0.0,1432.0,1008.0,8.61,24.5139
19208714150,1,0.0,0.0,0.0,1232.0,1254.0,7.05,25.4153
19208714150,0,0.0,0.0,0.0,840.0,156.0,7.05,25.1397
19208714150,0,0.0,0.0,0.0,235.0,2067.0,7.05,25.7974
19208714150,1,0.0,0.0,0.0,1895.0,2143.0,7.05,25.7823
19229905820,1,2.0,6.0,2.0,309.0,1179.0,1139.18,41.6625
19229905820,0,1.0,6.0,2.0,261.0,299.0,1139.18,41.7433
19229905820,1,3.0,9.0,3.0,1372.0,722.0,1139.2,43.0681
19229905820,0,3.0,9.0,3.0,1047.0,974.0,1139.2,43.3641
19229905820,1,5.0,14.0,5.0,615.0,605.0,1139.2,44.8665
19229905820,0,3.0,9.0,3.0,457.0,1498.0,1139.2,45.505
19229905820,1,3.0,10.0,3.0,575.0,885.0,1139.18,42.8666
19229905820,0,1.0,5.0,2.0,1347.0,1699.0,1139.18,40.5507
19229905820,0,2.0,9.0,3.0,1386.0,1542.0,1139.18,42.4812
19229905820,1,3.0,11.0,3.0,1673.0,821.0,1139.18,41.208
19229905820,0,3.0,8.0,3.0,1109.0,1347.0,1139.2,44.8411
19229905820,1,3.0,9.0,3.0,1385.0,1620.0,1139.2,39.5735
19229905820,1,3.0,9.0,3.0,592.0,1770.0,1139.18,42.5435
19229905820,0,4.0,12.0,4.0,994.0,1271.0,1139.18,43.6281
19229905820,0,3.0,10.0,3.0,251.0,341.0,1139.18,42.3268
19229905820,1,2.0,7.0,2.0,862.0,1461.0,1139.18,38.7263
19261365045,0,0.0,0.0,0.0,1144.0,211.0,136.56,38.2415
19261365045,1,0.0,0.0,0.0,1859.0,1876.0,136.56,38.0994
19261365045,0,0.0,0.0,0.0,1547.0,1379.0,136.58,36.6862
19261365045,1,0.0,0.0,0.0,642.0,1557.0,136.58,37.6579
19261365045,0,0.0,0.0,0.0,38.0,1407.0,136.58,39.9106
19261365045,1,0.0,0.0,0.0,1939.0,1281.0,136.58,36.1483
19261365045,1,0.0,0.0,0.0,1794.0,1268.0,136.59,37.3064
19261365045,0,0.0,0.0,0.0,844.0,632.0,136.59,37.2951
19261365045,1,0.0,0.0,0.0,1435.0,1317.0,136.57,36.9914
19261365045,0,0.0,0.0,0.0,1952.0,425.0,136.57,37.1827
19261365045,1,0.0,0.0,0.0,266.0,922.0,136.57,36.3188
19261365045,0,0.0,0.0,0.0,1659.0,1357.0,136.57,37.6814
19261365045,0,0.0,0.0,0.0,368.0,1425.0,136.59,37.2107
19261365045,1,0.0,0.0,0.0,739.0,14.0,136.59,37.249
19261365045,0,0.0,0.0,0.0,1434.0,2086.0,138.22,36.7002
19261365045,1,0.0,0.0,0.0,99.0,52.0,138.22,37.8233
19261365045,1,0.0,0.0,0.0,914.0,497.0,136.59,38.2413
19261365045,0,0.0,0.0,0.0,515.0,592.0,136.59,36.7903
19261365045,0,0.0,0.0,0.0,1033.0,854.0,136.57,37.5818
19261365045,1,0.0,0.0,0.0,1384.0,842.0,136.57,38.7172
19261365045,1,0.0,0.0,0.0,1931.0,220.0,136.59,35.435
19261365045,0,0.0,0.0,0.0,1097.0,106.0,136.59,37.4265
19261365045,0,0.0,0.0,0.0,2122.0,477.0,136.58,37.8832
19261365045,1,0.0,0.0,0.0,1656.0,224.0,136.58,38.0902
19261365045,0,0.0,0.0,0.0,760.0,889.0,136.57,37.5956
19261365045,1,0.0,0.0,0.0,1833.0,844.0,136.57,37.3697
19261365045,1,0.0,0.0,0.0,821.0,160.0,136.59,38.9293
19261365045,0,0.0,0.0,0.0,1693.0,805.0,136.59,39.0138
19261365045,0,0.0,0.0,0.0,1127.0,379.0,138.22,37.0917
19261365045,1,0.0,0.0,0.0,1462.0,358.0,138.22,37.2676
19261365045,1,0.0,0.0,0.0,1579.0,1546.0,136.57,37.3152
19261365045,0,0.0,0.0,0.0,1759.0,89.0,136.57,36.051
19314926910,1,0.0,1.0,0.0,1913.0,487.0,69968.8,37.1449
19314926910,0,0.0,1.0,0.0,2030.0,820.0,69968.8,38.0145
19314926910,1,0.0,2.0,0.0,1525.0,111.0,69968.8,36.2716
19314926910,0,0.0,1.0,0.0,425.0,627.0,69968.8,37.3779
19314926910,0,0.0,1.0,0.0,772.0,1446.0,69968.8,37.7521
19314926910,1,0.0,1.0,0.0,1647.0,1321.0,69968.8,39.8784
19314926910,0,0.0,1.0,0.0,1900.0,1848.0,69968.8,37.0222
19314926910,1,0.0,1.0,0.0,1735.0,1295.0,69968.8,37.0027
19314926910,1,0.0,2.0,0.0,953.0,681.0,69968.8,37.7408
19314926910,0,0.0,1.0,0.0,426.0,1697.0,69968.8,37.5746
19314926910,1,0.0,1.0,0.0,880.0,1025.0,69968.8,36.4144
19314926910,0,0.0,1.0,0.0,764.0,236.0,69968.8,38.4574
19314926910,0,0.0,1.0,0.0,329.0,695.0,69968.8,37.2107
19314926910,1,0.0,1.0,0.0,772.0,1161.0,69968.8,40.267
19314926910,1,0.0,2.0,0.0,1582.0,1035.0,69968.8,38.7491
19314926910,0,0.0,1.0,0.0,1285.0,1726.0,69968.8,37.6326
19442336857,0,0.0,1.0,0.0,964.0,506.0,793.1,37.8759
19442336857,1,0.0,4.0,0.0,2098.0,1508.0,793.1,39.1726
19442336857,1,0.0,2.0,0.0,2025.0,263.0,793.15,37.1546
19442336857,0,0.0,2.0,0.0,757.0,415.0,793.15,36.2276
19442336857,1,0.0,1.0,0.0,1699.0,657.0,793.12,36.9044
19442336857,0,0.0,1.0,0.0,417.0,1312.0,793.12,36.8575
19442336857,0,0.0,1.0,0.0,2021.0,844.0,793.11,37.0898
19442336857,1,0.0,4.0,0.0,14.0,824.0,793.11,37.9433
19442336857,1,0.0,2.0,0.0,325.0,786.0,793.1,42.3121
19442336857,0,0.0,1.0,0.0,940.0,1622.0,793.1,37.7347
19442336857,1,0.0,2.0,0.0,348.0,1053.0,793.13,38.3855
19442336857,0,0.0,1.0,0.0,249.0,1948.0,793.13,36.2019
19442336857,0,0.0,1.0,0.0,1573.0,2060.0,793.12,37.029
19442336857,1,0.0,2.0,0.0,895.0,1638.0,793.12,38.5473
19442336857,1,0.0,1.0,0.0,1744.0,486.0,793.11,34.0724
19442336857,0,0.0,2.0,0.0,1639.0,1602.0,793.11,37.0099
19674040766,1,0.0,1.0,0.0,74.0,35.0,2333.1,38.1574
19674040766,0,0.0,1.0,0.0,83.0,37.0,2333.1,40.358
19674040766,0,0.0,4.0,0.0,123.0,40.0,2333.09,40.5855
19674040766,1,0.0,4.0,0.0,133.0,47.0,2333.09,39.4673
19674040766,0,0.0,5.0,0.0,138.0,46.0,2329.45,38.3249
19674040766,1,0.0,6.0,0.0,145.0,48.0,2329.45,38.6523
19674040766,1,0.0,4.0,0.0,138.0,47.0,2335.11,42.0812
19674040766,0,0.0,5.0,0.0,122.0,43.0,2335.11,40.6396
19674040766,0,0.0,4.0,0.0,116.0,41.0,2335.13,39.5581
19674040766,1,0.0,6.0,0.0,136.0,47.0,2335.13,41.7288
19674040766,0,0.0,1.0,0.0,95.0,38.0,2333.12,38.8876
19674040766,1,0.0,1.0,0.0,107.0,41.0,2333.12,39.2313
19674040766,0,0.0,2.0,0.0,87.0,37.0,2333.11,40.6081
19674040766,1,0.0,2.0,0.0,86.0,36.0,2333.11,41.1461
19674040766,1,0.0,4.0,0.0,136.0,42.0,2335.1,41.0975
19674040766,0,0.0,1.0,0.0,74.0,31.0,2335.1,37.9847
19674040766,1,0.0,2.0,0.0,97.0,38.0,2333.09,38.724
19674040766,0,0.0,2.0,0.0,97.0,39.0,2333.09,40.2459
19674040766,1,0.0,3.0,0.0,103.0,40.0,2333.09,40.8297
19674040766,0,0.0,2.0,0.0,99.0,35.0,2333.09,39.9931
19674040766,1,0.0,4.0,0.0,119.0,40.0,2333.09,41.7068
19674040766,0,0.0,2.0,0.0,86.0,35.0,2333.09,39.0035
19674040766,0,0.0,1.0,0.0,84.0,33.0,2333.13,39.5841
19674040766,1,0.0,2.0,0.0,105.0,40.0,2333.13,39.6601
19674040766,1,0.0,2.0,0.0,98.0,37.0,2333.11,42.589
19674040766,0,0.0,4.0,0.0,129.0,44.0,2333.11,40.8527
19674040766,1,0.0,4.0,0.0,124.0,44.0,2335.09,41.7315
19674040766,0,0.0,3.0,0.0,107.0,40.0,2335.09,41.8531
19674040766,1,0.0,3.0,0.0,132.0,45.0,2333.09,40.6139
19674040766,0,0.0,3.0,0.0,124.0,42.0,2333.09,41.1996
19674040766,0,0.0,2.0,0.0,112.0,40.0,2333.09,41.3589
19674040766,1,0.0,2.0,0.0,108.0,40.0,2333.09,39.6909
19678051506,1,0.0,0.0,0.0,376.0,341.0,25.49,35.4077
19678051506,0,0.0,0.0,0.0,410.0,345.0,25.49,35.2265
19678051506,0,0.0,0.0,0.0,483.0,354.0,25.49,36.5153
19678051506,1,0.0,0.0,0.0,390.0,341.0,25.49,37.1283
19678051506,1,0.0,0.0,0.0,460.0,352.0,25.47,35.4863
19678051506,0,0.0,0.0,0.0,479.0,354.0,25.47,36.3594
19678051506,1,0.0,0.0,0.0,345.0,337.0,25.49,37.4631
19678051506,0,0.0,0.0,0.0,390.0,343.0,25.49,35.841
19678051506,0,0.0,0.0,0.0,495.0,355.0,25.47,36.1575
19678051506,1,0.0,0.0,0.0,487.0,355.0,25.47,37.1528
19678051506,1,0.0,0.0,0.0,486.0,354.0,25.48,36.4057
19678051506,0,0.0,0.0,0.0,352.0,337.0,25.48,35.5715
19678051506,0,0.0,0.0,0.0,343.0,337.0,25.48,36.5248
19678051506,1,0.0,0.0,0.0,287.0,330.0,25.48,34.9484
19678051506,0,0.0,0.0,0.0,337.0,336.0,25.48,37.0086
19678051506,1,0.0,0.0,0.0,304.0,327.0,25.48,37.2044
19837262496,1,0.0,0.0,0.0,2.0,2.0,18.21,24.7219
19837262496,0,0.0,0.0,0.0,3.0,3.0,18.21,24.9173
19837262496,1,0.0,0.0,0.0,2.0,3.0,18.2,25.1319
19837262496,0,0.0,0.0,0.0,2.0,3.0,18.2,25.2942
19837262496,1,0.0,0.0,0.0,2.0,3.0,18.2,24.7424
19837262496,0,0.0,0.0,0.0,2.0,3.0,18.2,25.5242
19837262496,1,0.0,0.0,0.0,2.0,3.0,18.23,24.6998
19837262496,0,0.0,0.0,0.0,2.0,3.0,18.23,25.7369
19837262496,0,0.0,0.0,0.0,2.0,3.0,18.2,26.1624
19837262496,1,0.0,0.0,0.0,3.0,3.0,18.2,26.7837
19837262496,1,0.0,0.0,0.0,3.0,3.0,18.21,26.5422
19837262496,0,0.0,0.0,0.0,3.0,3.0,18.21,26.8077
19837262496,0,0.0,0.0,0.0,3.0,3.0,18.26,26.6014
19837262496,1,0.0,0.0,0.0,3.0,3.0,18.26,23.8225
19837262496,0,0.0,0.0,0.0,2.0,3.0,18.22,25.9592
19837262496,1,0.0,0.0,0.0,3.0,3.0,18.22,24.8411
20034068448,0,0.0,0.0,0.0,1585.0,1867.0,642.13,29.2127
20034068448,1,0.0,0.0,0.0,1796.0,15.0,642.13,29.4985
20034068448,0,0.0,0.0,0.0,216.0,804.0,644.14,27.9011
20034068448,1,0.0,0.0,0.0,754.0,1873.0,644.14,28.6675
20034068448,1,0.0,0.0,0.0,1012.0,985.0,642.13,31.8487
20034068448,0,0.0,0.0,0.0,84.0,776.0,642.13,29.3381
20034068448,1,0.0,0.0,0.0,779.0,1930.0,643.14,29.7086
20034068448,0,0.0,0.0,0.0,1166.0,1776.0,643.14,29.7068
20034068448,1,0.0,0.0,0.0,1906.0,252.0,644.13,29.6793
20034068448,0,0.0,0.0,0.0,1676.0,927.0,644.13,30.3013
20034068448,0,0.0,0.0,0.0,115.0,915.0,638.59,24.6046
20034068448,1,0.0,0.0,0.0,136.0,2090.0,638.59,28.3335
20034068448,0,0.0,0.0,0.0,1557.0,1300.0,644.12,30.1573
20034068448,1,0.0,0.0,0.0,1247.0,486.0,644.12,30.2376
20034068448,1,0.0,0.0,0.0,374.0,2103.0,638.59,25.4427
20034068448,0,0.0,0.0,0.0,303.0,274.0,638.59,27.4455
20034068448,0,0.0,0.0,0.0,1635.0,1712.0,644.17,30.4982
20034068448,1,0.0,0.0,0.0,241.0,1341.0,644.17,31.041
20034068448,0,0.0,0.0,0.0,558.0,193.0,643.14,31.1275
20034068448,1,0.0,0.0,0.0,1063.0,850.0,643.14,32.1365
20034068448,1,0.0,0.0,0.0,645.0,1681.0,644.14,24.4109
20034068448,0,0.0,0.0,0.0,311.0,2079.0,644.14,29.528
20034068448,1,0.0,0.0,0.0,1101.0,295.0,643.12,28.2292
20034068448,0,0.0,0.0,0.0,1666.0,81.0,643.12,27.1747
20034068448,1,0.0,0.0,0.0,541.0,521.0,643.14,31.8517
20034068448,0,0.0,0.0,0.0,309.0,772.0,643.14,30.6611
20034068448,0,0.0,0.0,0.0,765.0,360.0,644.13,26.5881
20034068448,1,0.0,0.0,0.0,650.0,854.0,644.13,29.0148
20034068448,1,0.0,0.0,0.0,2105.0,330.0,642.13,31.5015
20034068448,0,0.0,0.0,0.0,1051.0,966.0,642.13,31.5032
20034068448,1,0.0,0.0,0.0,1189.0,1259.0,638.56,25.78
20034068448,0,0.0,0.0,0.0,1073.0,851.0,638.56,25.3003
20793751711,1,0.0,0.0,0.0,558.0,420.0,21095.6,35.4705
20793751711,0,0.0,0.0,0.0,1571.0,900.0,21095.6,36.8673
20793751711,1,0.0,0.0,0.0,2052.0,1308.0,21095.6,36.0626
20793751711,0,0.0,0.0,0.0,1927.0,527.0,21095.6,37.9673
20793751711,0,0.0,0.0,0.0,1924.0,1713.0,21095.6,36.7639
20793751711,1,0.0,0.0,0.0,675.0,1588.0,21095.6,39.0761
20793751711,0,0.0,0.0,0.0,285.0,229.0,21095.6,36.7154
20793751711,1,0.0,0.0,0.0,615.0,1333.0,21095.6,37.9686
20793751711,0,0.0,0.0,0.0,1483.0,974.0,21095.6,36.3088
20793751711,1,0.0,0.0,0.0,1198.0,1442.0,21095.6,39.3699
20793751711,0,0.0,0.0,0.0,914.0,2124.0,21095.6,36.3235
20793751711,1,0.0,0.0,0.0,753.0,1576.0,21095.6,36.4836
20793751711,0,0.0,0.0,0.0,1023.0,1101.0,21095.6,37.4014
20793751711,1,0.0,0.0,0.0,937.0,752.0,21095.6,36.4156
20793751711,0,0.0,0.0,0.0,1578.0,1958.0,21095.6,37.2
20793751711,1,0.0,0.0,0.0,1029.0,983.0,21095.6,36.4769
20813439425,0,30.0,88.0,30.0,1581.0,1601.0,691213.0,150.051
20813439425,1,30.0,88.0,30.0,1535.0,1614.0,691213.0,150.032
20813439425,0,30.0,88.0,30.0,1521.0,1604.0,691213.0,151.885
20813439425,1,30.0,88.0,30.0,1549.0,1606.0,691213.0,139.034
20813439425,1,30.0,88.0,30.0,1525.0,1607.0,691213.0,149.604
20813439425,0,29.0,88.0,30.0,1608.0,1599.0,691213.0,147.158
20813439425,1,30.0,88.0,30.0,1638.0,1636.0,691213.0,154.123
20813439425,0,30.0,87.0,30.0,310.0,2063.0,691213.0,152.574
20813439425,0,29.0,88.0,30.0,1550.0,1597.0,691213.0,147.257
20813439425,1,29.0,88.0,30.0,1615.0,1625.0,691213.0,142.634
20813439425,1,30.0,87.0,30.0,313.0,2072.0,691211.0,151.148
20813439425,0,30.0,88.0,30.0,1549.0,1622.0,691211.0,151.759
20813439425,0,30.0,88.0,30.0,1610.0,1639.0,691213.0,162.942
20813439425,1,29.0,88.0,30.0,1570.0,1629.0,691213.0,153.32
20813439425,0,30.0,88.0,30.0,1568.0,1620.0,691213.0,149.537
20813439425,1,29.0,88.0,30.0,1513.0,1603.0,691213.0,135.093
20858072226,1,0.0,0.0,0.0,306.0,943.0,13.76,25.9149
20858072226,0,0.0,0.0,0.0,215.0,1871.0,13.76,24.0389
20858072226,0,0.0,0.0,0.0,748.0,2084.0,13.75,45.9632
20858072226,1,0.0,0.0,0.0,1032.0,141.0,13.75,48.1573
20858072226,0,0.0,0.0,0.0,922.0,398.0,13.75,26.6614
20858072226,1,0.0,0.0,0.0,2057.0,1414.0,13.75,25.8578
20858072226,0,0.0,0.0,0.0,1564.0,2041.0,13.76,26.0301
20858072226,1,0.0,0.0,0.0,883.0,1607.0,13.76,24.101
20858072226,1,0.0,0.0,0.0,280.0,670.0,13.77,43.8894
20858072226,0,0.0,0.0,0.0,903.0,1531.0,13.77,26.8276
20858072226,0,0.0,0.0,0.0,1025.0,1288.0,13.76,26.3622
20858072226,1,0.0,0.0,0.0,984.0,1391.0,13.76,27.511
20858072226,1,0.0,0.0,0.0,1697.0,367.0,13.78,23.2781
20858072226,0,0.0,0.0,0.0,1594.0,1490.0,13.78,24.3781
20858072226,0,0.0,0.0,0.0,2012.0,826.0,13.76,25.3652
20858072226,1,0.0,0.0,0.0,2147.0,784.0,13.76,26.9331
21097845203,1,32.0,95.0,32.0,2062.0,29.0,691226.0,150.664
21097845203,0,32.0,95.0,32.0,1994.0,1166.0,691226.0,155.809
21097845203,0,32.0,96.0,32.0,1020.0,767.0,691226.0,158.575
21097845203,1,31.0,95.0,32.0,519.0,99.0,691226.0,150.154
21097845203,1,32.0,96.0,32.0,1994.0,793.0,691226.0,147.289
21097845203,0,32.0,95.0,32.0,1965.0,888.0,691226.0,159.335
21097845203,1,32.0,94.0,32.0,45.0,1522.0,691224.0,161.238
21097845203,0,32.0,95.0,32.0,1993.0,121.0,691224.0,162.246
21097845203,1,32.0,96.0,32.0,535.0,982.0,691226.0,148.004
21097845203,0,31.0,94.0,32.0,346.0,153.0,691226.0,156.259
21097845203,1,32.0,95.0,32.0,71.0,1021.0,691226.0,149.733
21097845203,0,31.0,95.0,32.0,1489.0,1087.0,691226.0,154.088
21097845203,0,32.0,95.0,32.0,2013.0,137.0,691226.0,158.147
21097845203,1,31.0,95.0,32.0,1957.0,917.0,691226.0,142.716
21097845203,0,32.0,95.0,32.0,2024.0,1117.0,691226.0,158.578
21097845203,1,32.0,95.0,32.0,1981.0,388.0,691226.0,158.574
21202518987,0,0.0,2.0,1.0,1264.0,1289.0,5690.94,31.1023
21202518987,1,0.0,2.0,1.0,1150.0,871.0,5690.94,29.7215
21202518987,0,0.0,1.0,1.0,823.0,156.0,5690.92,30.4491
21202518987,1,0.0,1.0,1.0,1635.0,1837.0,5690.92,32.0135
21202518987,1,1.0,4.0,3.0,973.0,740.0,5690.95,37.0147
21202518987,0,0.0,2.0,2.0,1030.0,743.0,5690.95,32.5718
21202518987,0,1.0,4.0,1.0,1562.0,474.0,5690.94,31.2967
21202518987,1,1.0,5.0,2.0,1411.0,389.0,5690.94,34.0186
21202518987,0,0.0,2.0,1.0,1255.0,729.0,5690.93,31.6202
21202518987,1,0.0,2.0,2.0,681.0,209.0,5690.93,34.044
21202518987,1,1.0,3.0,2.0,1468.0,246.0,5690.94,32.4325
21202518987,0,1.0,3.0,2.0,1031.0,1467.0,5690.94,34.2593
21202518987,0,0.0,2.0,1.0,1636.0,394.0,5690.93,31.3521
21202518987,1,1.0,3.0,1.0,1291.0,161.0,5690.93,30.7765
21202518987,0,0.0,2.0,1.0,1148.0,1329.0,5690.95,34.9339
21202518987,1,0.0,2.0,2.0,1584.0,1220.0,5690.95,30.1087
21202518987,0,1.0,3.0,1.0,857.0,1988.0,5690.93,30.3379
21202518987,1,1.0,5.0,2.0,888.0,1322.0,5690.93,32.2818
21202518987,0,0.0,1.0,1.0,1724.0,385.0,5690.94,29.3987
21202518987,1,0.0,1.0,0.0,1271.0,1288.0,5690.94,29.2004
21202518987,0,0.0,1.0,1.0,841.0,563.0,5690.94,30.5327
21202518987,1,1.0,3.0,2.0,1359.0,1194.0,5690.94,32.5654
21202518987,0,0.0,1.0,1.0,773.0,318.0,5690.97,31.0017
21202518987,1,0.0,3.0,2.0,1105.0,296.0,5690.97,30.9737
21202518987,0,1.0,4.0,2.0,1352.0,1283.0,5690.94,33.5159
21202518987,1,1.0,5.0,2.0,1314.0,1332.0,5690.94,33.8939
21202518987,1,0.0,2.0,2.0,512.0,1496.0,5690.96,33.8778
21202518987,0,0.0,1.0,1.0,1105.0,1303.0,5690.96,31.6567
21202518987,0,1.0,4.0,1.0,1091.0,1638.0,5690.93,30.7748
21202518987,1,1.0,4.0,2.0,1041.0,1455.0,5690.93,33.0888
21202518987,1,1.0,3.0,3.0,1336.0,760.0,5690.93,34.6778
21202518987,0,0.0,2.0,2.0,886.0,776.0,5690.93,33.2455
21455816710,0,0.0,0.0,0.0,1878.0,402.0,3696.35,37.0397
21455816710,1,0.0,0.0,0.0,1673.0,88.0,3696.35,37.979
21455816710,1,0.0,0.0,0.0,792.0,1940.0,3696.37,36.077
21455816710,0,0.0,0.0,0.0,169.0,1642.0,3696.37,36.6486
21455816710,1,0.0,0.0,0.0,1213.0,995.0,3696.35,36.5418
21455816710,0,0.0,0.0,0.0,661.0,983.0,3696.35,36.4087
21455816710,1,0.0,0.0,0.0,1242.0,353.0,3696.35,35.6415
21455816710,0,0.0,0.0,0.0,1343.0,1474.0,3696.35,37.4628
21455816710,0,0.0,0.0,0.0,1679.0,1019.0,3696.36,38.0385
21455816710,1,0.0,0.0,0.0,1378.0,1870.0,3696.36,36.9248
21455816710,0,0.0,0.0,0.0,628.0,1060.0,3696.36,37.4745
21455816710,1,0.0,0.0,0.0,1671.0,426.0,3696.36,36.3279
21455816710,0,0.0,0.0,0.0,1494.0,1062.0,3696.34,37.4805
21455816710,1,0.0,0.0,0.0,80.0,1835.0,3696.34,37.4644
21455816710,1,0.0,0.0,0.0,1709.0,1622.0,3696.35,37.8108
21455816710,0,0.0,0.0,0.0,974.0,1779.0,3696.35,36.7061
21513479771,0,4.0,13.0,4.0,1086.0,1053.0,203818.0,46.3202
21513479771,1,0.0,0.0,5.0,1084.0,548.0,203818.0,48.6392
21513479771,0,2.0,8.0,2.0,1348.0,949.0,203818.0,43.846
21513479771,1,0.0,0.0,6.0,1165.0,1285.0,203818.0,50.1995
21513479771,1,0.0,0.0,5.0,1087.0,294.0,203818.0,46.2332
21513479771,0,4.0,13.0,4.0,1085.0,647.0,203818.0,48.2857
21513479771,1,0.0,0.0,3.0,1247.0,1449.0,203818.0,43.5438
21513479771,0,3.0,9.0,3.0,1119.0,1195.0,203818.0,43.9087
21513479771,0,4.0,12.0,4.0,1064.0,1877.0,203818.0,45.5949
21513479771,1,0.0,0.0,7.0,1205.0,1372.0,203818.0,47.9902
21513479771,1,0.0,0.0,4.0,1048.0,1187.0,203818.0,46.9532
21513479771,0,5.0,16.0,6.0,990.0,1512.0,203818.0,49.3114
21513479771,1,0.0,0.0,6.0,1161.0,362.0,203818.0,49.2805
21513479771,0,4.0,12.0,4.0,1028.0,1482.0,203818.0,43.9769
21513479771,0,5.0,15.0,5.0,1174.0,365.0,203818.0,49.6371
21513479771,1,0.0,0.0,2.0,1211.0,1165.0,203818.0,43.692
22040996401,0,0.0,0.0,0.0,786.0,386.0,73.88,26.2227
22040996401,1,0.0,0.0,0.0,1954.0,1859.0,73.88,27.4761
22040996401,0,0.0,0.0,0.0,741.0,1851.0,73.9,27.66
22040996401,1,0.0,0.0,0.0,43.0,522.0,73.9,28.0271
22040996401,0,0.0,0.0,0.0,325.0,817.0,73.9,26.9917
22040996401,1,0.0,0.0,0.0,364.0,149.0,73.9,26.0929
22040996401,1,0.0,0.0,0.0,880.0,237.0,73.89,26.999
22040996401,0,0.0,0.0,0.0,1700.0,1473.0,73.89,28.8123
22040996401,1,0.0,0.0,0.0,2061.0,820.0,73.93,25.6407
22040996401,0,0.0,0.0,0.0,420.0,1576.0,73.93,26.6954
22040996401,0,0.0,0.0,0.0,1177.0,1699.0,73.9,27.8381
22040996401,1,0.0,0.0,0.0,345.0,904.0,73.9,24.4347
22040996401,1,0.0,0.0,0.0,273.0,1738.0,73.96,27.1702
22040996401,0,0.0,0.0,0.0,1147.0,1471.0,73.96,30.6823
22040996401,1,0.0,0.0,0.0,1506.0,758.0,73.91,25.7906
22040996401,0,0.0,0.0,0.0,253.0,716.0,73.91,27.0028
22663886466,1,23.0,56.0,24.0,941.0,190.0,1639.0,107.008
22663886466,0,23.0,55.0,24.0,932.0,191.0,1639.0,102.421
22663886466,1,23.0,55.0,22.0,928.0,190.0,1638.99,99.4364
22663886466,0,23.0,55.0,24.0,930.0,192.0,1638.99,102.813
22663886466,0,23.0,55.0,24.0,927.0,192.0,1640.63,103.685
22663886466,1,23.0,55.0,24.0,935.0,190.0,1640.63,99.1844
22663886466,0,23.0,55.0,24.0,935.0,188.0,1640.64,102.432
22663886466,1,23.0,56.0,24.0,925.0,193.0,1640.64,105.257
22663886466,1,23.0,56.0,24.0,928.0,190.0,1640.63,102.794
22663886466,0,23.0,55.0,24.0,932.0,191.0,1640.63,101.567
22663886466,0,23.0,56.0,25.0,936.0,188.0,1638.99,106.387
22663886466,1,23.0,55.0,24.0,923.0,190.0,1638.99,105.34
22663886466,1,23.0,56.0,23.0,932.0,191.0,1640.67,110.841
22663886466,0,23.0,56.0,24.0,925.0,193.0,1640.67,104.551
22663886466,0,23.0,57.0,24.0,939.0,191.0,1639.01,106.597
22663886466,1,23.0,57.0,24.0,931.0,191.0,1639.01,100.99
22663886466,0,23.0,55.0,24.0,927.0,189.0,1640.63,104.23
22663886466,1,23.0,56.0,23.0,917.0,193.0,1640.63,106.112
22663886466,0,23.0,56.0,24.0,926.0,192.0,1640.63,101.071
22663886466,1,23.0,55.0,23.0,930.0,191.0,1640.63,101.619
22663886466,0,23.0,56.0,22.0,933.0,192.0,1640.63,99.8828
22663886466,1,23.0,56.0,24.0,930.0,189.0,1640.63,105.762
22663886466,0,23.0,57.0,23.0,942.0,191.0,1640.64,105.55
22663886466,1,23.0,55.0,23.0,925.0,193.0,1640.64,105.278
22663886466,1,23.0,55.0,23.0,926.0,190.0,1640.64,99.5827
22663886466,0,23.0,55.0,24.0,930.0,192.0,1640.64,101.966
22663886466,1,23.0,55.0,24.0,911.0,192.0,1640.65,103.59
22663886466,0,23.0,55.0,24.0,935.0,190.0,1640.65,100.915
22663886466,1,23.0,55.0,24.0,932.0,190.0,1640.65,101.361
22663886466,0,23.0,56.0,24.0,928.0,193.0,1640.65,107.483
22663886466,1,23.0,56.0,25.0,927.0,192.0,1638.99,102.341
22663886466,0,23.0,56.0,24.0,915.0,192.0,1638.99,101.868
22663886466,0,23.0,56.0,24.0,929.0,193.0,1640.64,100.1
22663886466,1,23.0,55.0,23.0,936.0,191.0,1640.64,97.6916
22663886466,0,23.0,55.0,23.0,922.0,192.0,1640.66,102.727
22663886466,1,23.0,55.0,24.0,941.0,189.0,1640.66,103.83
22663886466,0,23.0,48.0,24.0,945.0,188.0,1640.64,101.953
22663886466,1,23.0,55.0,23.0,928.0,191.0,1640.64,98.1502
22663886466,0,23.0,55.0,23.0,926.0,193.0,1638.98,105.19
22663886466,1,23.0,55.0,24.0,928.0,192.0,1638.98,103.39
22663886466,0,23.0,56.0,24.0,935.0,191.0,1640.65,102.689
22663886466,1,23.0,56.0,24.0,923.0,192.0,1640.65,102.658
22663886466,1,23.0,56.0,23.0,935.0,189.0,1639.0,102.834
22663886466,0,23.0,56.0,23.0,926.0,192.0,1639.0,104.442
22663886466,0,23.0,55.0,24.0,928.0,191.0,1638.99,107.567
22663886466,1,23.0,56.0,23.0,930.0,189.0,1638.99,106.677
22663886466,0,23.0,55.0,23.0,925.0,191.0,1640.66,102.448
22663886466,1,23.0,56.0,23.0,928.0,190.0,1640.66,100.822
22663886466,0,23.0,56.0,24.0,934.0,190.0,1638.99,105.97
22663886466,1,23.0,56.0,24.0,936.0,188.0,1638.99,106.467
22663886466,0,23.0,56.0,23.0,930.0,191.0,1639.0,108.697
22663886466,1,23.0,56.0,23.0,932.0,190.0,1639.0,105.525
22663886466,0,23.0,56.0,24.0,935.0,191.0,1640.64,101.323
22663886466,1,23.0,57.0,22.0,951.0,188.0,1640.64,92.8924
22663886466,1,23.0,56.0,23.0,942.0,190.0,1640.64,103.916
22663886466,0,23.0,55.0,23.0,924.0,192.0,1640.64,101.416
22663886466,0,23.0,56.0,24.0,932.0,189.0,1639.01,106.021
22663886466,1,23.0,55.0,23.0,931.0,191.0,1639.01,104.437
22663886466,0,23.0,55.0,23.0,927.0,192.0,1638.99,102.025
22663886466,1,23.0,56.0,24.0,930.0,191.0,1638.99,101.271
22663886466,0,23.0,54.0,23.0,928.0,190.0,1639.0,100.878
22663886466,1,23.0,55.0,24.0,929.0,190.0,1639.0,103.965
22663886466,0,23.0,55.0,23.0,925.0,190.0,1639.0,104.124
22663886466,1,23.0,55.0,23.0,909.0,196.0,1639.0,102.975
23156598370,1,0.0,0.0,0.0,203.0,1680.0,1.13,24.267
23156598370,0,0.0,0.0,0.0,1550.0,1841.0,1.13,26.498
23156598370,0,0.0,0.0,0.0,398.0,1831.0,1.13,27.144
23156598370,1,0.0,0.0,0.0,2062.0,2028.0,1.13,25.612
23156598370,0,0.0,0.0,0.0,1599.0,1146.0,1.17,26.118
23156598370,1,0.0,0.0,0.0,1980.0,1744.0,1.17,25.16
23156598370,0,0.0,0.0,0.0,1531.0,692.0,1.15,27.388
23156598370,1,0.0,0.0,0.0,539.0,708.0,1.15,25.884
23156598370,0,0.0,0.0,0.0,439.0,1826.0,1.12,28.548
23156598370,1,0.0,0.0,0.0,1597.0,1081.0,1.12,26.24
23156598370,1,0.0,0.0,0.0,1400.0,791.0,1.12,27.008
23156598370,0,0.0,0.0,0.0,1840.0,790.0,1.12,26.001
23156598370,0,0.0,0.0,0.0,1190.0,1341.0,1.13,25.995
23156598370,1,0.0,0.0,0.0,1003.0,432.0,1.13,24.7475
23156598370,1,0.0,0.0,0.0,1145.0,1491.0,1.12,25.355
23156598370,0,0.0,0.0,0.0,1612.0,1528.0,1.12,24.173
23506420058,0,0.0,0.0,0.0,1846.0,834.0,8.63,25.555
23506420058,1,0.0,0.0,0.0,865.0,871.0,8.63,25.8382
23506420058,0,0.0,0.0,0.0,190.0,1713.0,8.67,26.6716
23506420058,1,0.0,0.0,0.0,347.0,176.0,8.67,26.3289
23506420058,1,0.0,0.0,0.0,1446.0,612.0,8.62,25.2906
23506420058,0,0.0,0.0,0.0,747.0,980.0,8.62,25.6947
23506420058,0,0.0,0.0,0.0,1905.0,1694.0,8.63,25.0465
23506420058,1,0.0,0.0,0.0,833.0,508.0,8.63,24.8362
23506420058,0,0.0,0.0,0.0,1368.0,1837.0,8.62,26.0003
23506420058,1,0.0,0.0,0.0,1971.0,1112.0,8.62,27.1809
23506420058,0,0.0,0.0,0.0,1895.0,1082.0,8.64,28.283
23506420058,1,0.0,0.0,0.0,1682.0,2054.0,8.64,24.6531
23506420058,1,0.0,0.0,0.0,592.0,1440.0,8.62,25.754
23506420058,0,0.0,0.0,0.0,58.0,1902.0,8.62,26.7457
23506420058,1,0.0,0.0,0.0,361.0,295.0,8.63,27.0645
23506420058,0,0.0,0.0,0.0,2057.0,1803.0,8.63,25.4218
23722413888,1,0.0,0.0,0.0,1075.0,230.0,686.72,26.3042
23722413888,0,0.0,0.0,0.0,1088.0,1625.0,686.72,27.8933
23722413888,0,0.0,0.0,0.0,1547.0,1312.0,690.37,33.6773
23722413888,1,0.0,0.0,0.0,216.0,356.0,690.37,34.3155
23722413888,0,0.0,0.0,0.0,1156.0,668.0,686.77,25.2886
23722413888,1,0.0,0.0,0.0,2048.0,542.0,686.77,28.7244
23722413888,1,0.0,0.0,0.0,1581.0,2124.0,686.74,28.0381
23722413888,0,0.0,0.0,0.0,713.0,901.0,686.74,27.3128
23722413888,0,0.0,0.0,0.0,207.0,53.0,690.43,33.6298
23722413888,1,0.0,0.0,0.0,242.0,1874.0,690.43,33.1659
23722413888,1,0.0,0.0,0.0,1895.0,1520.0,690.38,33.5824
23722413888,0,0.0,0.0,0.0,842.0,2016.0,690.38,34.7169
23722413888,0,0.0,0.0,0.0,482.0,2036.0,690.38,33.9886
23722413888,1,0.0,0.0,0.0,725.0,451.0,690.38,35.9548
23722413888,1,0.0,0.0,0.0,1910.0,500.0,690.37,33.4538
23722413888,0,0.0,0.0,0.0,174.0,1088.0,690.37,33.2698
24015758143,0,5.0,15.0,5.0,874.0,1159.0,1279.01,49.6097
24015758143,1,2.0,9.0,2.0,1517.0,400.0,1279.01,42.3354
24015758143,1,5.0,16.0,5.0,997.0,312.0,1279.0,47.6314
24015758143,0,4.0,13.0,4.0,455.0,313.0,1279.0,47.3641
24015758143,0,4.0,12.0,4.0,1729.0,232.0,1279.03,45.6038
24015758143,1,5.0,17.0,6.0,736.0,538.0,1279.03,47.675
24015758143,1,6.0,17.0,6.0,667.0,796.0,1279.0,50.5309
24015758143,0,2.0,9.0,2.0,700.0,2089.0,1279.0,43.2514
24015758143,1,7.0,20.0,8.0,707.0,1162.0,1279.02,52.4118
24015758143,0,4.0,13.0,4.0,1218.0,115.0,1279.02,46.6328
24015758143,1,4.0,14.0,5.0,888.0,197.0,1279.02,45.8061
24015758143,0,5.0,16.0,6.0,1427.0,1810.0,1279.02,48.7681
24015758143,0,4.0,13.0,4.0,1560.0,1163.0,1279.02,47.8768
24015758143,1,4.0,15.0,5.0,1516.0,1170.0,1279.02,46.9198
24015758143,0,3.0,10.0,3.0,1407.0,1368.0,1279.04,45.0022
24015758143,1,3.0,10.0,3.0,438.0,1732.0,1279.04,44.5026
24030409927,1,2.0,7.0,2.0,1942.0,718.0,120.85,40.3937
24030409927,0,2.0,7.0,2.0,254.0,216.0,120.85,42.4472
24030409927,1,3.0,10.0,4.0,108.0,1109.0,120.8,43.8002
24030409927,0,4.0,12.0,4.0,2021.0,2102.0,120.8,46.5824
24030409927,1,2.0,8.0,3.0,2082.0,172.0,120.79,42.7973
24030409927,0,2.0,6.0,2.0,30.0,834.0,120.79,42.343
24030409927,0,2.0,9.0,3.0,353.0,1054.0,120.78,42.3765
24030409927,1,3.0,10.0,3.0,859.0,1563.0,120.78,44.7307
24030409927,1,1.0,5.0,2.0,1109.0,1539.0,120.82,39.0922
24030409927,0,1.0,6.0,2.0,1068.0,1219.0,120.82,40.0091
24030409927,0,3.0,9.0,4.0,158.0,1439.0,120.84,45.5964
24030409927,1,2.0,9.0,3.0,1511.0,1492.0,120.84,40.6658
24030409927,0,3.0,9.0,3.0,805.0,1343.0,120.82,46.6932
24030409927,1,2.0,7.0,2.0,1748.0,1838.0,120.82,41.5405
24030409927,0,3.0,10.0,3.0,362.0,285.0,120.83,43.3721
24030409927,1,5.0,15.0,6.0,51.0,52.0,120.83,46.7964
24470624934,0,0.0,2.0,1.0,1224.0,1613.0,418.3,35.6076
24470624934,1,0.0,2.0,0.0,504.0,228.0,418.3,32.1672
24470624934,0,0.0,2.0,0.0,932.0,1639.0,418.29,30.8202
24470624934,1,1.0,3.0,1.0,1397.0,558.0,418.29,32.4489
24470624934,0,0.0,2.0,0.0,269.0,1327.0,418.28,36.3962
24470624934,1,0.0,2.0,0.0,1993.0,697.0,418.28,29.1923
24470624934,0,0.0,1.0,0.0,539.0,890.0,418.27,35.1715
24470624934,1,1.0,3.0,1.0,1825.0,63.0,418.27,30.7845
24470624934,0,0.0,2.0,0.0,1528.0,193.0,418.27,33.1271
24470624934,1,0.0,1.0,0.0,1919.0,1939.0,418.27,34.4337
24470624934,0,1.0,3.0,1.0,1697.0,669.0,418.27,36.2085
24470624934,1,0.0,2.0,0.0,1562.0,1883.0,418.27,33.5875
24470624934,1,1.0,3.0,1.0,557.0,1106.0,418.27,37.3601
24470624934,0,0.0,2.0,0.0,868.0,602.0,418.27,37.8822
24470624934,1,0.0,1.0,0.0,1929.0,2038.0,418.28,32.2475
24470624934,0,0.0,1.0,0.0,1268.0,874.0,418.28,34.8444
24523154261,1,2.0,10.0,2.0,273.0,1396.0,449.08,45.6299
24523154261,0,2.0,10.0,1.0,1838.0,445.0,449.08,48.0817
24523154261,1,2.0,10.0,2.0,1264.0,1045.0,446.1,47.376
24523154261,0,2.0,10.0,2.0,500.0,116.0,446.1,46.1947
24523154261,0,2.0,10.0,2.0,1755.0,1816.0,449.1,47.0079
24523154261,1,2.0,10.0,2.0,590.0,238.0,449.1,46.2031
24523154261,0,2.0,10.0,2.0,1390.0,1062.0,449.09,46.9883
24523154261,1,2.0,10.0,2.0,836.0,1402.0,449.09,47.8112
24523154261,1,2.0,10.0,2.0,973.0,490.0,449.09,44.5799
24523154261,0,2.0,10.0,2.0,363.0,812.0,449.09,45.0019
24523154261,1,2.0,10.0,1.0,1388.0,1677.0,450.08,45.1611
24523154261,0,2.0,10.0,1.0,1740.0,1648.0,450.08,46.538
24523154261,0,2.0,10.0,2.0,662.0,456.0,449.1,48.0339
24523154261,1,2.0,10.0,2.0,287.0,1473.0,449.1,46.0106
24523154261,0,2.0,10.0,1.0,541.0,1041.0,449.09,45.8354
24523154261,1,2.0,10.0,2.0,381.0,1459.0,449.09,46.1897
24526624284,0,0.0,0.0,0.0,31.0,90.0,425.95,36.5635
24526624284,1,0.0,0.0,0.0,25.0,85.0,425.95,36.1004
24526624284,1,0.0,0.0,0.0,27.0,1250.0,425.94,34.938
24526624284,0,0.0,0.0,0.0,1464.0,1222.0,425.94,36.061
24526624284,1,0.0,0.0,0.0,1600.0,1370.0,427.94,33.53
24526624284,0,0.0,0.0,0.0,886.0,838.0,427.94,33.6551
24526624284,1,0.0,0.0,0.0,1642.0,317.0,422.27,26.0879
24526624284,0,0.0,0.0,0.0,817.0,2104.0,422.27,25.6846
24526624284,0,0.0,0.0,0.0,43.0,103.0,425.96,34.7707
24526624284,1,0.0,0.0,0.0,30.0,90.0,425.96,35.7849
24526624284,0,0.0,0.0,0.0,25.0,85.0,425.93,37.0261
24526624284,1,0.0,0.0,0.0,32.0,92.0,425.93,34.7857
24526624284,1,0.0,0.0,0.0,551.0,489.0,422.28,25.5471
24526624284,0,0.0,0.0,0.0,553.0,491.0,422.28,25.5275
24526624284,0,0.0,0.0,0.0,41.0,101.0,427.94,34.2508
24526624284,1,0.0,0.0,0.0,28.0,88.0,427.94,38.5553
24526624284,1,0.0,0.0,0.0,46.0,105.0,425.92,36.428
24526624284,0,0.0,0.0,0.0,37.0,96.0,425.92,37.9528
24526624284,0,0.0,0.0,0.0,43.0,103.0,427.93,36.8599
24526624284,1,0.0,0.0,0.0,43.0,103.0,427.93,32.1663
24526624284,0,0.0,0.0,0.0,39.0,99.0,425.92,33.7815
24526624284,1,0.0,0.0,0.0,34.0,95.0,425.92,30.8293
24526624284,0,0.0,0.0,0.0,574.0,519.0,422.26,26.5791
24526624284,1,0.0,0.0,0.0,545.0,480.0,422.26,28.0054
24526624284,1,0.0,0.0,0.0,36.0,96.0,425.92,34.7017
24526624284,0,0.0,0.0,0.0,36.0,96.0,425.92,37.1967
24526624284,1,0.0,0.0,0.0,591.0,542.0,425.93,36.2311
24526624284,0,0.0,0.0,0.0,552.0,486.0,425.93,37.5309
24526624284,1,0.0,0.0,0.0,37.0,97.0,425.94,34.0105
24526624284,0,0.0,0.0,0.0,29.0,89.0,425.94,35.5669
24526624284,0,0.0,0.0,0.0,31.0,91.0,427.92,35.8198
24526624284,1,0.0,0.0,0.0,33.0,95.0,427.92,33.4165
24698388678,1,35.0,61.0,35.0,1892.0,2041.0,197734.0,109.336
24698388678,0,35.0,61.0,35.0,1893.0,2042.0,197734.0,115.097
24698388678,0,35.0,62.0,35.0,1891.0,2039.0,197734.0,109.709
24698388678,1,35.0,62.0,35.0,1894.0,2042.0,197734.0,110.561
24698388678,1,35.0,62.0,35.0,1893.0,2041.0,197733.0,101.383
24698388678,0,35.0,62.0,35.0,1890.0,2038.0,197733.0,103.027
24698388678,0,35.0,60.0,35.0,1189.0,1256.0,197733.0,106.396
24698388678,1,35.0,61.0,35.0,1892.0,2040.0,197733.0,108.988
24698388678,0,35.0,62.0,35.0,1887.0,2035.0,197733.0,106.269
24698388678,1,35.0,62.0,35.0,1892.0,2040.0,197733.0,106.626
24698388678,1,35.0,62.0,35.0,1890.0,2038.0,197733.0,101.658
24698388678,0,35.0,62.0,35.0,1890.0,2038.0,197733.0,107.481
24698388678,1,35.0,62.0,35.0,1891.0,2040.0,197733.0,95.9758
24698388678,0,35.0,61.0,35.0,1891.0,2039.0,197733.0,104.984
24698388678,1,35.0,61.0,35.0,1195.0,1259.0,197732.0,106.171
24698388678,0,35.0,62.0,35.0,1892.0,2040.0,197732.0,112.249
25486567675,0,0.0,3.0,0.0,13.0,5.0,104.93,37.6413
25486567675,1,0.0,4.0,1.0,17.0,6.0,104.93,38.6962
25486567675,1,0.0,4.0,0.0,15.0,6.0,104.95,38.046
25486567675,0,0.0,4.0,0.0,16.0,6.0,104.95,40.4604
25486567675,0,0.0,3.0,0.0,16.0,5.0,104.94,37.6391
25486567675,1,0.0,5.0,0.0,13.0,5.0,104.94,36.973
25486567675,0,0.0,6.0,0.0,16.0,6.0,104.93,39.8037
25486567675,1,0.0,8.0,1.0,17.0,5.0,104.93,37.2414
25486567675,0,0.0,2.0,0.0,14.0,5.0,104.94,39.8337
25486567675,1,0.0,3.0,0.0,14.0,5.0,104.94,38.0838
25486567675,1,0.0,4.0,0.0,15.0,5.0,104.96,39.452
25486567675,0,0.0,4.0,0.0,14.0,5.0,104.96,40.9045
25486567675,0,0.0,5.0,1.0,16.0,5.0,104.95,39.4044
25486567675,1,0.0,5.0,1.0,16.0,5.0,104.95,36.9244
25486567675,1,0.0,8.0,0.0,17.0,6.0,104.94,40.2825
25486567675,0,0.0,7.0,1.0,16.0,5.0,104.94,40.4113
25529962449,0,14.0,39.0,13.0,1251.0,963.0,13534.4,81.0077
25529962449,1,14.0,39.0,13.0,1044.0,1035.0,13534.4,87.5781
25529962449,0,14.0,39.0,15.0,972.0,713.0,13534.4,84.8892
25529962449,1,14.0,39.0,14.0,938.0,472.0,13534.4,79.064
25529962449,0,14.0,39.0,15.0,1176.0,1645.0,13534.4,87.8752
25529962449,1,14.0,39.0,14.0,920.0,1117.0,13534.4,85.1214
25529962449,1,14.0,39.0,14.0,921.0,886.0,13532.4,82.2154
25529962449,0,14.0,39.0,14.0,1017.0,1621.0,13532.4,86.1354
25529962449,1,14.0,39.0,14.0,1087.0,1048.0,13535.4,90.2327
25529962449,0,14.0,39.0,14.0,1019.0,404.0,13535.4,84.6575
25529962449,1,14.0,39.0,14.0,1240.0,1305.0,13535.4,82.9112
25529962449,0,14.0,39.0,14.0,1016.0,1107.0,13535.4,83.8301
25529962449,0,14.0,32.0,14.0,1166.0,1633.0,13535.4,81.1421
25529962449,1,14.0,37.0,13.0,1133.0,1592.0,13535.4,85.1575
25529962449,1,14.0,34.0,14.0,1177.0,1757.0,13535.4,80.2103
25529962449,0,14.0,39.0,14.0,897.0,621.0,13535.4,83.8724
26203275307,0,2.0,6.0,2.0,736.0,459.0,5973.93,37.7882
26203275307,1,3.0,10.0,3.0,1100.0,506.0,5973.93,42.1107
26203275307,0,3.0,11.0,3.0,1072.0,513.0,5973.93,40.013
26203275307,1,5.0,16.0,5.0,914.0,543.0,5973.93,39.4852
26203275307,0,2.0,8.0,2.0,861.0,470.0,5973.94,38.8973
26203275307,1,6.0,18.0,6.0,1037.0,572.0,5973.94,40.5607
26203275307,0,3.0,11.0,4.0,1196.0,519.0,5973.94,38.7203
26203275307,1,7.0,22.0,7.0,1181.0,618.0,5973.94,47.5284
26203275307,1,0.0,0.0,2.0,820.0,464.0,5973.94,37.2495
26203275307,0,4.0,13.0,4.0,1302.0,514.0,5973.94,40.7534
26203275307,1,0.0,0.0,4.0,1253.0,517.0,5973.93,39.3196
26203275307,0,4.0,14.0,4.0,938.0,583.0,5973.93,40.8952
26203275307,0,3.0,12.0,4.0,1167.0,496.0,5973.96,39.3497
26203275307,1,0.0,0.0,3.0,1485.0,393.0,5973.96,37.4247
26203275307,1,3.0,9.0,3.0,1008.0,487.0,5973.94,44.0148
26203275307,0,2.0,8.0,2.0,920.0,477.0,5973.94,44.1315
26541785629,0,0.0,0.0,0.0,1185.0,1072.0,27.15,34.9511
26541785629,1,0.0,0.0,0.0,1190.0,1088.0,27.15,35.2364
26541785629,0,0.0,0.0,0.0,1226.0,1071.0,27.17,36.5527
26541785629,1,0.0,0.0,0.0,1258.0,1087.0,27.17,35.9377
26541785629,0,0.0,0.0,0.0,1200.0,1077.0,27.15,35.6314
26541785629,1,0.0,0.0,0.0,1181.0,1066.0,27.15,35.4865
26541785629,1,0.0,0.0,0.0,1275.0,1088.0,27.17,36.0089
26541785629,0,0.0,0.0,0.0,1147.0,1069.0,27.17,35.1852
26541785629,0,0.0,0.0,0.0,1176.0,1043.0,27.18,36.545
26541785629,1,0.0,0.0,0.0,1224.0,1089.0,27.18,35.4998
26541785629,0,0.0,0.0,0.0,1186.0,1079.0,27.17,35.6538
26541785629,1,0.0,0.0,0.0,1171.0,1095.0,27.17,34.4791
26541785629,1,0.0,0.0,0.0,1218.0,1067.0,27.17,36.413
26541785629,0,0.0,0.0,0.0,1182.0,1060.0,27.17,35.8957
26541785629,0,0.0,0.0,0.0,1156.0,1044.0,27.16,34.847
26541785629,1,0.0,0.0,0.0,1190.0,1067.0,27.16,34.9489
26711818174,0,0.0,0.0,0.0,1581.0,925.0,4.92,27.82
26711818174,1,0.0,0.0,0.0,155.0,2099.0,4.92,24.2944
26711818174,1,0.0,0.0,0.0,857.0,250.0,4.9,25.301
26711818174,0,0.0,0.0,0.0,1450.0,1036.0,4.9,36.802
26711818174,1,0.0,0.0,0.0,802.0,2103.0,4.91,25.7602
26711818174,0,0.0,0.0,0.0,290.0,337.0,4.91,36.8502
26711818174,1,0.0,0.0,0.0,1658.0,602.0,4.91,26.707
26711818174,0,0.0,0.0,0.0,1278.0,1697.0,4.91,25.7308
26711818174,0,0.0,0.0,0.0,1177.0,653.0,4.9,25.4538
26711818174,1,0.0,0.0,0.0,1053.0,1187.0,4.9,25.6746
26711818174,0,0.0,0.0,0.0,1993.0,1737.0,4.9,26.0192
26711818174,1,0.0,0.0,0.0,1607.0,403.0,4.9,27.7332
26711818174,1,0.0,0.0,0.0,451.0,2048.0,4.9,26.9114
26711818174,0,0.0,0.0,0.0,481.0,819.0,4.9,27.2823
26711818174,0,0.0,0.0,0.0,1099.0,1460.0,4.89,27.391
26711818174,1,0.0,0.0,0.0,894.0,864.0,4.89,26.3002
27266945910,0,8.0,98.0,9.0,1053.0,1073.0,130418.0,69.5749
27266945910,1,7.0,98.0,8.0,1059.0,1039.0,130418.0,66.8145
27266945910,1,7.0,98.0,8.0,1073.0,1095.0,130418.0,68.1419
27266945910,0,8.0,98.0,9.0,1050.0,1074.0,130418.0,67.9137
27266945910,1,7.0,98.0,8.0,1064.0,1026.0,130418.0,67.348
27266945910,0,8.0,98.0,9.0,1082.0,1073.0,130418.0,70.8039
27266945910,1,7.0,98.0,8.0,1080.0,1119.0,130417.0,72.7455
27266945910,0,8.0,98.0,9.0,1070.0,1080.0,130417.0,67.9566
27266945910,0,8.0,98.0,9.0,1080.0,1087.0,130419.0,70.3274
27266945910,1,7.0,98.0,8.0,1076.0,1091.0,130419.0,67.7673
27266945910,0,8.0,98.0,9.0,1065.0,1083.0,130419.0,67.5444
27266945910,1,7.0,98.0,8.0,1062.0,1046.0,130419.0,68.4366
27266945910,1,7.0,98.0,8.0,1043.0,1039.0,130418.0,69.7216
27266945910,0,8.0,98.0,9.0,1072.0,1080.0,130418.0,67.0206
27266945910,1,7.0,98.0,8.0,1070.0,1101.0,130418.0,66.5423
27266945910,0,8.0,98.0,9.0,1070.0,1067.0,130418.0,67.3133
27618763817,1,0.0,0.0,0.0,0.0,487.0,0.42,0.0
27618763817,0,0.0,0.0,0.0,0.0,1610.0,0.42,0.0
27618763817,0,0.0,0.0,0.0,1575.0,2063.0,2.09,27.127
27618763817,1,0.0,0.0,0.0,898.0,1647.0,2.09,25.486
27618763817,1,0.0,0.0,0.0,0.0,0.0,0.42,0.0
27618763817,0,0.0,0.0,0.0,0.0,0.0,0.42,0.0
27618763817,0,0.0,0.0,0.0,0.0,0.0,0.44,0.0
27618763817,1,0.0,0.0,0.0,20.0,0.0,0.44,28.275
27618763817,1,0.0,0.0,0.0,350.0,1058.0,0.42,0.0
27618763817,0,0.0,0.0,0.0,251.0,1951.0,0.42,25.566
27618763817,0,0.0,0.0,0.0,941.0,0.0,0.43,25.546
27618763817,1,0.0,0.0,0.0,0.0,0.0,0.43,0.0
27618763817,1,0.0,0.0,0.0,0.0,0.0,0.44,0.0
27618763817,0,0.0,0.0,0.0,418.0,1315.0,0.44,32.701
27618763817,1,0.0,0.0,0.0,0.0,0.0,0.42,0.0
27618763817,0,0.0,0.0,0.0,0.0,0.0,0.42,0.0
28337959824,1,0.0,0.0,0.0,853.0,1529.0,312920.0,36.3354
28337959824,0,0.0,0.0,0.0,132.0,901.0,312920.0,42.9932
28337959824,1,0.0,0.0,0.0,1229.0,1547.0,312917.0,26.5902
28337959824,0,0.0,0.0,0.0,1114.0,1404.0,312917.0,28.1708
28337959824,0,0.0,1.0,0.0,219.0,1773.0,312920.0,37.1742
28337959824,1,0.0,0.0,0.0,2080.0,1326.0,312920.0,36.5067
28337959824,1,0.0,0.0,0.0,478.0,1604.0,312920.0,37.8171
28337959824,0,0.0,0.0,0.0,849.0,1099.0,312920.0,36.2791
28337959824,0,0.0,0.0,0.0,989.0,1387.0,312920.0,35.9618
28337959824,1,0.0,0.0,0.0,167.0,635.0,312920.0,37.1488
28337959824,0,0.0,0.0,0.0,1580.0,303.0,312920.0,38.2769
28337959824,1,0.0,0.0,0.0,616.0,126.0,312920.0,38.9694
28337959824,0,0.0,0.0,0.0,647.0,595.0,312920.0,36.5604
28337959824,1,0.0,0.0,0.0,1756.0,1866.0,312920.0,35.4302
28337959824,1,0.0,0.0,0.0,410.0,468.0,312920.0,36.1376
28337959824,0,0.0,0.0,0.0,429.0,1085.0,312920.0,37.086
28369012823,0,0.0,1.0,0.0,760.0,421.0,72.93,33.2991
28369012823,1,0.0,2.0,0.0,2028.0,270.0,72.93,36.6309
28369012823,0,0.0,3.0,0.0,2023.0,848.0,72.93,35.7653
28369012823,1,0.0,4.0,0.0,21.0,846.0,72.93,37.9168
28369012823,0,0.0,3.0,0.0,1643.0,1611.0,72.92,36.6214
28369012823,1,0.0,1.0,0.0,1746.0,488.0,72.92,30.9004
28369012823,1,0.0,1.0,0.0,899.0,1648.0,72.92,36.42
28369012823,0,0.0,1.0,0.0,1575.0,2063.0,72.92,36.0718
28369012823,0,0.0,3.0,0.0,965.0,509.0,72.92,35.7028
28369012823,1,0.0,2.0,0.0,2104.0,1527.0,72.92,37.4691
28369012823,1,0.0,3.0,0.0,351.0,1059.0,72.93,37.2804
28369012823,0,0.0,2.0,0.0,251.0,1952.0,72.93,33.5279
28369012823,1,0.0,1.0,0.0,1701.0,660.0,72.93,35.4114
28369012823,0,0.0,3.0,0.0,419.0,1317.0,72.93,37.6731
28369012823,0,0.0,2.0,0.0,942.0,1626.0,72.92,37.7707
28369012823,1,0.0,2.0,0.0,329.0,796.0,72.92,42.4707
28452238011,0,5.0,16.0,6.0,365.0,1951.0,796.74,49.486
28452238011,1,4.0,14.0,5.0,862.0,1482.0,796.74,44.3251
28452238011,1,5.0,15.0,5.0,1126.0,554.0,796.72,49.211
28452238011,0,4.0,13.0,4.0,1059.0,1733.0,796.72,45.8435
28452238011,1,3.0,10.0,3.0,1177.0,1654.0,796.73,43.8013
28452238011,0,3.0,9.0,3.0,565.0,756.0,796.73,43.3424
28452238011,1,2.0,9.0,3.0,1727.0,649.0,796.72,42.8308
28452238011,0,5.0,14.0,5.0,1567.0,1285.0,796.72,47.0818
28452238011,0,4.0,14.0,5.0,1082.0,1032.0,796.73,47.3103
28452238011,1,4.0,15.0,4.0,1765.0,662.0,796.73,48.6637
28452238011,1,6.0,17.0,6.0,681.0,228.0,796.73,48.0653
28452238011,0,2.0,8.0,2.0,347.0,1737.0,796.73,44.1918
28452238011,1,7.0,19.0,7.0,1678.0,1945.0,796.72,50.3078
28452238011,0,4.0,12.0,4.0,1853.0,1968.0,796.72,48.3461
28452238011,0,4.0,12.0,4.0,683.0,849.0,796.73,47.698
28452238011,1,5.0,16.0,5.0,1382.0,902.0,796.73,46.502
28492915110,1,7.0,11.0,7.0,87.0,1033.0,910.64,56.0345
28492915110,0,7.0,11.0,8.0,220.0,169.0,910.64,57.201
28492915110,0,8.0,12.0,8.0,1911.0,123.0,908.64,57.3383
28492915110,1,8.0,12.0,8.0,1373.0,1360.0,908.64,56.7506
28492915110,1,8.0,12.0,8.0,1939.0,460.0,906.64,58.7813
28492915110,0,8.0,12.0,9.0,225.0,1753.0,906.64,59.9377
28492915110,1,8.0,12.0,8.0,1936.0,663.0,909.65,56.862
28492915110,0,8.0,12.0,8.0,781.0,1178.0,909.65,58.4646
28492915110,0,8.0,12.0,8.0,170.0,1652.0,910.67,59.793
28492915110,1,8.0,12.0,8.0,1287.0,1205.0,910.67,63.2444
28492915110,1,8.0,12.0,8.0,1344.0,982.0,909.65,56.989
28492915110,0,8.0,12.0,8.0,1939.0,844.0,909.65,62.0417
28492915110,0,8.0,12.0,8.0,1274.0,1326.0,909.64,59.306
28492915110,1,8.0,12.0,9.0,819.0,497.0,909.64,58.752
28492915110,0,8.0,12.0,8.0,260.0,308.0,909.65,62.3628
28492915110,1,8.0,12.0,8.0,594.0,1913.0,909.65,59.8249
28492915110,0,8.0,12.0,8.0,905.0,1996.0,909.65,55.9525
28492915110,1,8.0,12.0,9.0,1287.0,775.0,909.65,59.1322
28492915110,0,8.0,12.0,8.0,1069.0,1137.0,909.65,59.6563
28492915110,1,8.0,12.0,8.0,365.0,1465.0,909.65,59.9676
28492915110,0,8.0,12.0,7.0,531.0,1266.0,910.63,59.4854
28492915110,1,8.0,12.0,8.0,1307.0,2002.0,910.63,59.8397
28492915110,1,8.0,12.0,8.0,1263.0,574.0,910.67,60.7676
28492915110,0,8.0,12.0,8.0,1712.0,616.0,910.67,59.201
28492915110,0,8.0,12.0,8.0,1616.0,2026.0,909.64,58.2941
28492915110,1,8.0,12.0,8.0,111.0,317.0,909.64,57.9813
28492915110,1,8.0,12.0,8.0,1686.0,2047.0,909.64,63.7662
28492915110,0,8.0,12.0,8.0,1100.0,246.0,909.64,59.0198
28492915110,1,8.0,12.0,8.0,277.0,1258.0,909.64,60.4676
28492915110,0,8.0,12.0,8.0,264.0,1176.0,909.64,56.4649
28492915110,1,8.0,12.0,8.0,1011.0,1858.0,909.64,58.0922
28492915110,0,8.0,12.0,8.0,1158.0,1213.0,909.64,58.4122
28520956218,0,0.0,0.0,0.0,33.0,1931.0,25.37,28.4269
28520956218,1,0.0,0.0,0.0,481.0,1978.0,25.37,27.7929
28520956218,1,0.0,0.0,0.0,748.0,1171.0,25.35,28.2586
28520956218,0,0.0,0.0,0.0,697.0,1495.0,25.35,30.4716
28520956218,0,0.0,0.0,0.0,2125.0,1765.0,25.35,32.5711
28520956218,1,0.0,0.0,0.0,1188.0,1492.0,25.35,31.5427
28520956218,0,0.0,0.0,0.0,454.0,1637.0,25.36,31.5574
28520956218,1,0.0,0.0,0.0,362.0,1358.0,25.36,31.9046
28520956218,0,0.0,0.0,0.0,1276.0,714.0,25.37,32.3504
28520956218,1,0.0,0.0,0.0,792.0,618.0,25.37,31.5903
28520956218,1,0.0,0.0,0.0,2012.0,298.0,25.36,29.7993
28520956218,0,0.0,0.0,0.0,1358.0,1844.0,25.36,33.1796
28520956218,1,0.0,0.0,0.0,2109.0,1284.0,25.37,29.8002
28520956218,0,0.0,0.0,0.0,673.0,842.0,25.37,27.1822
28520956218,0,0.0,0.0,0.0,325.0,1498.0,25.37,31.323
28520956218,1,0.0,0.0,0.0,1412.0,1127.0,25.37,27.8163
28551603014,0,47.0,88.0,48.0,1040.0,1048.0,44314.2,171.054
28551603014,1,47.0,86.0,48.0,1057.0,1077.0,44314.2,167.554
28551603014,0,47.0,88.0,47.0,1064.0,1081.0,44314.2,167.334
28551603014,1,47.0,86.0,48.0,1098.0,1078.0,44314.2,160.858
28551603014,0,47.0,88.0,48.0,1074.0,1088.0,44314.2,160.989
28551603014,1,47.0,86.0,48.0,1062.0,1079.0,44314.2,172.282
28551603014,0,47.0,88.0,48.0,1032.0,1083.0,44314.2,171.509
28551603014,1,47.0,86.0,48.0,1064.0,1082.0,44314.2,161.974
28551603014,0,47.0,88.0,48.0,1095.0,1070.0,44314.2,169.865
28551603014,1,47.0,86.0,48.0,1081.0,1079.0,44314.2,165.584
28604171006,1,0.0,0.0,0.0,1279.0,1445.0,34.57,24.5164
28604171006,0,0.0,0.0,0.0,1280.0,1080.0,34.57,24.893
28604171006,1,0.0,0.0,0.0,1245.0,747.0,36.21,25.9476
28604171006,0,0.0,0.0,0.0,454.0,107.0,36.21,26.7398
28604171006,0,0.0,0.0,0.0,347.0,232.0,34.55,24.2581
28604171006,1,0.0,0.0,0.0,193.0,1911.0,34.55,24.6606
28604171006,0,0.0,0.0,0.0,422.0,720.0,34.55,25.4017
28604171006,1,0.0,0.0,0.0,549.0,432.0,34.55,27.2267
28604171006,1,0.0,0.0,0.0,1867.0,1749.0,34.59,25.4306
28604171006,0,0.0,0.0,0.0,961.0,811.0,34.59,24.1068
28604171006,0,0.0,0.0,0.0,1465.0,579.0,34.56,25.5192
28604171006,1,0.0,0.0,0.0,1928.0,283.0,34.56,25.8527
28604171006,0,0.0,0.0,0.0,1492.0,40.0,36.2,25.0016
28604171006,1,0.0,0.0,0.0,1396.0,529.0,36.2,26.8714
28604171006,1,0.0,0.0,0.0,265.0,697.0,34.55,26.239
28604171006,0,0.0,0.0,0.0,1564.0,132.0,34.55,28.7954
29109445112,1,3.0,11.0,3.0,162.0,1732.0,525.17,42.0743
29109445112,0,2.0,7.0,2.0,1890.0,602.0,525.17,43.8717
29109445112,0,1.0,6.0,1.0,1504.0,1361.0,525.2,38.4919
29109445112,1,4.0,12.0,4.0,1904.0,268.0,525.2,42.3926
29109445112,1,4.0,13.0,5.0,553.0,1911.0,525.17,46.6658
29109445112,0,2.0,8.0,2.0,1224.0,626.0,525.17,42.6936
29109445112,1,3.0,9.0,3.0,406.0,1668.0,525.17,44.5264
29109445112,0,4.0,11.0,4.0,1652.0,2051.0,525.17,43.8719
29109445112,0,3.0,10.0,3.0,1801.0,1334.0,525.17,45.4434
29109445112,1,1.0,6.0,1.0,1058.0,2096.0,525.17,39.6021
29109445112,1,2.0,6.0,2.0,534.0,434.0,525.17,39.503
29109445112,0,2.0,6.0,2.0,954.0,1063.0,525.17,42.3245
29109445112,0,2.0,9.0,2.0,1421.0,319.0,525.16,41.1794
29109445112,1,3.0,10.0,3.0,1029.0,812.0,525.16,42.9383
29109445112,0,2.0,8.0,3.0,140.0,392.0,525.15,45.3093
29109445112,1,3.0,10.0,3.0,1693.0,1593.0,525.15,41.9539
29560303103,0,0.0,0.0,0.0,1195.0,1252.0,23.15,42.5007
29560303103,1,0.0,0.0,0.0,2108.0,231.0,23.15,26.7966
29560303103,0,0.0,0.0,0.0,1045.0,1212.0,23.1,43.2398
29560303103,1,0.0,0.0,0.0,1089.0,1533.0,23.1,38.1767
29560303103,1,0.0,0.0,0.0,1916.0,710.0,23.11,32.9138
29560303103,0,0.0,0.0,0.0,229.0,208.0,23.11,39.0309
29560303103,0,0.0,0.0,0.0,689.0,1974.0,23.1,24.5809
29560303103,1,0.0,0.0,0.0,1436.0,2100.0,23.1,26.9179
29560303103,1,0.0,0.0,0.0,72.0,1099.0,23.12,43.93
29560303103,0,0.0,0.0,0.0,1980.0,2091.0,23.12,45.3913
29560303103,0,0.0,0.0,0.0,127.0,1430.0,23.09,38.9086
29560303103,1,0.0,0.0,0.0,1481.0,1483.0,23.09,37.8558
29560303103,1,0.0,0.0,0.0,1.0,39.0,23.09,44.3195
29560303103,0,0.0,0.0,0.0,330.0,276.0,23.09,30.8602
29560303103,1,0.0,0.0,0.0,2123.0,1554.0,23.1,37.2624
29560303103,0,0.0,0.0,0.0,323.0,1045.0,23.1,38.0455
29728641259,0,0.0,0.0,0.0,1245.0,970.0,210.13,30.8672
29728641259,1,0.0,0.0,0.0,719.0,1199.0,210.13,30.7184
29728641259,0,0.0,0.0,0.0,1537.0,591.0,210.12,30.4645
29728641259,1,0.0,0.0,0.0,1492.0,75.0,210.12,30.1388
29728641259,0,0.0,0.0,0.0,888.0,710.0,210.11,31.7401
29728641259,1,0.0,0.0,0.0,409.0,700.0,210.11,30.7911
29728641259,1,0.0,0.0,0.0,482.0,1104.0,210.12,28.742
29728641259,0,0.0,0.0,0.0,2082.0,725.0,210.12,31.1601
29728641259,0,0.0,0.0,0.0,791.0,1924.0,210.11,27.3235
29728641259,1,0.0,0.0,0.0,353.0,1434.0,210.11,26.8769
29728641259,0,0.0,0.0,0.0,1382.0,1486.0,210.11,28.2904
29728641259,1,0.0,0.0,0.0,499.0,113.0,210.11,27.5169
29728641259,1,0.0,0.0,0.0,510.0,1640.0,210.13,31.2347
29728641259,0,0.0,0.0,0.0,1835.0,1494.0,210.13,30.7598
29728641259,0,0.0,0.0,0.0,181.0,403.0,210.14,30.2206
29728641259,1,0.0,0.0,0.0,610.0,1934.0,210.14,29.4045
29728641259,1,0.0,0.0,0.0,1892.0,1306.0,210.16,28.3151
29728641259,0,0.0,0.0,0.0,940.0,319.0,210.16,32.9039
29728641259,1,0.0,0.0,0.0,1233.0,1590.0,210.11,30.2821
29728641259,0,0.0,0.0,0.0,1265.0,329.0,210.11,29.8585
29728641259,0,0.0,0.0,0.0,1425.0,349.0,210.13,25.7515
29728641259,1,0.0,0.0,0.0,943.0,1943.0,210.13,25.569
29728641259,1,0.0,0.0,0.0,1384.0,630.0,210.13,31.0085
29728641259,0,0.0,0.0,0.0,302.0,1162.0,210.13,31.2579
29728641259,0,0.0,0.0,0.0,1554.0,655.0,210.11,30.8906
29728641259,1,0.0,0.0,0.0,2117.0,1859.0,210.11,29.9131
29728641259,1,0.0,0.0,0.0,2093.0,1684.0,210.1,31.6145
29728641259,0,0.0,0.0,0.0,1999.0,1723.0,210.1,30.3708
29728641259,0,0.0,0.0,0.0,1371.0,1007.0,210.11,31.6172
29728641259,1,0.0,0.0,0.0,1926.0,538.0,210.11,31.7002
29728641259,0,0.0,0.0,0.0,1168.0,356.0,210.15,29.5959
29728641259,1,0.0,0.0,0.0,1328.0,726.0,210.15,26.8793
29944958140,0,0.0,0.0,0.0,118.0,157.0,5331.96,38.5568
29944958140,1,0.0,0.0,0.0,120.0,180.0,5331.96,37.2328
29944958140,0,0.0,0.0,0.0,118.0,151.0,5331.95,40.1765
29944958140,1,0.0,0.0,0.0,120.0,173.0,5331.95,37.9566
29944958140,0,0.0,0.0,0.0,118.0,154.0,5331.96,37.9159
29944958140,1,0.0,0.0,0.0,119.0,161.0,5331.96,37.8603
29944958140,1,0.0,0.0,0.0,123.0,189.0,5331.95,37.2304
29944958140,0,0.0,0.0,0.0,116.0,148.0,5331.95,38.0995
29944958140,0,0.0,0.0,0.0,117.0,149.0,5331.97,38.4053
29944958140,1,0.0,0.0,0.0,123.0,189.0,5331.97,38.3059
29944958140,0,0.0,0.0,0.0,117.0,147.0,5331.98,38.9963
29944958140,1,0.0,0.0,0.0,121.0,171.0,5331.98,38.7883
29944958140,0,0.0,0.0,0.0,118.0,160.0,5331.95,40.0161
29944958140,1,0.0,0.0,0.0,119.0,162.0,5331.95,37.8882
29944958140,0,0.0,0.0,0.0,119.0,164.0,5331.94,38.8452
29944958140,1,0.0,0.0,0.0,120.0,164.0,5331.94,37.6674
30143883794,0,0.0,0.0,0.0,1549.0,1841.0,1.16,26.441
30143883794,1,0.0,0.0,0.0,203.0,1680.0,1.16,24.272
30143883794,0,0.0,0.0,0.0,1599.0,1146.0,1.16,26.216
30143883794,1,0.0,0.0,0.0,1980.0,1744.0,1.16,25.063
30143883794,1,0.0,0.0,0.0,1003.0,432.0,1.16,24.673
30143883794,0,0.0,0.0,0.0,1190.0,1340.0,1.16,26.096
30143883794,1,0.0,0.0,0.0,1596.0,1081.0,1.16,26.337
30143883794,0,0.0,0.0,0.0,439.0,1826.0,1.16,28.555
30143883794,0,0.0,0.0,0.0,398.0,1831.0,1.15,27.158
30143883794,1,0.0,0.0,0.0,2062.0,2028.0,1.15,25.727
30143883794,0,0.0,0.0,0.0,1840.0,790.0,1.15,25.994
30143883794,1,0.0,0.0,0.0,1400.0,791.0,1.15,26.91
30143883794,0,0.0,0.0,0.0,1530.0,692.0,1.14,27.387
30143883794,1,0.0,0.0,0.0,539.0,708.0,1.14,25.838
30143883794,0,0.0,0.0,0.0,1611.0,1528.0,1.16,24.175
30143883794,1,0.0,0.0,0.0,1145.0,1491.0,1.16,25.355
30717575246,0,0.0,0.0,0.0,1280.0,933.0,3.86,26.352
30717575246,1,0.0,0.0,0.0,367.0,1376.0,3.86,26.1817
30717575246,1,0.0,0.0,0.0,180.0,259.0,3.81,25.091
30717575246,0,0.0,0.0,0.0,355.0,352.0,3.81,26.2728
30717575246,0,0.0,0.0,0.0,2068.0,157.0,3.82,25.9488
30717575246,1,0.0,0.0,0.0,1964.0,1564.0,3.82,25.8335
30717575246,1,0.0,0.0,0.0,1933.0,113.0,3.81,24.493
30717575246,0,0.0,0.0,0.0,1932.0,110.0,3.81,24.6532
30717575246,0,0.0,0.0,0.0,1924.0,96.0,3.96,24.2527
30717575246,1,0.0,0.0,0.0,1922.0,92.0,3.96,25.8887
30717575246,0,0.0,0.0,0.0,287.0,32.0,3.97,25.8938
30717575246,1,0.0,0.0,0.0,309.0,365.0,3.97,25.5973
30717575246,0,0.0,0.0,0.0,1821.0,2041.0,3.81,25.3212
30717575246,1,0.0,0.0,0.0,996.0,971.0,3.81,25.928
30717575246,0,0.0,0.0,0.0,1686.0,830.0,3.64,26.9335
30717575246,1,0.0,0.0,0.0,1827.0,958.0,3.64,24.0358
30717575246,0,0.0,0.0,0.0,195.0,247.0,3.82,26.3163
30717575246,1,0.0,0.0,0.0,1938.0,111.0,3.82,24.9537
30717575246,0,0.0,0.0,0.0,821.0,743.0,3.78,25.7843
30717575246,1,0.0,0.0,0.0,1323.0,530.0,3.78,25.085
30717575246,0,0.0,0.0,0.0,1929.0,110.0,3.81,25.0087
30717575246,1,0.0,0.0,0.0,1929.0,110.0,3.81,25.3065
30717575246,1,0.0,0.0,0.0,1928.0,104.0,3.81,25.8672
30717575246,0,0.0,0.0,0.0,1727.0,899.0,3.81,25.2453
30717575246,1,0.0,0.0,0.0,1423.0,1125.0,3.78,28.5372
30717575246,0,0.0,0.0,0.0,62.0,552.0,3.78,25.8955
30717575246,0,0.0,0.0,0.0,1919.0,96.0,3.8,25.3585
30717575246,1,0.0,0.0,0.0,1927.0,105.0,3.8,25.0405
30717575246,0,0.0,0.0,0.0,1198.0,1620.0,3.85,25.259
30717575246,1,0.0,0.0,0.0,1122.0,141.0,3.82,26.5775
30717575246,0,0.0,0.0,0.0,133.0,710.0,3.82,25.519
30717575246,1,0.0,0.0,0.0,936.0,814.0,3.85,26.171
30980995899,0,5.0,18.0,6.0,1188.0,1230.0,81066.7,48.7575
30980995899,1,7.0,21.0,7.0,980.0,1486.0,81066.7,49.9677
30980995899,0,1.0,5.0,1.0,1018.0,1104.0,81066.7,40.2774
30980995899,1,1.0,5.0,1.0,877.0,1182.0,81066.7,40.3291
30980995899,0,3.0,10.0,3.0,1089.0,280.0,81066.7,46.4741
30980995899,1,3.0,10.0,3.0,964.0,185.0,81066.7,45.6574
30980995899,0,1.0,7.0,2.0,1189.0,1148.0,81066.7,41.7893
30980995899,1,5.0,16.0,6.0,952.0,1289.0,81066.7,47.6378
30980995899,1,5.0,17.0,6.0,804.0,1659.0,81066.7,48.4397
30980995899,0,3.0,13.0,4.0,1008.0,1039.0,81066.7,45.457
30980995899,1,4.0,13.0,4.0,1187.0,1505.0,81066.7,48.5431
30980995899,0,4.0,14.0,5.0,1186.0,432.0,81066.7,48.5123
30980995899,1,1.0,5.0,1.0,1584.0,1377.0,81066.7,45.1871
30980995899,0,1.0,7.0,2.0,1346.0,207.0,81066.7,44.8902
30980995899,1,2.0,10.0,3.0,1048.0,1681.0,81066.7,42.7035
30980995899,0,2.0,9.0,2.0,874.0,1077.0,81066.7,42.496
30980995899,1,6.0,20.0,7.0,1081.0,1184.0,81066.7,50.1926
30980995899,0,4.0,14.0,4.0,1158.0,1910.0,81066.7,45.2247
30980995899,0,4.0,12.0,4.0,1066.0,1205.0,81066.7,46.0532
30980995899,1,2.0,9.0,2.0,1243.0,1164.0,81066.7,43.9147
30980995899,1,2.0,8.0,2.0,881.0,722.0,81066.7,42.6728
30980995899,0,2.0,9.0,3.0,946.0,1338.0,81066.7,41.4833
30980995899,1,2.0,7.0,2.0,800.0,131.0,81066.7,44.4222
30980995899,0,2.0,8.0,2.0,1086.0,725.0,81066.7,44.1351
30980995899,0,1.0,6.0,1.0,1116.0,2035.0,81066.7,42.7682
30980995899,1,2.0,8.0,2.0,945.0,1081.0,81066.7,44.047
30980995899,1,3.0,11.0,3.0,1119.0,525.0,81066.7,43.509
30980995899,0,1.0,7.0,2.0,1477.0,223.0,81066.7,42.2631
30980995899,0,2.0,8.0,2.0,1175.0,553.0,81066.7,42.288
30980995899,1,5.0,15.0,5.0,1043.0,666.0,81066.7,47.4154
30980995899,0,4.0,13.0,4.0,1165.0,1925.0,81066.7,49.9245
30980995899,1,5.0,15.0,5.0,1011.0,552.0,81066.7,47.0252
31116799012,1,0.0,0.0,0.0,88.0,1342.0,5361.24,36.9285
31116799012,0,0.0,0.0,0.0,1524.0,1297.0,5361.24,37.733
31116799012,0,0.0,1.0,0.0,970.0,1041.0,5363.18,39.0959
31116799012,1,0.0,2.0,1.0,1716.0,1785.0,5363.18,40.6429
31116799012,0,0.0,0.0,0.0,101.0,217.0,5363.18,39.7545
31116799012,1,0.0,2.0,0.0,140.0,465.0,5363.18,40.9027
31116799012,1,0.0,1.0,0.0,622.0,656.0,5361.18,38.8493
31116799012,0,0.0,0.0,0.0,638.0,632.0,5361.18,37.8212
31116799012,0,0.0,1.0,0.0,120.0,279.0,5363.2,37.0509
31116799012,1,0.0,2.0,0.0,137.0,419.0,5363.2,35.9151
31116799012,1,0.0,0.0,0.0,655.0,633.0,5361.18,38.9682
31116799012,0,0.0,0.0,0.0,609.0,554.0,5361.18,39.7775
31116799012,1,0.0,1.0,0.0,119.0,309.0,5361.18,37.0197
31116799012,0,0.0,1.0,0.0,105.0,263.0,5361.18,38.0058
31116799012,1,0.0,1.0,0.0,129.0,391.0,5363.18,46.2622
31116799012,0,0.0,1.0,0.0,125.0,303.0,5363.18,38.7985
31116799012,0,0.0,0.0,0.0,102.0,217.0,5363.17,39.0827
31116799012,1,0.0,1.0,0.0,110.0,267.0,5363.17,37.5552
31116799012,0,0.0,0.0,0.0,92.0,189.0,5361.17,38.3773
31116799012,1,0.0,1.0,0.0,98.0,255.0,5361.17,38.3139
31116799012,0,0.0,1.0,0.0,114.0,340.0,5361.21,44.0168
31116799012,1,0.0,2.0,0.0,136.0,461.0,5361.21,40.1384
31116799012,1,0.0,1.0,0.0,136.0,397.0,5361.19,38.2591
31116799012,0,0.0,1.0,0.0,135.0,375.0,5361.19,44.5672
31116799012,1,0.0,0.0,0.0,1713.0,437.0,5361.19,37.4685
31116799012,0,0.0,1.0,0.0,898.0,182.0,5361.19,38.0053
31116799012,1,0.0,1.0,0.0,135.0,366.0,5361.19,40.6327
31116799012,0,0.0,0.0,0.0,103.0,205.0,5361.19,44.5733
31116799012,0,0.0,1.0,0.0,630.0,673.0,5357.52,32.4619
31116799012,1,0.0,1.0,0.0,628.0,640.0,5357.52,32.4847
31116799012,1,0.0,1.0,0.0,127.0,375.0,5363.17,40.3073
31116799012,0,0.0,1.0,0.0,121.0,296.0,5363.17,38.5387
31523412415,0,0.0,0.0,0.0,29.0,91.0,4.69,26.6616
31523412415,1,0.0,0.0,0.0,38.0,100.0,4.69,26.1918
31523412415,0,0.0,0.0,0.0,544.0,481.0,4.7,27.5672
31523412415,1,0.0,0.0,0.0,584.0,535.0,4.7,25.222
31523412415,0,0.0,0.0,0.0,546.0,485.0,4.7,24.8478
31523412415,1,0.0,0.0,0.0,544.0,483.0,4.7,24.8733
31523412415,1,0.0,0.0,0.0,23.0,85.0,4.69,25.8742
31523412415,0,0.0,0.0,0.0,35.0,97.0,4.69,25.4558
31523412415,1,0.0,0.0,0.0,1635.0,310.0,4.71,25.0638
31523412415,0,0.0,0.0,0.0,809.0,2098.0,4.71,24.5586
31523412415,1,0.0,0.0,0.0,19.0,1244.0,4.71,28.7906
31523412415,0,0.0,0.0,0.0,1456.0,1217.0,4.71,28.5763
31523412415,1,0.0,0.0,0.0,538.0,473.0,4.69,26.9784
31523412415,0,0.0,0.0,0.0,566.0,512.0,4.69,24.3722
31523412415,0,0.0,0.0,0.0,879.0,833.0,4.68,26.4757
31523412415,1,0.0,0.0,0.0,1592.0,1362.0,4.68,25.5506
31801098453,0,0.0,3.0,0.0,2086.0,420.0,1703.5,45.0132
31801098453,1,0.0,1.0,0.0,978.0,1802.0,1703.5,43.7981
31801098453,0,0.0,3.0,0.0,1088.0,1486.0,1703.49,42.2387
31801098453,1,0.0,3.0,0.0,1473.0,1637.0,1703.49,43.0614
31801098453,1,0.0,3.0,0.0,450.0,1525.0,1703.5,42.125
31801098453,0,0.0,2.0,0.0,621.0,1359.0,1703.5,43.3871
31801098453,0,0.0,2.0,0.0,865.0,400.0,1703.5,43.454
31801098453,1,0.0,4.0,1.0,686.0,453.0,1703.5,44.8011
31801098453,1,0.0,2.0,1.0,1973.0,328.0,1703.48,40.9562
31801098453,0,0.0,2.0,0.0,1046.0,110.0,1703.48,41.7449
31801098453,0,0.0,3.0,0.0,2018.0,421.0,1703.49,44.3751
31801098453,1,0.0,2.0,1.0,1674.0,643.0,1703.49,42.2583
31801098453,0,0.0,1.0,0.0,1215.0,1908.0,1703.49,42.0521
31801098453,1,0.0,3.0,0.0,1744.0,386.0,1703.49,42.0762
31801098453,1,0.0,3.0,1.0,1459.0,1347.0,1703.49,41.4607
31801098453,0,0.0,2.0,1.0,456.0,2037.0,1703.49,42.204
31820998952,1,0.0,3.0,0.0,1678.0,1298.0,197.65,40.9628
31820998952,0,0.0,3.0,0.0,912.0,122.0,197.65,37.8597
31820998952,0,0.0,4.0,0.0,660.0,1111.0,197.67,38.8218
31820998952,1,0.0,4.0,0.0,502.0,1529.0,197.67,39.6897
31820998952,0,0.0,4.0,0.0,2068.0,1877.0,199.32,39.9049
31820998952,1,0.0,4.0,0.0,1717.0,1906.0,199.32,40.3118
31820998952,1,0.0,4.0,0.0,1093.0,560.0,199.31,38.6247
31820998952,0,0.0,4.0,0.0,484.0,83.0,199.31,39.8327
31820998952,0,0.0,3.0,0.0,965.0,1412.0,197.67,40.0645
31820998952,1,0.0,3.0,0.0,1876.0,1993.0,197.67,39.0168
31820998952,0,0.0,4.0,0.0,622.0,1539.0,197.67,39.9163
31820998952,1,0.0,4.0,0.0,36.0,97.0,197.67,41.6901
31820998952,0,0.0,4.0,0.0,830.0,346.0,197.66,40.2578
31820998952,1,0.0,4.0,0.0,1591.0,1274.0,197.66,40.2671
31820998952,0,0.0,4.0,0.0,2084.0,2046.0,197.65,41.3183
31820998952,1,0.0,4.0,0.0,919.0,467.0,197.65,40.7734
32004059991,1,0.0,1.0,4.0,1008.0,414.0,31912.5,46.5416
32004059991,0,0.0,0.0,4.0,1089.0,554.0,31912.5,48.1732
32004059991,0,0.0,1.0,4.0,1187.0,1743.0,31912.5,45.5463
32004059991,1,0.0,1.0,2.0,1226.0,1843.0,31912.5,40.8612
32004059991,0,0.0,1.0,4.0,1125.0,1471.0,31912.5,45.9201
32004059991,1,0.0,1.0,5.0,1039.0,1133.0,31912.5,48.6041
32004059991,1,0.0,0.0,6.0,950.0,1266.0,31912.5,47.6354
32004059991,0,0.0,0.0,3.0,1162.0,1615.0,31912.5,47.7259
32004059991,1,0.0,0.0,5.0,924.0,958.0,31912.5,47.4186
32004059991,0,0.0,1.0,2.0,1079.0,1368.0,31912.5,44.5627
32004059991,1,0.0,1.0,4.0,1105.0,496.0,31912.5,44.8217
32004059991,0,0.0,1.0,4.0,1078.0,1656.0,31912.5,47.3769
32004059991,1,0.0,1.0,4.0,1074.0,928.0,31912.5,47.4094
32004059991,0,0.0,1.0,4.0,1050.0,1327.0,31912.5,45.237
32004059991,1,0.0,1.0,3.0,1252.0,1150.0,31912.5,44.5246
32004059991,0,0.0,1.0,3.0,1136.0,709.0,31912.5,43.7421
32129124011,0,0.0,2.0,0.0,10.0,4.0,64.43,34.8945
32129124011,1,0.0,2.0,0.0,10.0,4.0,64.43,34.0744
32129124011,0,0.0,1.0,0.0,10.0,4.0,64.49,32.9967
32129124011,1,0.0,1.0,0.0,10.0,4.0,64.49,31.8695
32129124011,1,0.0,2.0,0.0,9.0,4.0,64.42,33.6778
32129124011,0,0.0,2.0,0.0,10.0,4.0,64.42,34.6088
32129124011,1,0.0,1.0,0.0,10.0,4.0,64.45,32.6398
32129124011,0,0.0,1.0,0.0,11.0,4.0,64.45,34.2385
32129124011,0,0.0,1.0,0.0,11.0,4.0,64.47,31.4563
32129124011,1,0.0,1.0,0.0,8.0,4.0,64.47,31.1507
32129124011,0,0.0,1.0,0.0,11.0,5.0,64.42,33.3907
32129124011,1,0.0,1.0,0.0,11.0,5.0,64.42,31.9947
32129124011,1,0.0,1.0,0.0,11.0,5.0,64.42,34.7785
32129124011,0,0.0,1.0,0.0,9.0,4.0,64.42,33.696
32129124011,1,0.0,1.0,0.0,10.0,4.0,64.43,29.9177
32129124011,0,0.0,1.0,0.0,9.0,4.0,64.43,31.3348
32215034199,1,3.0,11.0,3.0,1083.0,1033.0,1926.44,49.3028
32215034199,0,3.0,11.0,3.0,1146.0,466.0,1926.44,50.7409
32215034199,0,3.0,11.0,3.0,1135.0,298.0,1926.44,50.0139
32215034199,1,3.0,11.0,3.0,788.0,327.0,1926.44,48.8328
32215034199,1,3.0,10.0,3.0,724.0,1862.0,1926.43,51.199
32215034199,0,3.0,10.0,3.0,1121.0,685.0,1926.43,48.3661
32215034199,0,3.0,11.0,3.0,1184.0,915.0,1924.78,49.5492
32215034199,1,3.0,11.0,3.0,657.0,1843.0,1924.78,50.275
32215034199,1,3.0,11.0,3.0,935.0,1128.0,1926.44,47.1209
32215034199,0,3.0,11.0,3.0,1681.0,649.0,1926.44,48.8954
32215034199,1,3.0,11.0,3.0,1245.0,664.0,1926.44,50.2679
32215034199,0,3.0,11.0,3.0,1411.0,1195.0,1926.44,48.7902
32215034199,0,3.0,11.0,3.0,1369.0,1677.0,1926.42,47.3299
32215034199,1,3.0,11.0,3.0,1705.0,1242.0,1926.42,47.5877
32215034199,1,3.0,10.0,3.0,909.0,409.0,1926.43,46.5144
32215034199,0,3.0,10.0,3.0,1058.0,1686.0,1926.43,49.0456
32535164909,1,0.0,0.0,0.0,1665.0,522.0,10.37,25.2072
32535164909,0,0.0,0.0,0.0,517.0,1991.0,10.37,25.9751
32535164909,1,0.0,0.0,0.0,387.0,1161.0,12.04,25.1135
32535164909,0,0.0,0.0,0.0,990.0,1204.0,12.04,25.3683
32535164909,0,0.0,0.0,0.0,1868.0,547.0,10.36,25.1779
32535164909,1,0.0,0.0,0.0,1055.0,1207.0,10.36,26.0309
32535164909,0,0.0,0.0,0.0,617.0,514.0,10.35,26.6373
32535164909,1,0.0,0.0,0.0,12.0,70.0,10.35,25.9865
32535164909,0,0.0,0.0,0.0,400.0,1156.0,10.4,24.3818
32535164909,1,0.0,0.0,0.0,262.0,1100.0,10.4,26.0252
32535164909,1,0.0,0.0,0.0,1191.0,1059.0,10.37,24.4483
32535164909,0,0.0,0.0,0.0,419.0,1668.0,10.37,24.7173
32535164909,0,0.0,0.0,0.0,77.0,1093.0,10.36,25.0502
32535164909,1,0.0,0.0,0.0,647.0,295.0,10.36,25.4408
32535164909,0,0.0,0.0,0.0,1835.0,1869.0,12.01,25.5202
32535164909,1,0.0,0.0,0.0,1896.0,103.0,12.01,25.0816
32613549682,1,0.0,2.0,0.0,203.0,484.0,4393.74,39.0443
32613549682,0,0.0,2.0,0.0,185.0,408.0,4393.74,38.8953
32613549682,1,0.0,1.0,0.0,1789.0,1922.0,4393.74,37.8735
32613549682,0,0.0,1.0,0.0,676.0,646.0,4393.75,40.3703
32613549682,1,0.0,2.0,0.0,212.0,571.0,4393.76,46.7255
32613549682,1,1.0,4.0,1.0,245.0,747.0,4395.76,43.0904
32613549682,1,0.0,2.0,0.0,732.0,757.0,4393.75,40.0655
32613549682,0,0.0,2.0,0.0,204.0,533.0,4395.76,44.9059
32613549682,0,0.0,1.0,0.0,193.0,411.0,4393.76,38.9206
32613549682,0,0.0,2.0,0.0,715.0,836.0,4395.74,38.7735
32613549682,0,1.0,3.0,1.0,196.0,417.0,4393.74,46.8341
32613549682,1,1.0,3.0,1.0,233.0,621.0,4393.74,43.2233
32613549682,1,0.0,3.0,1.0,189.0,477.0,4393.74,42.2283
32613549682,0,0.0,1.0,0.0,161.0,284.0,4393.74,38.6887
32613549682,0,0.0,2.0,0.0,185.0,378.0,4395.74,43.006
32613549682,1,1.0,5.0,1.0,263.0,838.0,4395.74,45.2487
32613549682,1,1.0,4.0,1.0,734.0,899.0,4395.74,42.7817
32613549682,1,1.0,4.0,1.0,1816.0,716.0,4395.75,43.7757
32613549682,0,0.0,3.0,1.0,991.0,405.0,4395.75,40.8157
32613549682,1,1.0,3.0,1.0,242.0,685.0,4395.76,38.0054
32613549682,0,0.0,2.0,1.0,1606.0,1474.0,4393.75,41.0371
32613549682,1,0.0,2.0,0.0,160.0,1439.0,4393.75,38.2752
32613549682,0,0.0,2.0,0.0,204.0,454.0,4395.76,39.7407
32613549682,1,1.0,4.0,1.0,726.0,943.0,4395.73,44.2883
32613549682,0,0.0,1.0,0.0,195.0,409.0,4393.74,38.2798
32613549682,1,0.0,2.0,0.0,211.0,540.0,4393.74,40.1088
32613549682,0,0.0,1.0,0.0,164.0,282.0,4393.75,39.1798
32613549682,1,0.0,1.0,0.0,179.0,357.0,4393.75,37.5284
32613549682,0,0.0,1.0,0.0,705.0,731.0,4395.73,38.4633
32613549682,0,0.0,1.0,0.0,1036.0,1126.0,4393.74,38.3714
32613549682,0,0.0,2.0,0.0,219.0,553.0,4393.77,44.8081
32613549682,1,0.0,2.0,0.0,220.0,561.0,4393.77,37.743
32713310084,1,0.0,1.0,0.0,139.0,153.0,6935.5,37.9064
32713310084,0,0.0,1.0,0.0,144.0,222.0,6935.5,36.6061
32713310084,1,0.0,2.0,0.0,149.0,246.0,6937.49,39.7953
32713310084,0,0.0,1.0,0.0,139.0,175.0,6937.49,37.3635
32713310084,0,0.0,1.0,0.0,139.0,158.0,6935.49,37.9507
32713310084,1,0.0,2.0,0.0,150.0,244.0,6935.49,37.8613
32713310084,0,0.0,1.0,0.0,142.0,184.0,6935.48,36.3285
32713310084,1,0.0,1.0,0.0,143.0,200.0,6935.48,37.3993
32713310084,0,0.0,1.0,0.0,144.0,211.0,6935.5,38.0241
32713310084,0,0.0,1.0,0.0,140.0,178.0,6935.49,37.3617
32713310084,1,0.0,1.0,0.0,142.0,193.0,6935.5,38.8091
32713310084,0,0.0,1.0,0.0,140.0,177.0,6935.49,38.6524
32713310084,1,0.0,2.0,0.0,147.0,253.0,6935.49,37.7275
32713310084,1,0.0,1.0,0.0,146.0,206.0,6935.49,36.7327
32713310084,0,0.0,1.0,0.0,140.0,188.0,6935.49,37.0233
32713310084,1,0.0,1.0,0.0,139.0,163.0,6935.49,36.7244
32967210993,0,3.0,10.0,3.0,1202.0,1538.0,61507.2,42.9778
32967210993,1,5.0,16.0,5.0,1277.0,715.0,61507.2,47.1163
32967210993,1,7.0,21.0,7.0,979.0,816.0,61507.2,47.0178
32967210993,0,5.0,15.0,5.0,980.0,1576.0,61507.2,44.361
32967210993,0,3.0,10.0,3.0,1123.0,1156.0,61507.2,42.3933
32967210993,0,2.0,8.0,2.0,872.0,228.0,61507.2,45.6198
32967210993,0,4.0,14.0,5.0,964.0,1170.0,61507.2,46.6212
32967210993,1,0.0,0.0,5.0,864.0,1538.0,61507.2,44.1266
32967210993,1,2.0,6.0,2.0,1255.0,1778.0,61507.2,40.4046
32967210993,0,2.0,6.0,2.0,1541.0,1501.0,61507.2,41.4156
32967210993,1,0.0,0.0,8.0,1065.0,933.0,61507.2,45.3443
32967210993,0,2.0,8.0,3.0,1290.0,600.0,61507.2,43.6481
32967210993,0,1.0,6.0,1.0,814.0,1273.0,61507.2,41.7192
32967210993,0,1.0,5.0,1.0,1268.0,896.0,61507.2,47.8292
32967210993,1,0.0,0.0,3.0,1236.0,912.0,61507.2,41.8562
32967210993,0,3.0,10.0,3.0,1043.0,1281.0,61507.2,44.0734
32967210993,1,3.0,11.0,3.0,904.0,1590.0,61507.2,41.4826
32967210993,1,4.0,12.0,4.0,1172.0,530.0,61507.2,47.8639
32967210993,1,0.0,0.0,3.0,1074.0,1761.0,61507.2,42.3863
32967210993,0,3.0,12.0,4.0,1207.0,1551.0,61507.2,43.1781
32967210993,0,3.0,10.0,2.0,1028.0,1053.0,61507.2,42.3281
32967210993,1,0.0,0.0,1.0,1486.0,1156.0,61507.2,41.1002
32967210993,0,3.0,11.0,4.0,1151.0,1835.0,61507.2,44.9626
32967210993,1,0.0,0.0,3.0,1006.0,974.0,61507.2,41.3981
32967210993,1,1.0,5.0,1.0,1432.0,1123.0,61507.2,41.7278
32967210993,0,1.0,5.0,1.0,1559.0,788.0,61507.2,43.6607
32967210993,1,7.0,21.0,7.0,1092.0,429.0,61507.2,50.2711
32967210993,0,7.0,22.0,7.0,1086.0,472.0,61507.2,46.1202
32967210993,1,3.0,10.0,3.0,1015.0,1234.0,61507.2,42.2639
32967210993,1,5.0,17.0,6.0,1149.0,315.0,61507.2,44.7435
32967210993,0,1.0,5.0,1.0,779.0,1257.0,61507.2,42.4978
32967210993,1,2.0,9.0,3.0,957.0,894.0,61507.2,43.6706
33082954834,0,19.0,96.0,19.0,1044.0,1148.0,104569.0,116.018
33082954834,0,17.0,96.0,17.0,1020.0,998.0,39456.3,113.119
33082954834,1,17.0,96.0,17.0,1088.0,1129.0,39456.3,121.769
33082954834,1,17.0,94.0,17.0,1184.0,1041.0,39524.3,107.079
33082954834,1,19.0,96.0,19.0,1058.0,1145.0,104569.0,122.574
33082954834,1,19.0,96.0,19.0,1090.0,1057.0,104569.0,118.06
33082954834,0,19.0,96.0,19.0,1058.0,1066.0,104569.0,117.333
33082954834,0,19.0,96.0,19.0,1041.0,1046.0,104569.0,126.856
33082954834,1,19.0,94.0,20.0,1063.0,1030.0,104569.0,121.947
33082954834,1,19.0,96.0,19.0,1047.0,1051.0,104569.0,119.956
33082954834,0,17.0,96.0,17.0,1002.0,1062.0,39459.3,114.948
33082954834,0,17.0,95.0,17.0,1165.0,1011.0,39524.3,109.348
33082954834,0,19.0,96.0,19.0,1073.0,1065.0,104569.0,115.203
33082954834,1,17.0,96.0,17.0,994.0,1086.0,39459.3,109.636
33170378229,1,0.0,0.0,0.0,2113.0,302.0,19.03,27.2889
33170378229,0,0.0,0.0,0.0,1596.0,1377.0,19.03,26.1535
33170378229,1,0.0,0.0,0.0,79.0,1621.0,19.03,26.6175
33170378229,0,0.0,0.0,0.0,276.0,415.0,19.03,26.8022
33170378229,0,0.0,0.0,0.0,60.0,2080.0,19.03,25.7766
33170378229,0,0.0,0.0,0.0,1064.0,1081.0,19.02,26.9685
33170378229,1,0.0,0.0,0.0,641.0,452.0,19.02,26.0027
33170378229,0,0.0,0.0,0.0,1350.0,647.0,19.03,25.129
33170378229,0,0.0,0.0,0.0,2011.0,622.0,19.02,28.5885
33170378229,1,0.0,0.0,0.0,367.0,1765.0,19.02,24.5808
33170378229,1,0.0,0.0,0.0,319.0,1945.0,19.03,24.9864
33170378229,0,0.0,0.0,0.0,1566.0,343.0,19.03,25.8091
33170378229,1,0.0,0.0,0.0,1200.0,840.0,19.03,26.1305
33170378229,0,0.0,0.0,0.0,1970.0,1361.0,19.02,25.4656
33170378229,1,0.0,0.0,0.0,1154.0,2112.0,19.02,27.2832
33170378229,1,0.0,0.0,0.0,554.0,1692.0,19.03,25.4892
33591635372,0,32.0,96.0,32.0,1188.0,1515.0,320404.0,152.359
33591635372,0,32.0,96.0,32.0,1715.0,903.0,320404.0,158.762
33591635372,1,32.0,94.0,32.0,100.0,283.0,320402.0,158.448
33591635372,0,32.0,96.0,32.0,1168.0,1514.0,320405.0,160.693
33591635372,1,32.0,96.0,32.0,2016.0,1584.0,320404.0,165.901
33591635372,1,32.0,96.0,32.0,542.0,114.0,320405.0,161.842
33591635372,0,32.0,95.0,33.0,1559.0,794.0,320404.0,167.203
33591635372,1,32.0,96.0,32.0,48.0,60.0,320404.0,166.344
33591635372,0,32.0,96.0,32.0,1807.0,2055.0,320405.0,160.784
33591635372,1,32.0,96.0,32.0,1694.0,1147.0,320404.0,155.285
33591635372,1,32.0,96.0,32.0,1969.0,125.0,320404.0,161.949
33591635372,1,32.0,95.0,32.0,564.0,638.0,320405.0,158.075
33591635372,0,32.0,96.0,32.0,709.0,1638.0,320402.0,156.285
33591635372,0,32.0,95.0,32.0,164.0,1777.0,320404.0,158.507
33591635372,0,32.0,96.0,32.0,398.0,1383.0,320404.0,155.763
33591635372,1,32.0,96.0,32.0,874.0,666.0,320404.0,159.781
33811949691,0,0.0,0.0,0.0,1643.0,1914.0,0.5,25.29
33811949691,1,0.0,0.0,0.0,1079.0,2018.0,0.5,0.0
33811949691,0,0.0,0.0,0.0,331.0,0.0,0.5,22.085
33811949691,0,0.0,0.0,0.0,1149.0,367.0,0.51,27.055
33811949691,1,0.0,0.0,0.0,0.0,0.0,0.51,0.0
33811949691,1,0.0,0.0,0.0,1309.0,0.0,0.5,0.0
33811949691,0,0.0,0.0,0.0,0.0,0.0,0.5,0.0
33811949691,1,0.0,0.0,0.0,0.0,936.0,0.5,0.0
33811949691,0,0.0,0.0,0.0,1617.0,1671.0,0.49,24.978
33811949691,1,0.0,0.0,0.0,1995.0,0.0,0.49,0.0
33811949691,1,0.0,0.0,0.0,0.0,2061.0,0.49,25.98
33811949691,1,0.0,0.0,0.0,0.0,1705.0,0.5,26.571
33811949691,1,0.0,0.0,0.0,1332.0,0.0,0.5,0.0
33811949691,0,0.0,0.0,0.0,491.0,1405.0,0.5,28.458
33811949691,0,0.0,0.0,0.0,1330.0,238.0,0.49,25.588
33811949691,0,0.0,0.0,0.0,318.0,2060.0,0.5,24.479
33853582221,0,0.0,0.0,0.0,398.0,1831.0,20.53,27.1716
33853582221,0,0.0,0.0,0.0,1599.0,1146.0,20.54,26.1826
33853582221,1,0.0,0.0,0.0,202.0,1680.0,20.52,24.2899
33853582221,0,0.0,0.0,0.0,1549.0,1841.0,20.52,26.4688
33853582221,0,0.0,0.0,0.0,1840.0,789.0,20.52,26.0431
33853582221,1,0.0,0.0,0.0,1596.0,1081.0,20.51,26.2543
33853582221,1,0.0,0.0,0.0,1980.0,1744.0,20.54,25.0991
33853582221,0,0.0,0.0,0.0,439.0,1826.0,20.51,28.5929
33853582221,1,0.0,0.0,0.0,1399.0,790.0,20.52,26.9237
33853582221,1,0.0,0.0,0.0,2062.0,2028.0,20.53,25.713
33853582221,1,0.0,0.0,0.0,539.0,708.0,20.55,25.8857
33853582221,0,0.0,0.0,0.0,1190.0,1340.0,20.52,26.039
33853582221,0,0.0,0.0,0.0,1530.0,691.0,20.55,27.4048
33853582221,1,0.0,0.0,0.0,1003.0,432.0,20.52,24.7183
33853582221,0,0.0,0.0,0.0,1611.0,1527.0,20.51,24.1666
33853582221,1,0.0,0.0,0.0,1144.0,1491.0,20.51,25.3209
33903620283,1,0.0,0.0,0.0,1378.0,1142.0,235.18,26.8364
33903620283,0,0.0,0.0,0.0,961.0,527.0,235.18,25.1603
33903620283,1,0.0,0.0,0.0,1703.0,1762.0,235.18,25.4609
33903620283,0,0.0,0.0,0.0,1073.0,71.0,235.18,26.4323
33903620283,0,0.0,0.0,0.0,1953.0,425.0,235.2,25.6907
33903620283,1,0.0,0.0,0.0,275.0,1829.0,235.2,26.5939
33903620283,0,0.0,0.0,0.0,687.0,2006.0,235.19,24.6932
33903620283,1,0.0,0.0,0.0,1852.0,843.0,235.19,24.579
33903620283,0,0.0,0.0,0.0,710.0,1900.0,235.19,27.7945
33903620283,1,0.0,0.0,0.0,324.0,754.0,235.19,24.233
33903620283,0,0.0,0.0,0.0,954.0,1992.0,235.18,26.4525
33903620283,1,0.0,0.0,0.0,1603.0,518.0,235.18,26.1236
33903620283,0,0.0,0.0,0.0,288.0,1443.0,235.18,25.337
33903620283,1,0.0,0.0,0.0,954.0,1080.0,235.18,25.3407
33903620283,0,0.0,0.0,0.0,951.0,1725.0,235.22,25.4282
33903620283,1,0.0,0.0,0.0,1724.0,1720.0,235.22,25.6226
34319671149,1,0.0,0.0,0.0,196.0,926.0,54.21,24.6211
34319671149,0,0.0,0.0,0.0,214.0,894.0,54.21,26.706
34319671149,0,0.0,0.0,0.0,344.0,2098.0,54.2,26.0454
34319671149,1,0.0,0.0,0.0,1679.0,1680.0,54.2,26.0037
34319671149,0,0.0,0.0,0.0,227.0,901.0,54.22,26.9718
34319671149,1,0.0,0.0,0.0,221.0,942.0,54.22,24.8563
34319671149,1,0.0,0.0,0.0,1566.0,1650.0,54.19,25.8095
34319671149,1,0.0,0.0,0.0,247.0,940.0,54.22,25.4284
34319671149,0,0.0,0.0,0.0,238.0,924.0,54.22,26.0592
34319671149,0,0.0,0.0,0.0,1647.0,1641.0,54.19,25.9494
34319671149,0,0.0,0.0,0.0,731.0,1859.0,54.21,26.2856
34319671149,1,0.0,0.0,0.0,1611.0,1673.0,54.21,25.4562
34319671149,0,0.0,0.0,0.0,185.0,862.0,54.23,25.2596
34319671149,1,0.0,0.0,0.0,606.0,758.0,54.23,26.3018
34319671149,1,0.0,0.0,0.0,179.0,880.0,54.21,27.2934
34319671149,0,0.0,0.0,0.0,208.0,893.0,54.21,26.6431
34441543476,1,0.0,4.0,0.0,1936.0,1961.0,185637.0,36.1811
34441543476,0,0.0,1.0,0.0,1258.0,1446.0,185637.0,37.7624
34441543476,1,0.0,1.0,0.0,105.0,1234.0,185637.0,37.0651
34441543476,0,0.0,1.0,0.0,1238.0,1445.0,185637.0,37.6304
34441543476,1,0.0,5.0,0.0,1686.0,172.0,185637.0,37.1377
34441543476,0,0.0,4.0,0.0,218.0,292.0,185637.0,38.4652
34441543476,0,0.0,2.0,0.0,420.0,1691.0,185637.0,37.9308
34441543476,1,0.0,3.0,0.0,1944.0,1575.0,185637.0,38.9382
34441543476,1,0.0,8.0,0.0,231.0,284.0,185637.0,40.5306
34441543476,0,0.0,4.0,0.0,1588.0,153.0,185637.0,38.0515
34441543476,1,0.0,9.0,0.0,1414.0,909.0,185637.0,39.671
34441543476,0,0.0,4.0,0.0,1071.0,1410.0,185637.0,38.0143
34441543476,1,0.0,5.0,0.0,1058.0,1808.0,185637.0,37.7703
34441543476,1,0.0,1.0,0.0,1984.0,1188.0,185637.0,37.4583
34441543476,0,0.0,1.0,0.0,1934.0,1181.0,185637.0,36.9702
34441543476,1,0.0,6.0,0.0,1197.0,476.0,185637.0,37.5499
34441543476,0,0.0,2.0,0.0,163.0,1644.0,185637.0,39.1065
34441543476,1,0.0,4.0,0.0,1624.0,1906.0,185637.0,37.9889
34441543476,0,0.0,4.0,0.0,1797.0,1942.0,185637.0,37.2764
34441543476,0,0.0,6.0,0.0,1546.0,143.0,185637.0,36.7998
34441543476,1,0.0,9.0,0.0,1588.0,552.0,185637.0,42.2681
34441543476,0,0.0,6.0,0.0,580.0,2118.0,185637.0,37.6605
34441543476,0,0.0,2.0,0.0,824.0,1368.0,185637.0,37.7451
34441543476,1,0.0,4.0,0.0,241.0,1655.0,185637.0,38.0723
34441543476,0,0.0,3.0,0.0,452.0,2088.0,185637.0,36.9259
34441543476,1,0.0,3.0,0.0,295.0,1669.0,185637.0,37.3596
34441543476,1,0.0,2.0,0.0,1152.0,1431.0,185637.0,37.1175
34441543476,0,0.0,2.0,0.0,1761.0,1542.0,185637.0,36.2725
34441543476,1,0.0,8.0,0.0,1876.0,997.0,185637.0,38.8291
34441543476,0,0.0,8.0,0.0,1141.0,653.0,185637.0,38.9702
34441543476,0,0.0,4.0,0.0,1657.0,1517.0,185637.0,37.3655
34441543476,1,0.0,7.0,0.0,502.0,348.0,185637.0,38.0187
34508777097,1,2.0,52.0,3.0,1140.0,78.0,611.04,46.6493
34508777097,1,2.0,48.0,2.0,530.0,600.0,611.06,48.0403
34508777097,0,2.0,48.0,2.0,1788.0,1703.0,611.06,46.5453
34508777097,1,2.0,50.0,2.0,1054.0,1668.0,612.05,47.5579
34508777097,0,2.0,50.0,3.0,1579.0,1014.0,612.05,49.1001
34508777097,0,2.0,49.0,2.0,1444.0,1462.0,611.06,49.2663
34508777097,1,2.0,50.0,2.0,1411.0,1615.0,612.05,46.5771
34508777097,0,2.0,50.0,2.0,1941.0,1832.0,612.04,48.3762
34508777097,1,2.0,50.0,2.0,174.0,1319.0,614.08,49.0849
34508777097,0,2.0,52.0,2.0,656.0,1952.0,614.1,49.5644
34508777097,0,2.0,48.0,2.0,889.0,1854.0,611.07,48.2826
34508777097,0,2.0,51.0,3.0,386.0,1089.0,612.06,46.0017
34508777097,0,2.0,51.0,3.0,870.0,1888.0,611.06,48.0153
34508777097,1,2.0,52.0,3.0,2073.0,1588.0,612.06,51.239
34508777097,1,2.0,51.0,2.0,905.0,52.0,612.06,47.4264
34508777097,1,2.0,51.0,3.0,1142.0,2105.0,611.06,48.7383
34508777097,0,2.0,50.0,3.0,375.0,1319.0,611.06,50.3962
34508777097,1,2.0,50.0,3.0,599.0,1975.0,611.06,47.3173
34508777097,0,2.0,50.0,3.0,63.0,1830.0,611.06,48.4231
34508777097,1,2.0,50.0,3.0,602.0,1358.0,611.06,45.0687
34508777097,1,2.0,50.0,2.0,139.0,1307.0,611.06,44.9368
34508777097,0,2.0,49.0,3.0,801.0,2089.0,611.06,49.8806
34508777097,0,2.0,51.0,3.0,276.0,119.0,611.01,49.9859
34508777097,1,2.0,51.0,2.0,665.0,425.0,611.01,47.0096
34508777097,1,2.0,52.0,2.0,1564.0,1256.0,614.1,48.4335
34508777097,1,2.0,49.0,2.0,1521.0,1378.0,611.06,47.1618
34508777097,1,2.0,51.0,2.0,1973.0,756.0,614.28,45.715
34508777097,1,2.0,49.0,2.0,1048.0,613.0,612.12,46.484
34508777097,0,2.0,50.0,2.0,1003.0,1285.0,611.06,51.5577
34508777097,1,2.0,49.0,3.0,1945.0,432.0,611.06,50.8252
34508777097,0,2.0,49.0,2.0,598.0,1874.0,611.06,52.4761
34508777097,0,2.0,48.0,2.0,1350.0,1179.0,612.12,48.2365
34508777097,0,2.0,49.0,2.0,637.0,334.0,611.06,50.7973
34508777097,0,2.0,49.0,3.0,1915.0,1028.0,611.06,49.0694
34508777097,0,2.0,51.0,3.0,334.0,1512.0,614.28,48.028
34508777097,1,2.0,49.0,3.0,1673.0,1335.0,611.06,50.0954
34508777097,0,2.0,52.0,3.0,829.0,1370.0,612.06,50.6458
34508777097,0,2.0,50.0,3.0,2015.0,1264.0,614.08,49.4634
34508777097,0,2.0,51.0,2.0,568.0,1559.0,611.05,50.0017
34508777097,1,2.0,51.0,3.0,175.0,1497.0,611.05,50.3143
34508777097,1,2.0,49.0,3.0,947.0,1401.0,612.06,47.5592
34508777097,0,2.0,49.0,2.0,483.0,1321.0,612.06,48.3422
34508777097,0,2.0,49.0,2.0,1094.0,1653.0,611.06,51.1498
34508777097,0,2.0,51.0,2.0,1828.0,1595.0,611.05,47.4055
34508777097,0,2.0,51.0,2.0,41.0,1881.0,611.04,49.7933
34508777097,1,2.0,48.0,3.0,853.0,2069.0,611.07,48.969
34508777097,1,2.0,50.0,3.0,62.0,1501.0,611.06,49.8239
34508777097,1,2.0,49.0,3.0,1512.0,1721.0,611.06,50.0414
34508777097,1,2.0,50.0,3.0,1412.0,679.0,612.04,49.4642
34508777097,0,2.0,50.0,2.0,947.0,1785.0,612.05,47.6446
34508777097,1,2.0,52.0,3.0,1447.0,372.0,608.09,47.5951
34508777097,0,2.0,52.0,4.0,1087.0,1677.0,608.09,50.2316
34508777097,1,2.0,51.0,3.0,824.0,1753.0,611.06,48.7234
34508777097,0,2.0,52.0,2.0,201.0,1163.0,611.05,47.0605
34508777097,1,2.0,51.0,3.0,592.0,1568.0,611.05,46.4784
34508777097,0,2.0,51.0,2.0,199.0,1822.0,611.06,50.0868
34508777097,0,2.0,50.0,3.0,1889.0,1325.0,611.06,51.0957
34508777097,1,2.0,49.0,2.0,116.0,2000.0,611.06,52.2581
34508777097,0,2.0,52.0,3.0,1155.0,758.0,611.08,48.8075
34508777097,1,2.0,52.0,2.0,1292.0,1953.0,611.05,45.6194
34508777097,1,2.0,52.0,3.0,406.0,1680.0,611.08,51.5801
34508777097,1,2.0,48.0,2.0,280.0,683.0,611.06,48.1318
34508777097,0,2.0,52.0,2.0,479.0,287.0,612.31,46.2604
34508777097,1,2.0,52.0,2.0,1651.0,1763.0,612.31,47.2553
34771060440,0,0.0,0.0,0.0,1146.0,1860.0,252.15,44.0559
34771060440,1,0.0,0.0,0.0,1090.0,1894.0,252.15,40.251
34771060440,0,0.0,0.0,0.0,11.0,43.0,252.16,38.3034
34771060440,1,0.0,0.0,0.0,13.0,45.0,252.16,38.6914
34771060440,1,0.0,0.0,0.0,5.0,37.0,253.81,39.5477
34771060440,0,0.0,0.0,0.0,2.0,34.0,252.16,38.2275
34771060440,1,0.0,0.0,0.0,960.0,1601.0,253.8,40.1767
34771060440,0,0.0,0.0,0.0,968.0,1595.0,253.8,39.0439
34771060440,1,0.0,0.0,0.0,14.0,46.0,252.15,38.4692
34771060440,0,0.0,0.0,0.0,6.0,38.0,252.15,38.649
34771060440,0,0.0,0.0,0.0,14.0,46.0,253.81,39.0992
34771060440,1,0.0,0.0,0.0,8.0,40.0,252.16,36.9908
34771060440,1,0.0,0.0,0.0,1018.0,1867.0,252.14,39.6568
34771060440,1,0.0,0.0,0.0,1048.0,1871.0,253.8,40.0431
34771060440,0,0.0,0.0,0.0,984.0,1857.0,252.15,40.8905
34771060440,0,0.0,0.0,0.0,1137.0,1863.0,253.8,40.5901
34771060440,1,0.0,0.0,0.0,938.0,1588.0,252.13,37.9425
34771060440,1,0.0,0.0,0.0,8.0,40.0,253.81,37.1117
34771060440,1,0.0,0.0,0.0,1145.0,1904.0,252.16,39.3731
34771060440,0,0.0,0.0,0.0,1118.0,1886.0,252.16,40.9611
34771060440,1,0.0,0.0,0.0,1120.0,1876.0,252.15,41.6319
34771060440,1,0.0,0.0,0.0,1039.0,1901.0,252.15,38.0362
34771060440,0,0.0,0.0,0.0,10.0,42.0,253.81,38.3055
34771060440,1,0.0,0.0,0.0,958.0,1587.0,253.79,38.8641
34771060440,0,0.0,0.0,0.0,1130.0,1890.0,252.14,38.8269
34771060440,0,0.0,0.0,0.0,950.0,1576.0,252.15,37.2379
34771060440,1,0.0,0.0,0.0,14.0,46.0,252.14,37.0347
34771060440,1,0.0,0.0,0.0,890.0,1562.0,253.8,37.6431
34771060440,1,0.0,0.0,0.0,909.0,1582.0,252.13,38.7882
34771060440,0,0.0,0.0,0.0,1034.0,1877.0,253.8,40.6885
34771060440,0,0.0,0.0,0.0,1146.0,1883.0,252.15,42.3333
34771060440,0,0.0,0.0,0.0,5.0,37.0,252.14,38.5516
34771060440,0,0.0,0.0,0.0,4.0,36.0,253.81,40.0614
34771060440,1,0.0,0.0,0.0,7.0,39.0,253.81,39.3878
34771060440,1,0.0,0.0,0.0,3.0,35.0,252.14,38.34
34771060440,1,0.0,0.0,0.0,9.0,41.0,252.15,38.3781
34771060440,1,0.0,0.0,0.0,6.0,38.0,253.79,40.5866
34771060440,0,0.0,0.0,0.0,9.0,41.0,253.79,38.7308
34771060440,1,0.0,0.0,0.0,15.0,47.0,252.14,37.0367
34771060440,1,0.0,0.0,0.0,1153.0,1894.0,253.8,41.8605
34771060440,0,0.0,0.0,0.0,6.0,38.0,252.14,37.542
34771060440,0,0.0,0.0,0.0,10.0,42.0,252.15,38.4319
34771060440,0,0.0,0.0,0.0,12.0,44.0,252.14,38.2058
34771060440,0,0.0,0.0,0.0,276.0,239.0,253.83,37.9227
34771060440,1,0.0,0.0,0.0,953.0,1586.0,252.13,37.7243
34771060440,0,0.0,0.0,0.0,943.0,1572.0,252.13,39.205
34771060440,1,0.0,0.0,0.0,952.0,1103.0,253.83,38.2016
34771060440,1,0.0,0.0,0.0,867.0,1552.0,252.15,39.6388
34771060440,1,0.0,0.0,0.0,1194.0,1901.0,252.15,40.2705
34771060440,0,0.0,0.0,0.0,967.0,1610.0,252.13,38.3255
34771060440,1,0.0,0.0,0.0,12.0,44.0,253.8,39.7446
34771060440,0,0.0,0.0,0.0,1139.0,1894.0,252.15,40.7549
34771060440,1,0.0,0.0,0.0,8.0,40.0,253.8,38.3006
34771060440,0,0.0,0.0,0.0,11.0,43.0,253.8,37.9067
34771060440,0,0.0,0.0,0.0,990.0,1594.0,253.8,38.4288
34771060440,0,0.0,0.0,0.0,8.0,40.0,253.8,38.6099
34771060440,1,0.0,0.0,0.0,1019.0,1604.0,252.18,39.0673
34771060440,0,0.0,0.0,0.0,894.0,1588.0,252.18,39.7451
34771060440,0,0.0,0.0,0.0,13.0,45.0,252.13,39.3356
34771060440,1,0.0,0.0,0.0,16.0,48.0,252.13,38.9276
34771060440,0,0.0,0.0,0.0,948.0,1602.0,252.13,38.9594
34771060440,0,0.0,0.0,0.0,925.0,1581.0,253.79,37.5695
34771060440,0,0.0,0.0,0.0,12.0,44.0,253.8,38.2176
34771060440,1,0.0,0.0,0.0,14.0,46.0,253.8,38.7847
34804836258,1,23.0,54.0,24.0,1084.0,880.0,5220.51,108.614
34804836258,0,23.0,56.0,24.0,1094.0,885.0,5220.51,107.109
34804836258,1,23.0,55.0,24.0,1081.0,877.0,5220.49,102.202
34804836258,0,23.0,55.0,24.0,1085.0,877.0,5220.49,113.278
34804836258,0,23.0,56.0,24.0,1112.0,893.0,5220.5,100.69
34804836258,1,23.0,55.0,24.0,1083.0,880.0,5220.49,100.484
34804836258,0,23.0,55.0,24.0,1096.0,884.0,5220.49,103.768
34804836258,1,23.0,56.0,23.0,1093.0,883.0,5220.5,102.84
34804836258,0,23.0,55.0,24.0,1082.0,879.0,5220.5,106.308
34804836258,1,23.0,54.0,24.0,1091.0,879.0,5220.5,100.45
34804836258,1,23.0,55.0,24.0,1108.0,894.0,5220.51,105.108
34804836258,1,23.0,55.0,24.0,1107.0,893.0,5220.51,99.1035
34804836258,0,23.0,56.0,24.0,1111.0,895.0,5220.51,109.415
34804836258,1,23.0,56.0,24.0,1083.0,876.0,5220.5,106.73
34804836258,0,23.0,56.0,24.0,1081.0,879.0,5220.5,100.161
34804836258,1,23.0,51.0,23.0,1081.0,875.0,5220.5,94.9651
34804836258,0,23.0,54.0,24.0,1094.0,885.0,5220.51,106.415
34804836258,0,23.0,56.0,24.0,1090.0,885.0,5220.5,104.243
34804836258,1,23.0,56.0,23.0,1068.0,871.0,5220.48,108.276
34804836258,0,23.0,55.0,24.0,1111.0,894.0,5220.5,104.858
34804836258,0,23.0,55.0,24.0,1095.0,886.0,5220.5,106.25
34804836258,1,23.0,54.0,23.0,1078.0,876.0,5220.5,102.634
34804836258,0,23.0,48.0,24.0,1057.0,872.0,5220.49,108.063
34804836258,1,23.0,57.0,23.0,1090.0,883.0,5220.5,104.519
34804836258,0,23.0,57.0,23.0,1078.0,877.0,5220.48,110.396
34804836258,1,23.0,55.0,24.0,1072.0,881.0,5220.49,106.33
34804836258,0,23.0,56.0,23.0,1101.0,892.0,5220.48,104.92
34804836258,1,23.0,56.0,23.0,1086.0,880.0,5220.48,101.721
34804836258,0,23.0,54.0,24.0,1118.0,895.0,5220.48,109.404
34804836258,1,23.0,53.0,24.0,1101.0,887.0,5220.48,99.8592
34804836258,0,23.0,55.0,24.0,1100.0,892.0,5220.5,100.661
34804836258,1,23.0,56.0,23.0,1092.0,882.0,5220.5,104.289
34920368372,0,7.0,9.0,7.0,1259.0,1688.0,67.1,43.6749
34920368372,0,6.0,8.0,6.0,1085.0,813.0,68.75,43.38
34920368372,0,6.0,9.0,6.0,1104.0,358.0,67.09,42.3968
34920368372,1,6.0,9.0,6.0,638.0,636.0,67.11,46.6173
34920368372,1,6.0,8.0,6.0,1037.0,1881.0,68.75,46.9152
34920368372,1,7.0,9.0,6.0,129.0,1073.0,67.09,43.0211
34920368372,0,6.0,9.0,7.0,311.0,950.0,67.11,44.8202
34920368372,0,7.0,9.0,7.0,319.0,295.0,67.14,45.5788
34920368372,1,6.0,8.0,8.0,1282.0,873.0,68.75,46.4087
34920368372,0,6.0,8.0,8.0,206.0,1639.0,68.75,44.4603
34920368372,1,6.0,9.0,5.0,259.0,276.0,67.1,44.0699
34920368372,1,6.0,9.0,7.0,388.0,686.0,67.14,45.8624
34920368372,1,6.0,9.0,6.0,1774.0,1225.0,67.09,45.8953
34920368372,0,7.0,9.0,6.0,1883.0,1233.0,67.09,46.9889
34920368372,1,6.0,9.0,8.0,1653.0,1737.0,67.09,43.8728
34920368372,0,6.0,9.0,8.0,1777.0,1048.0,67.09,46.4199
34920550758,0,0.0,99.0,0.0,1177.0,1367.0,35687.8,44.734
34920550758,1,0.0,99.0,0.0,1199.0,1758.0,35687.8,40.979
34920550758,0,0.0,99.0,0.0,996.0,927.0,35687.9,42.9162
34920550758,1,0.0,99.0,1.0,1080.0,272.0,35687.9,43.0008
34920550758,0,0.0,99.0,1.0,1046.0,593.0,35687.8,43.1982
34920550758,1,0.0,99.0,0.0,1122.0,569.0,35687.8,44.3022
34920550758,0,0.0,99.0,1.0,971.0,1797.0,35687.8,42.7283
34920550758,0,0.0,0.0,0.0,487.0,1197.0,35650.5,24.9189
34920550758,1,0.0,99.0,0.0,1007.0,497.0,35687.8,42.3192
34920550758,0,0.0,99.0,1.0,1172.0,1527.0,35687.8,43.447
34920550758,0,0.0,99.0,1.0,1037.0,1205.0,35687.8,46.0735
34920550758,1,0.0,99.0,0.0,1094.0,868.0,35687.8,42.9705
34920550758,1,0.0,0.0,0.0,1409.0,1004.0,35650.5,26.4591
34920550758,1,0.0,99.0,1.0,1072.0,1381.0,35687.8,43.8385
34920550758,1,0.0,99.0,1.0,1210.0,1111.0,35686.8,43.989
34920550758,0,0.0,99.0,0.0,909.0,807.0,35686.8,43.491
35082722997,0,1.0,5.0,1.0,1798.0,1192.0,282.54,34.4394
35082722997,1,2.0,6.0,2.0,1421.0,2107.0,282.54,37.4504
35082722997,0,2.0,6.0,2.0,1631.0,971.0,282.56,36.6036
35082722997,1,3.0,8.0,3.0,1883.0,1516.0,282.56,35.7116
35082722997,1,2.0,6.0,2.0,1788.0,1752.0,282.56,36.121
35082722997,0,0.0,2.0,0.0,296.0,1067.0,282.56,34.8811
35082722997,0,1.0,4.0,1.0,1284.0,272.0,282.55,36.3672
35082722997,0,1.0,5.0,1.0,171.0,1206.0,284.54,36.5774
35082722997,0,0.0,1.0,0.0,1140.0,12.0,282.6,34.1179
35082722997,1,2.0,7.0,2.0,1545.0,1721.0,282.6,37.664
35082722997,1,2.0,7.0,2.0,1126.0,107.0,284.54,35.4717
35082722997,0,1.0,3.0,1.0,1824.0,1045.0,282.55,36.1734
35082722997,1,0.0,3.0,1.0,50.0,1477.0,282.54,36.5309
35082722997,0,1.0,4.0,1.0,499.0,235.0,282.54,37.1024
35082722997,1,0.0,2.0,0.0,1891.0,1279.0,282.55,36.0353
35082722997,1,2.0,6.0,2.0,945.0,874.0,282.55,33.9526
35382103474,1,0.0,0.0,0.0,1.0,5.0,11.08,26.5869
35382103474,0,0.0,0.0,0.0,0.0,4.0,11.08,25.3897
35382103474,0,0.0,0.0,0.0,0.0,4.0,11.08,26.3179
35382103474,1,0.0,0.0,0.0,0.0,4.0,11.08,26.232
35382103474,1,0.0,0.0,0.0,0.0,4.0,11.07,25.023
35382103474,0,0.0,0.0,0.0,1.0,5.0,11.07,25.7803
35382103474,0,0.0,0.0,0.0,0.0,4.0,11.08,25.6637
35382103474,1,0.0,0.0,0.0,1.0,5.0,11.08,25.8856
35382103474,0,0.0,0.0,0.0,0.0,4.0,11.08,25.5287
35382103474,1,0.0,0.0,0.0,1.0,5.0,11.08,24.343
35382103474,1,0.0,0.0,0.0,1.0,5.0,11.09,25.2417
35382103474,0,0.0,0.0,0.0,1.0,5.0,11.09,25.2299
35382103474,1,0.0,0.0,0.0,1.0,5.0,11.09,27.4015
35382103474,0,0.0,0.0,0.0,1.0,5.0,11.09,25.975
35382103474,0,0.0,0.0,0.0,0.0,4.0,12.73,24.6146
35382103474,1,0.0,0.0,0.0,1.0,5.0,12.73,25.6634
35516312134,1,2.0,4.0,1.0,365.0,663.0,61.84,39.7589
35516312134,0,2.0,4.0,3.0,1081.0,335.0,60.19,38.1475
35516312134,1,2.0,4.0,4.0,107.0,1050.0,60.19,39.4963
35516312134,0,2.0,4.0,1.0,1754.0,1025.0,60.17,39.7089
35516312134,1,2.0,4.0,5.0,1751.0,1202.0,60.19,40.2604
35516312134,0,2.0,4.0,2.0,2117.0,1209.0,60.19,42.6288
35516312134,1,2.0,4.0,1.0,1630.0,1713.0,60.17,40.9305
35516312134,1,2.0,4.0,2.0,14.0,1773.0,60.19,39.4099
35516312134,0,2.0,4.0,2.0,183.0,1615.0,61.84,41.3663
35516312134,0,2.0,4.0,2.0,1161.0,1664.0,60.19,40.8058
35516312134,0,2.0,4.0,1.0,296.0,271.0,61.84,39.6711
35516312134,1,2.0,4.0,2.0,1259.0,849.0,61.84,40.3459
35516312134,0,2.0,4.0,1.0,288.0,927.0,60.19,40.01
35516312134,1,2.0,4.0,4.0,615.0,613.0,60.19,40.3385
35516312134,0,2.0,4.0,4.0,1062.0,789.0,60.18,41.3226
35516312134,1,2.0,4.0,4.0,1014.0,1857.0,60.18,43.0011
35610564237,1,0.0,14.0,0.0,2001.0,1598.0,125.8,38.081
35610564237,0,0.0,7.0,0.0,1762.0,462.0,125.77,36.7399
35610564237,1,0.0,5.0,0.0,573.0,836.0,125.76,36.4385
35610564237,0,0.0,8.0,0.0,169.0,1124.0,125.8,37.9312
35610564237,1,0.0,9.0,0.0,804.0,2026.0,125.77,36.6973
35610564237,0,0.0,12.0,0.0,1966.0,1460.0,125.76,37.5934
35610564237,0,0.0,8.0,0.0,1078.0,1667.0,125.78,35.7579
35610564237,1,0.0,5.0,0.0,1384.0,1506.0,125.78,38.0478
35610564237,0,0.0,12.0,0.0,1173.0,1593.0,125.76,36.8771
35610564237,0,0.0,9.0,0.0,2048.0,2108.0,125.78,36.904
35610564237,1,0.0,10.0,0.0,1738.0,651.0,125.78,37.0845
35610564237,0,0.0,8.0,0.0,1108.0,607.0,125.78,37.9925
35610564237,1,0.0,15.0,0.0,947.0,1707.0,125.78,35.3651
35610564237,1,0.0,10.0,0.0,1813.0,420.0,125.76,36.0548
35610564237,0,0.0,5.0,0.0,287.0,768.0,125.76,36.2602
35610564237,1,0.0,16.0,0.0,1453.0,1209.0,125.76,36.946
35761070252,1,3.0,12.0,4.0,654.0,441.0,1615.82,44.0095
35761070252,0,5.0,18.0,5.0,964.0,920.0,1615.87,43.7179
35761070252,1,8.0,24.0,8.0,978.0,1432.0,1615.87,49.0074
35761070252,0,2.0,6.0,2.0,1402.0,1735.0,1615.82,41.2818
35761070252,1,6.0,18.0,6.0,939.0,696.0,1615.82,43.119
35761070252,1,0.0,0.0,4.0,773.0,649.0,1615.85,42.3634
35761070252,1,3.0,11.0,3.0,639.0,1108.0,1615.83,45.984
35761070252,0,3.0,12.0,4.0,1278.0,1883.0,1615.83,41.4762
35761070252,1,3.0,13.0,4.0,1548.0,1847.0,1615.88,44.6032
35761070252,0,5.0,17.0,6.0,895.0,1474.0,1615.82,45.9977
35761070252,0,4.0,14.0,4.0,851.0,820.0,1615.85,44.3496
35761070252,0,3.0,12.0,4.0,830.0,1463.0,1615.88,47.9652
35761070252,1,6.0,19.0,6.0,1198.0,1762.0,1615.83,43.864
35761070252,1,3.0,11.0,3.0,629.0,1189.0,1615.85,41.2573
35761070252,0,3.0,12.0,3.0,1290.0,1277.0,1615.85,42.1644
35761070252,0,4.0,12.0,4.0,1260.0,172.0,1615.83,42.1567
35761070252,0,2.0,7.0,2.0,1123.0,1413.0,1615.83,41.5592
35761070252,1,4.0,15.0,5.0,1272.0,813.0,1615.82,44.5332
35761070252,1,3.0,11.0,3.0,1271.0,498.0,1615.83,41.5075
35761070252,1,0.0,0.0,8.0,1171.0,1705.0,1615.83,44.3042
35761070252,0,4.0,13.0,4.0,840.0,1516.0,1615.83,42.2908
35761070252,1,0.0,0.0,2.0,487.0,1253.0,1615.84,40.7083
35761070252,1,7.0,24.0,7.0,1139.0,1183.0,1615.83,45.642
35761070252,0,3.0,10.0,3.0,1324.0,414.0,1615.82,45.3093
35761070252,1,6.0,20.0,6.0,1125.0,1869.0,1615.84,45.4796
35761070252,0,3.0,10.0,3.0,1297.0,1376.0,1615.84,43.856
35761070252,0,7.0,23.0,8.0,1160.0,1727.0,1615.83,45.2214
35761070252,0,1.0,6.0,1.0,464.0,907.0,1615.84,43.1141
35761070252,1,2.0,8.0,2.0,563.0,1299.0,1615.84,41.3117
35761070252,1,0.0,0.0,2.0,1339.0,1428.0,1615.85,39.8085
35761070252,0,2.0,7.0,2.0,677.0,1026.0,1615.85,49.1662
35761070252,0,2.0,8.0,2.0,1078.0,1400.0,1615.84,42.1648
35778442045,0,0.0,0.0,0.0,507.0,1305.0,11.27,26.3267
35778442045,0,0.0,0.0,0.0,1086.0,454.0,11.28,25.9423
35778442045,1,0.0,0.0,0.0,1563.0,371.0,11.28,24.971
35778442045,1,0.0,0.0,0.0,104.0,1204.0,11.28,26.896
35778442045,0,0.0,0.0,0.0,281.0,269.0,11.28,26.3589
35778442045,1,0.0,0.0,0.0,1224.0,1416.0,11.27,26.9961
35778442045,0,0.0,0.0,0.0,1722.0,2119.0,11.27,26.4782
35778442045,1,0.0,0.0,0.0,628.0,124.0,11.27,24.8892
35778442045,1,0.0,0.0,0.0,296.0,272.0,11.28,25.3098
35778442045,1,0.0,0.0,0.0,315.0,1738.0,11.3,27.5288
35778442045,0,0.0,0.0,0.0,2022.0,275.0,11.28,27.0921
35778442045,0,0.0,0.0,0.0,1991.0,108.0,11.3,26.4306
35778442045,1,0.0,0.0,0.0,125.0,734.0,11.31,28.3757
35778442045,1,0.0,0.0,0.0,1668.0,40.0,11.31,28.5456
35778442045,0,0.0,0.0,0.0,1842.0,736.0,11.31,27.0685
35778442045,0,0.0,0.0,0.0,438.0,708.0,11.31,26.0664
35907425104,1,31.0,98.0,31.0,1085.0,1081.0,86440.8,178.207
35907425104,1,31.0,98.0,32.0,1064.0,1111.0,86440.8,185.675
35907425104,0,32.0,98.0,32.0,1092.0,1084.0,86439.8,184.783
35907425104,0,32.0,98.0,32.0,1064.0,1071.0,86439.8,186.267
35907425104,1,31.0,98.0,31.0,1047.0,1120.0,86440.8,186.659
35907425104,1,31.0,98.0,31.0,1102.0,1031.0,86439.8,177.705
35907425104,0,32.0,98.0,32.0,1065.0,1035.0,86440.8,188.945
35907425104,0,32.0,98.0,32.0,1076.0,1051.0,86440.8,181.599
35907425104,0,32.0,98.0,32.0,1061.0,1037.0,86440.8,190.247
35907425104,1,31.0,98.0,31.0,1052.0,1112.0,86440.8,176.789
35907425104,0,32.0,98.0,32.0,1064.0,1114.0,86440.8,185.955
35907425104,1,31.0,98.0,31.0,1059.0,1041.0,86440.8,173.405
35907425104,0,32.0,98.0,32.0,1089.0,1098.0,86440.8,176.428
35907425104,1,31.0,98.0,32.0,1080.0,1113.0,86440.8,182.993
35907425104,0,32.0,98.0,32.0,1057.0,1061.0,86440.8,190.106
35907425104,1,31.0,98.0,32.0,1096.0,1063.0,86439.8,190.452
35963064486,0,0.0,0.0,0.0,0.0,4.0,32.64,25.5498
35963064486,0,0.0,0.0,0.0,1.0,5.0,32.65,25.7805
35963064486,1,0.0,0.0,0.0,1.0,5.0,32.64,24.3489
35963064486,0,0.0,0.0,0.0,0.0,4.0,32.66,24.6244
35963064486,0,0.0,0.0,0.0,1.0,5.0,32.64,25.973
35963064486,1,0.0,0.0,0.0,1.0,5.0,32.64,27.4296
35963064486,1,0.0,0.0,0.0,1.0,5.0,32.66,25.662
35963064486,0,0.0,0.0,0.0,1.0,5.0,32.65,25.226
35963064486,1,0.0,0.0,0.0,1.0,5.0,32.65,25.2476
35963064486,0,0.0,0.0,0.0,0.0,4.0,32.65,25.7001
35963064486,0,0.0,0.0,0.0,0.0,4.0,32.64,26.3033
35963064486,1,0.0,0.0,0.0,0.0,4.0,32.64,26.2089
35963064486,1,0.0,0.0,0.0,0.0,4.0,32.65,25.0274
35963064486,0,0.0,0.0,0.0,0.0,4.0,32.65,25.3844
35963064486,1,0.0,0.0,0.0,1.0,5.0,32.65,26.6084
35963064486,1,0.0,0.0,0.0,1.0,5.0,32.65,25.9087
35990716722,0,30.0,91.0,31.0,1021.0,2025.0,320798.0,156.318
35990716722,1,31.0,92.0,31.0,1021.0,2024.0,320798.0,147.209
35990716722,0,30.0,91.0,31.0,1023.0,2024.0,320796.0,158.86
35990716722,1,30.0,90.0,31.0,1869.0,549.0,320796.0,152.881
35990716722,1,31.0,91.0,31.0,1022.0,2022.0,320796.0,144.161
35990716722,0,31.0,91.0,31.0,1021.0,2022.0,320796.0,147.245
35990716722,1,30.0,91.0,31.0,1022.0,2023.0,320796.0,143.241
35990716722,0,30.0,91.0,31.0,1022.0,2024.0,320796.0,150.668
35990716722,1,30.0,91.0,31.0,1023.0,2025.0,320796.0,143.14
35990716722,1,30.0,91.0,31.0,1024.0,2023.0,320798.0,143.309
35990716722,0,30.0,90.0,31.0,1865.0,545.0,320798.0,151.076
35990716722,0,30.0,91.0,31.0,1023.0,2023.0,320796.0,160.627
35990716722,0,30.0,91.0,31.0,1023.0,2026.0,320796.0,153.922
35990716722,1,30.0,91.0,30.0,1022.0,2026.0,320796.0,150.128
35990716722,0,30.0,91.0,31.0,1022.0,2024.0,320798.0,152.668
35990716722,1,30.0,91.0,30.0,1022.0,2024.0,320798.0,141.964
36079062408,1,0.0,0.0,0.0,926.0,940.0,1.2,26.6585
36079062408,0,0.0,0.0,0.0,168.0,1517.0,1.17,24.676
36079062408,1,0.0,0.0,0.0,412.0,599.0,1.18,24.218
36079062408,1,0.0,0.0,0.0,1699.0,724.0,1.17,24.489
36079062408,0,0.0,0.0,0.0,1876.0,1073.0,1.19,25.376
36079062408,0,0.0,0.0,0.0,1190.0,107.0,1.2,25.178
36079062408,0,0.0,0.0,0.0,34.0,1329.0,1.18,27.692
36079062408,0,0.0,0.0,0.0,1912.0,1926.0,1.2,26.343
36079062408,1,0.0,0.0,0.0,1572.0,1236.0,1.2,26.527
36079062408,1,0.0,0.0,0.0,2000.0,1380.0,1.2,25.384
36079062408,0,0.0,0.0,0.0,1043.0,128.0,1.2,25.722
36079062408,0,0.0,0.0,0.0,1133.0,811.0,1.19,25.3465
36079062408,0,0.0,0.0,0.0,1377.0,1306.0,1.19,26.301
36079062408,1,0.0,0.0,0.0,1772.0,449.0,1.19,25.323
36079062408,1,0.0,0.0,0.0,1136.0,350.0,1.19,26.027
36079062408,1,0.0,0.0,0.0,1437.0,1566.0,1.19,25.577
36185958324,0,0.0,0.0,0.0,132.0,1435.0,49.99,27.9382
36185958324,1,0.0,0.0,0.0,1487.0,1488.0,49.99,24.3936
36185958324,0,0.0,0.0,0.0,776.0,1338.0,49.99,26.5793
36185958324,1,0.0,0.0,0.0,1727.0,1835.0,49.99,26.2852
36185958324,0,0.0,0.0,0.0,12.0,831.0,49.99,27.9249
36185958324,1,0.0,0.0,0.0,78.0,1104.0,50.01,27.0896
36185958324,1,0.0,0.0,0.0,2059.0,168.0,49.99,26.2955
36185958324,0,0.0,0.0,0.0,1986.0,2097.0,50.01,25.3476
36185958324,1,0.0,0.0,0.0,1095.0,1537.0,49.99,26.893
36185958324,0,0.0,0.0,0.0,329.0,1050.0,50.01,25.4902
36185958324,0,0.0,0.0,0.0,235.0,213.0,50.05,25.5561
36185958324,1,0.0,0.0,0.0,1922.0,715.0,50.05,25.8156
36185958324,1,0.0,0.0,0.0,2129.0,1559.0,50.01,25.2362
36185958324,0,0.0,0.0,0.0,336.0,281.0,50.02,24.927
36185958324,1,0.0,0.0,0.0,7.0,45.0,50.02,24.7321
36185958324,0,0.0,0.0,0.0,1050.0,1216.0,49.99,25.8367
36394837635,0,3.0,5.0,4.0,1045.0,291.0,28.52,40.118
36394837635,0,3.0,5.0,2.0,260.0,227.0,28.49,40.8066
36394837635,1,3.0,5.0,2.0,329.0,618.0,28.49,41.075
36394837635,0,3.0,5.0,3.0,147.0,1570.0,28.48,42.3302
36394837635,0,3.0,5.0,3.0,2081.0,1165.0,28.47,41.709
36394837635,1,3.0,5.0,4.0,1715.0,1157.0,28.47,40.3768
36394837635,1,3.0,5.0,2.0,1595.0,1669.0,28.47,42.1287
36394837635,1,3.0,5.0,3.0,978.0,1813.0,28.48,42.831
36394837635,1,3.0,5.0,4.0,1222.0,804.0,28.48,41.7449
36394837635,0,3.0,5.0,2.0,1718.0,980.0,28.47,39.6157
36394837635,0,3.0,5.0,3.0,1026.0,744.0,28.48,40.3103
36394837635,1,3.0,5.0,4.0,71.0,1005.0,28.52,40.9627
36394837635,0,3.0,5.0,2.0,252.0,883.0,28.49,40.1958
36394837635,1,3.0,5.0,4.0,579.0,568.0,28.49,41.8702
36394837635,0,3.0,5.0,4.0,1125.0,1619.0,28.48,42.0722
36394837635,1,3.0,5.0,3.0,2125.0,1729.0,28.48,42.0911
36542597618,1,0.0,0.0,0.0,1646.0,324.0,535.07,34.9849
36542597618,0,0.0,0.0,0.0,44.0,105.0,535.08,35.4005
36542597618,0,0.0,1.0,0.0,821.0,2113.0,535.07,35.3065
36542597618,0,0.0,1.0,0.0,40.0,104.0,531.43,34.123
36542597618,1,0.0,2.0,0.0,42.0,113.0,531.43,34.1229
36542597618,1,0.0,1.0,0.0,39.0,108.0,535.08,33.5573
36542597618,0,0.0,0.0,0.0,578.0,525.0,537.06,35.6202
36542597618,1,0.0,1.0,0.0,551.0,498.0,537.06,37.799
36542597618,0,0.0,0.0,0.0,35.0,94.0,535.05,37.1892
36542597618,1,0.0,0.0,0.0,50.0,113.0,535.08,37.036
36542597618,1,0.0,1.0,0.0,37.0,107.0,537.08,36.1582
36542597618,0,0.0,0.0,0.0,29.0,94.0,537.08,40.3464
36542597618,0,0.0,1.0,0.0,34.0,101.0,537.08,35.4235
36542597618,1,0.0,0.0,0.0,35.0,97.0,535.07,37.58
36542597618,0,0.0,0.0,0.0,556.0,492.0,535.07,37.9579
36542597618,1,0.0,0.0,0.0,595.0,549.0,535.07,36.777
36542597618,1,0.0,1.0,0.0,38.0,109.0,535.07,37.5143
36542597618,0,0.0,1.0,0.0,36.0,104.0,535.07,37.276
36542597618,0,0.0,0.0,0.0,47.0,107.0,535.07,35.8429
36542597618,1,0.0,1.0,0.0,42.0,111.0,537.08,35.2037
36542597618,1,0.0,1.0,0.0,48.0,116.0,537.07,36.2894
36542597618,0,0.0,0.0,0.0,47.0,111.0,537.07,40.7149
36542597618,1,0.0,1.0,0.0,1605.0,1381.0,537.07,35.2395
36542597618,0,0.0,1.0,0.0,891.0,848.0,537.07,35.2869
36542597618,1,0.0,0.0,0.0,32.0,95.0,535.06,42.0027
36542597618,0,0.0,1.0,0.0,45.0,109.0,535.06,36.8508
36542597618,1,0.0,0.0,0.0,31.0,1258.0,535.06,35.8474
36542597618,0,0.0,0.0,0.0,1468.0,1226.0,535.06,36.0421
36542597618,1,0.0,0.0,0.0,555.0,494.0,535.07,35.7221
36542597618,0,0.0,1.0,0.0,558.0,501.0,535.07,35.5228
36542597618,1,0.0,0.0,0.0,29.0,90.0,535.05,36.7597
36542597618,0,0.0,0.0,0.0,41.0,102.0,535.08,38.4409
36632220834,0,35.0,45.0,35.0,1039.0,859.0,8769.23,122.351
36632220834,1,35.0,46.0,35.0,1076.0,923.0,8769.23,126.889
36632220834,1,35.0,46.0,35.0,1123.0,827.0,8768.28,127.459
36632220834,0,34.0,46.0,35.0,1019.0,807.0,8769.23,131.282
36632220834,1,35.0,46.0,35.0,1049.0,873.0,8769.23,127.257
36632220834,0,35.0,46.0,35.0,1049.0,880.0,8769.23,128.373
36632220834,0,35.0,45.0,35.0,1088.0,1636.0,8770.24,125.092
36632220834,0,35.0,46.0,35.0,1044.0,858.0,8769.23,128.242
36632220834,0,35.0,46.0,35.0,1086.0,1603.0,8766.24,126.529
36632220834,1,34.0,46.0,35.0,1092.0,936.0,8769.23,131.738
36632220834,1,35.0,46.0,35.0,1037.0,855.0,8769.23,127.072
36632220834,0,35.0,46.0,35.0,1023.0,830.0,8769.23,127.18
36632220834,0,35.0,46.0,35.0,1079.0,813.0,8768.28,127.779
36632220834,0,35.0,46.0,35.0,1090.0,1581.0,8769.25,128.377
36632220834,1,35.0,45.0,35.0,1079.0,1607.0,8769.25,118.814
36632220834,1,34.0,46.0,35.0,1088.0,1667.0,8770.24,130.634
36632220834,0,35.0,45.0,35.0,1111.0,1397.0,8769.26,126.741
36632220834,0,35.0,46.0,35.0,1022.0,604.0,8769.23,126.253
36632220834,1,35.0,46.0,35.0,1081.0,1632.0,8766.24,127.673
36632220834,1,35.0,46.0,35.0,1010.0,882.0,8769.24,126.802
36632220834,1,35.0,46.0,35.0,1095.0,1247.0,8769.23,129.441
36632220834,1,35.0,46.0,35.0,1126.0,1570.0,8770.23,122.103
36632220834,0,35.0,46.0,35.0,1043.0,872.0,8769.24,128.302
36632220834,1,35.0,46.0,35.0,1031.0,836.0,8769.24,121.743
36632220834,0,35.0,45.0,35.0,1086.0,760.0,8769.24,124.865
36632220834,1,35.0,45.0,35.0,1131.0,668.0,8769.26,123.029
36632220834,1,35.0,46.0,35.0,1094.0,613.0,8769.28,125.629
36632220834,0,35.0,46.0,35.0,1079.0,1664.0,8770.23,128.758
36632220834,1,35.0,46.0,35.0,1112.0,1407.0,8769.25,127.419
36632220834,0,35.0,45.0,34.0,1099.0,1390.0,8769.25,127.08
36632220834,1,35.0,45.0,35.0,1046.0,877.0,8769.23,124.077
36632220834,0,35.0,46.0,35.0,1056.0,1139.0,8769.28,127.818
36632220834,1,35.0,46.0,35.0,1070.0,1279.0,8769.25,126.59
36632220834,0,35.0,46.0,35.0,1025.0,1181.0,8769.25,126.629
36632220834,1,35.0,46.0,35.0,1078.0,1661.0,8769.25,128.74
36632220834,1,35.0,46.0,35.0,1058.0,892.0,8769.23,127.736
36632220834,1,35.0,46.0,35.0,1119.0,1555.0,8769.23,126.03
36632220834,0,35.0,45.0,35.0,1055.0,888.0,8769.27,124.384
36632220834,0,35.0,46.0,35.0,1056.0,768.0,8769.23,129.4
36632220834,0,35.0,46.0,35.0,1092.0,1610.0,8769.23,129.859
36632220834,1,35.0,46.0,35.0,1073.0,908.0,8769.23,126.273
36632220834,0,34.0,46.0,35.0,1095.0,885.0,8769.25,132.33
36632220834,1,35.0,45.0,35.0,1108.0,1202.0,8769.25,125.322
36632220834,0,35.0,46.0,35.0,1098.0,1612.0,8769.25,129.362
36632220834,0,35.0,46.0,35.0,1025.0,827.0,8769.23,126.484
36632220834,1,35.0,46.0,35.0,1081.0,828.0,8769.23,125.944
36632220834,0,35.0,46.0,35.0,1040.0,797.0,8769.23,127.268
36632220834,1,35.0,45.0,35.0,1031.0,856.0,8769.24,122.927
36632220834,1,35.0,45.0,35.0,1042.0,877.0,8769.27,122.611
36632220834,0,35.0,46.0,35.0,1054.0,876.0,8769.23,131.042
36632220834,1,35.0,45.0,35.0,1088.0,947.0,8769.23,123.843
36632220834,0,35.0,46.0,35.0,1120.0,1546.0,8769.23,126.531
36632220834,1,35.0,46.0,35.0,1062.0,1664.0,8769.23,125.015
36632220834,1,35.0,46.0,35.0,1028.0,826.0,8769.23,124.853
36632220834,0,35.0,46.0,35.0,1107.0,1573.0,8770.23,127.2
36632220834,1,35.0,45.0,35.0,1089.0,1678.0,8770.23,121.652
36632220834,0,35.0,46.0,35.0,1038.0,842.0,8769.23,128.262
36632220834,0,35.0,45.0,35.0,1034.0,848.0,8769.21,125.805
36632220834,0,35.0,46.0,35.0,1050.0,880.0,8769.24,126.972
36632220834,1,35.0,46.0,35.0,1095.0,936.0,8769.24,127.12
36632220834,1,35.0,46.0,35.0,1036.0,868.0,8769.21,129.556
36632220834,1,35.0,45.0,35.0,1024.0,829.0,8769.24,121.937
36632220834,0,35.0,46.0,35.0,1074.0,906.0,8769.24,125.429
36632220834,0,35.0,46.0,35.0,1032.0,846.0,8769.24,125.727
36691519438,0,0.0,0.0,0.0,1980.0,385.0,7983.8,26.4506
36691519438,1,0.0,0.0,0.0,707.0,254.0,7983.76,24.8683
36691519438,1,0.0,0.0,0.0,518.0,1357.0,7983.76,26.7521
36691519438,0,0.0,0.0,0.0,1523.0,1228.0,7983.76,25.2482
36691519438,1,0.0,0.0,0.0,851.0,2110.0,7983.76,25.5657
36691519438,1,0.0,0.0,0.0,1931.0,1334.0,7983.75,25.8903
36691519438,0,0.0,0.0,0.0,1644.0,1743.0,7983.75,24.294
36691519438,1,0.0,0.0,0.0,1482.0,822.0,7983.75,24.6219
36691519438,0,0.0,0.0,0.0,1166.0,1237.0,7983.75,25.0747
36691519438,0,0.0,0.0,0.0,1984.0,378.0,7983.76,26.4544
36691519438,1,0.0,0.0,0.0,182.0,1157.0,7983.77,26.031
36691519438,1,0.0,0.0,0.0,1986.0,2067.0,7983.8,25.4636
36691519438,0,0.0,0.0,0.0,1241.0,1029.0,7983.77,25.0601
36691519438,0,0.0,0.0,0.0,954.0,487.0,7983.8,23.842
36691519438,0,0.0,0.0,0.0,1525.0,362.0,7983.76,25.5304
36691519438,1,0.0,0.0,0.0,302.0,1791.0,7983.8,24.387
36851736561,0,0.0,0.0,0.0,1951.0,721.0,48.29,26.4469
36851736561,0,0.0,0.0,0.0,1377.0,1012.0,48.27,26.3377
36851736561,0,0.0,0.0,0.0,1.0,9.0,48.26,25.7548
36851736561,1,0.0,0.0,0.0,3.0,11.0,48.26,24.7088
36851736561,0,0.0,0.0,0.0,293.0,327.0,48.26,26.3087
36851736561,1,0.0,0.0,0.0,2049.0,200.0,48.26,24.9951
36851736561,0,0.0,0.0,0.0,214.0,1638.0,48.29,25.7908
36851736561,1,0.0,0.0,0.0,1519.0,1269.0,48.29,25.1971
36851736561,0,0.0,0.0,0.0,1826.0,980.0,48.26,25.1619
36851736561,1,0.0,0.0,0.0,1540.0,319.0,48.24,42.8499
36851736561,0,0.0,0.0,0.0,800.0,51.0,48.24,24.171
36851736561,1,0.0,0.0,0.0,2034.0,190.0,48.25,25.0749
36851736561,0,0.0,0.0,0.0,1322.0,576.0,48.26,25.4136
36851736561,1,0.0,0.0,0.0,997.0,1194.0,48.29,41.5886
36851736561,1,0.0,0.0,0.0,2029.0,180.0,48.26,25.8981
36851736561,0,0.0,0.0,0.0,2030.0,193.0,48.27,24.9648
36851736561,1,0.0,0.0,0.0,470.0,1457.0,48.27,26.1175
36851736561,1,0.0,0.0,0.0,2037.0,196.0,48.27,25.3642
36851736561,1,0.0,0.0,0.0,183.0,1722.0,48.26,24.3252
36851736561,1,0.0,0.0,0.0,2022.0,167.0,48.27,25.8932
36851736561,1,0.0,0.0,0.0,2079.0,1376.0,48.26,25.9216
36851736561,0,0.0,0.0,0.0,452.0,429.0,48.24,26.1474
36851736561,1,0.0,0.0,0.0,285.0,341.0,48.24,25.1107
36851736561,0,0.0,0.0,0.0,1051.0,1288.0,48.26,25.4142
36851736561,0,0.0,0.0,0.0,448.0,125.0,48.26,25.3001
36851736561,1,0.0,0.0,0.0,1738.0,242.0,48.25,26.046
36851736561,1,0.0,0.0,0.0,2042.0,201.0,48.26,24.4794
36851736561,0,0.0,0.0,0.0,2026.0,179.0,48.27,24.2676
36851736561,0,0.0,0.0,0.0,1956.0,81.0,48.25,27.1248
36851736561,0,0.0,0.0,0.0,2034.0,196.0,48.26,24.6341
36851736561,1,0.0,0.0,0.0,171.0,425.0,48.26,43.3669
36851736561,0,0.0,0.0,0.0,2016.0,173.0,48.25,25.3079
37017297010,1,3.0,10.0,3.0,963.0,1882.0,27885.9,44.0549
37017297010,0,3.0,10.0,3.0,983.0,1847.0,27885.9,44.2236
37017297010,1,2.0,10.0,2.0,1093.0,152.0,27885.9,44.5869
37017297010,0,4.0,13.0,4.0,1067.0,817.0,27885.9,48.0654
37017297010,1,6.0,18.0,6.0,929.0,1807.0,27885.9,50.184
37017297010,0,6.0,17.0,6.0,969.0,947.0,27885.9,49.4227
37017297010,1,4.0,14.0,5.0,932.0,508.0,27885.9,48.4975
37017297010,1,8.0,22.0,8.0,1126.0,592.0,27885.9,52.4408
37017297010,0,2.0,9.0,3.0,1301.0,1971.0,27885.9,44.4825
37017297010,1,6.0,18.0,6.0,1000.0,1568.0,27885.9,50.3301
37017297010,0,5.0,16.0,5.0,922.0,1400.0,27885.9,48.5195
37017297010,0,4.0,14.0,4.0,954.0,1026.0,27885.9,47.2564
37017297010,1,5.0,17.0,5.0,1157.0,1544.0,27885.9,48.1132
37017297010,1,5.0,16.0,5.0,978.0,1370.0,27885.9,47.5234
37017297010,0,5.0,14.0,5.0,1203.0,1012.0,27885.9,46.4406
37017297010,0,4.0,12.0,4.0,1054.0,749.0,27885.9,47.9644
37037382689,0,29.0,97.0,29.0,953.0,505.0,268096.0,143.883
37037382689,0,29.0,97.0,30.0,1162.0,1534.0,268096.0,146.022
37037382689,1,29.0,97.0,29.0,859.0,1527.0,268096.0,139.113
37037382689,1,29.0,97.0,30.0,1184.0,797.0,268096.0,142.99
37037382689,1,29.0,97.0,29.0,1206.0,525.0,268096.0,151.487
37037382689,1,29.0,97.0,30.0,1133.0,901.0,268096.0,148.414
37037382689,1,29.0,97.0,29.0,914.0,458.0,268096.0,146.13
37037382689,0,29.0,97.0,30.0,908.0,508.0,268096.0,149.43
37037382689,0,29.0,97.0,30.0,1208.0,1324.0,268096.0,145.035
37037382689,0,29.0,97.0,30.0,1313.0,1522.0,268096.0,145.14
37735060242,0,0.0,2.0,0.0,7.0,4.0,27.61,33.9167
37735060242,1,0.0,2.0,0.0,8.0,4.0,27.61,31.7242
37735060242,0,0.0,1.0,0.0,8.0,4.0,27.6,31.7128
37735060242,1,0.0,3.0,0.0,7.0,4.0,27.59,29.7776
37735060242,0,0.0,3.0,0.0,6.0,4.0,27.6,32.7882
37735060242,0,0.0,3.0,0.0,7.0,4.0,27.59,31.5862
37735060242,1,0.0,0.0,0.0,6.0,3.0,27.59,30.5873
37735060242,1,0.0,0.0,0.0,7.0,4.0,27.6,28.7189
37735060242,0,0.0,1.0,0.0,9.0,4.0,27.59,31.082
37735060242,0,0.0,4.0,0.0,8.0,4.0,27.61,33.68
37735060242,0,0.0,1.0,0.0,6.0,3.0,27.61,30.7472
37735060242,1,0.0,2.0,0.0,7.0,4.0,27.59,32.2107
37735060242,1,0.0,1.0,0.0,8.0,4.0,27.61,31.7347
37735060242,1,0.0,3.0,0.0,7.0,4.0,27.6,30.6274
37735060242,0,0.0,3.0,0.0,7.0,3.0,27.59,33.7347
37735060242,1,0.0,4.0,0.0,8.0,4.0,27.61,31.5924
37829871446,0,0.0,0.0,0.0,400.0,1156.0,1.33,24.389
37829871446,0,0.0,0.0,0.0,990.0,1204.0,1.33,25.286
37829871446,1,0.0,0.0,0.0,262.0,1100.0,1.33,26.023
37829871446,1,0.0,0.0,0.0,1055.0,1207.0,1.33,26.075
37829871446,0,0.0,0.0,0.0,1868.0,547.0,1.33,25.187
37829871446,1,0.0,0.0,0.0,1896.0,103.0,1.34,25.0955
37829871446,1,0.0,0.0,0.0,12.0,70.0,1.32,25.982
37829871446,0,0.0,0.0,0.0,617.0,514.0,1.32,26.639
37829871446,1,0.0,0.0,0.0,387.0,1161.0,1.33,25.112
37829871446,0,0.0,0.0,0.0,1834.0,1869.0,1.34,25.472
37829871446,0,0.0,0.0,0.0,516.0,1991.0,1.32,25.927
37829871446,1,0.0,0.0,0.0,1664.0,522.0,1.32,25.208
37829871446,1,0.0,0.0,0.0,1191.0,1059.0,1.34,24.457
37829871446,0,0.0,0.0,0.0,419.0,1668.0,1.34,24.692
37829871446,0,0.0,0.0,0.0,77.0,1093.0,1.33,25.101
37829871446,1,0.0,0.0,0.0,647.0,295.0,1.33,25.484
38097429602,1,0.0,0.0,0.0,90.0,1628.0,8.38,27.5719
38097429602,0,0.0,0.0,0.0,394.0,1153.0,8.38,26.8251
38097429602,1,0.0,0.0,0.0,42.0,708.0,8.32,25.3233
38097429602,0,0.0,0.0,0.0,581.0,805.0,8.34,27.0442
38097429602,0,0.0,0.0,0.0,1398.0,644.0,8.32,26.2801
38097429602,1,0.0,0.0,0.0,1831.0,1257.0,8.34,25.6902
38097429602,1,0.0,0.0,0.0,394.0,1755.0,8.35,25.7282
38097429602,0,0.0,0.0,0.0,195.0,2145.0,8.35,24.6682
38097429602,1,0.0,0.0,0.0,1795.0,1558.0,8.34,27.2641
38097429602,0,0.0,0.0,0.0,1351.0,1702.0,8.34,25.7849
38097429602,1,0.0,0.0,0.0,2033.0,448.0,8.39,25.6102
38097429602,0,0.0,0.0,0.0,2089.0,504.0,8.33,25.8965
38097429602,1,0.0,0.0,0.0,1112.0,2066.0,8.33,25.3845
38097429602,0,0.0,0.0,0.0,1536.0,1639.0,8.39,24.7471
38097429602,1,0.0,0.0,0.0,1002.0,890.0,8.36,26.4215
38097429602,0,0.0,0.0,0.0,30.0,1487.0,8.36,25.6234
38297190078,0,4.0,14.0,4.0,1187.0,889.0,42402.3,44.6221
38297190078,1,5.0,16.0,5.0,906.0,1303.0,42402.2,44.0856
38297190078,1,4.0,12.0,4.0,1195.0,1384.0,42402.3,42.9867
38297190078,0,4.0,13.0,4.0,1223.0,1029.0,42402.3,44.5589
38297190078,1,6.0,19.0,6.0,1272.0,1750.0,42402.3,51.4363
38297190078,0,2.0,8.0,2.0,1425.0,184.0,42402.3,44.2958
38297190078,0,3.0,11.0,3.0,1221.0,1285.0,42402.2,45.101
38297190078,1,5.0,15.0,5.0,1217.0,1370.0,42402.3,47.1869
38297190078,0,3.0,10.0,3.0,1353.0,316.0,42402.3,43.468
38297190078,0,3.0,11.0,4.0,1230.0,1196.0,42406.3,47.5936
38297190078,0,4.0,14.0,5.0,1225.0,400.0,42402.3,47.7755
38297190078,1,2.0,8.0,2.0,1467.0,354.0,42402.3,41.5542
38297190078,1,2.0,8.0,2.0,1284.0,610.0,42402.3,42.2658
38297190078,1,6.0,20.0,7.0,1041.0,1603.0,42406.3,46.6572
38297190078,0,3.0,10.0,3.0,1114.0,1956.0,42402.3,45.3436
38297190078,1,6.0,17.0,6.0,1094.0,872.0,42402.3,47.4505
38336432050,0,7.0,10.0,6.0,904.0,1540.0,65.24,44.8643
38336432050,1,7.0,10.0,5.0,83.0,1431.0,65.24,43.8462
38336432050,0,7.0,10.0,6.0,301.0,1664.0,65.23,43.9768
38336432050,1,7.0,10.0,7.0,2050.0,394.0,65.23,43.6024
38336432050,0,7.0,10.0,8.0,903.0,260.0,65.23,42.9577
38336432050,1,7.0,11.0,7.0,874.0,1616.0,65.23,43.7267
38336432050,1,7.0,10.0,8.0,46.0,114.0,65.23,42.491
38336432050,0,7.0,10.0,8.0,52.0,120.0,65.23,42.347
38336432050,1,7.0,10.0,6.0,1750.0,2044.0,65.23,43.1512
38336432050,0,7.0,10.0,6.0,1534.0,1474.0,65.23,43.0848
38336432050,1,7.0,11.0,8.0,75.0,144.0,63.22,40.1591
38336432050,0,7.0,11.0,7.0,69.0,169.0,63.22,43.644
38336432050,1,7.0,11.0,8.0,425.0,826.0,65.24,42.8436
38336432050,0,7.0,11.0,7.0,310.0,471.0,65.24,45.7702
38336432050,1,7.0,11.0,7.0,1489.0,1988.0,65.24,44.3423
38336432050,0,7.0,11.0,8.0,724.0,1245.0,65.24,44.2261
38551800242,1,0.0,0.0,0.0,1875.0,1031.0,2110.71,37.9041
38551800242,0,0.0,0.0,0.0,1868.0,976.0,2112.7,34.8847
38551800242,0,0.0,0.0,0.0,1868.0,896.0,2110.7,35.8596
38551800242,0,0.0,0.0,0.0,1868.0,972.0,2110.71,35.2754
38551800242,1,0.0,0.0,0.0,1911.0,1099.0,2110.71,34.4279
38551800242,0,0.0,0.0,0.0,1847.0,868.0,2110.71,34.8507
38551800242,1,0.0,0.0,0.0,1844.0,836.0,2112.7,34.6602
38551800242,0,0.0,0.0,0.0,1853.0,903.0,2110.73,37.4101
38551800242,1,0.0,0.0,0.0,1891.0,1054.0,2110.71,34.4407
38551800242,0,0.0,0.0,0.0,1855.0,903.0,2110.71,36.0079
38551800242,0,0.0,0.0,0.0,1864.0,974.0,2112.73,35.8446
38551800242,1,0.0,0.0,0.0,1885.0,1047.0,2110.7,35.642
38551800242,0,0.0,0.0,0.0,1877.0,1017.0,2110.71,35.342
38551800242,1,0.0,0.0,0.0,1886.0,993.0,2112.73,36.6899
38551800242,1,0.0,0.0,0.0,1925.0,1184.0,2110.73,35.5144
38551800242,1,0.0,0.0,0.0,1849.0,879.0,2110.71,34.8843
38797909574,0,2.0,8.0,2.0,2113.0,1764.0,42.7,39.869
38797909574,0,2.0,7.0,2.0,1348.0,1843.0,42.68,39.1151
38797909574,1,2.0,8.0,3.0,1400.0,1126.0,42.7,40.1949
38797909574,1,2.0,8.0,2.0,2000.0,296.0,42.68,41.5181
38797909574,1,1.0,4.0,1.0,741.0,1170.0,42.7,36.4215
38797909574,0,1.0,5.0,1.0,689.0,1493.0,42.7,39.6657
38797909574,0,1.0,5.0,1.0,317.0,1497.0,42.7,40.115
38797909574,0,2.0,7.0,2.0,24.0,1930.0,42.7,42.9159
38797909574,1,2.0,7.0,2.0,2099.0,1283.0,42.7,42.1805
38797909574,0,2.0,6.0,2.0,665.0,841.0,42.7,40.6733
38797909574,1,1.0,5.0,2.0,472.0,1977.0,42.7,40.8515
38797909574,1,1.0,5.0,1.0,1181.0,1491.0,42.7,37.1524
38797909574,1,1.0,5.0,1.0,355.0,1357.0,42.7,36.3955
38797909574,0,0.0,4.0,1.0,1270.0,713.0,42.72,38.481
38797909574,1,1.0,6.0,1.0,783.0,616.0,42.72,41.4102
38797909574,0,1.0,5.0,1.0,445.0,1636.0,42.7,34.9857
38818085143,1,0.0,0.0,0.0,956.0,1371.0,450.01,26.129
38818085143,0,0.0,0.0,0.0,1909.0,530.0,449.99,25.2332
38818085143,0,0.0,0.0,0.0,2125.0,140.0,450.01,26.4799
38818085143,1,0.0,0.0,0.0,225.0,1501.0,450.01,27.1214
38818085143,1,0.0,0.0,0.0,254.0,790.0,449.99,25.2082
38818085143,1,0.0,0.0,0.0,423.0,1400.0,450.0,24.6681
38818085143,1,0.0,0.0,0.0,2086.0,362.0,449.99,26.5875
38818085143,1,0.0,0.0,0.0,1265.0,2026.0,450.01,24.4922
38818085143,0,0.0,0.0,0.0,805.0,617.0,450.01,26.5549
38818085143,0,0.0,0.0,0.0,1585.0,735.0,449.99,26.7489
38818085143,0,0.0,0.0,0.0,550.0,982.0,450.0,25.8313
38818085143,0,0.0,0.0,0.0,47.0,1263.0,450.01,25.1037
38818085143,0,0.0,0.0,0.0,1556.0,723.0,450.03,25.8303
38818085143,1,0.0,0.0,0.0,926.0,1466.0,450.03,25.8181
38818085143,1,0.0,0.0,0.0,445.0,21.0,450.0,25.3517
38818085143,0,0.0,0.0,0.0,1108.0,860.0,450.0,25.4685
38938023494,1,0.0,0.0,0.0,2139.0,99.0,17.85,25.7862
38938023494,1,0.0,0.0,0.0,669.0,1455.0,17.85,25.4011
38938023494,0,0.0,0.0,0.0,1813.0,2005.0,17.85,25.3486
38938023494,0,0.0,0.0,0.0,569.0,452.0,17.84,26.3889
38938023494,0,0.0,0.0,0.0,248.0,692.0,17.84,25.4756
38938023494,1,0.0,0.0,0.0,1148.0,1403.0,17.84,26.1373
38938023494,1,0.0,0.0,0.0,1345.0,715.0,17.82,25.5124
38938023494,1,0.0,0.0,0.0,1538.0,1702.0,17.84,24.8726
38938023494,0,0.0,0.0,0.0,465.0,1635.0,17.85,25.5582
38938023494,1,0.0,0.0,0.0,1561.0,1717.0,17.85,24.4196
38938023494,0,0.0,0.0,0.0,489.0,121.0,17.82,25.684
38938023494,1,0.0,0.0,0.0,1703.0,454.0,17.85,24.4063
38938023494,0,0.0,0.0,0.0,711.0,1278.0,17.83,26.4294
38938023494,1,0.0,0.0,0.0,531.0,335.0,17.83,27.3766
38938023494,0,0.0,0.0,0.0,478.0,1566.0,17.85,26.4705
38938023494,0,0.0,0.0,0.0,793.0,1603.0,17.85,26.6044
39128974285,1,0.0,0.0,0.0,1131.0,686.0,18.01,26.6556
39128974285,1,0.0,0.0,0.0,919.0,939.0,17.97,24.9032
39128974285,0,0.0,0.0,0.0,778.0,1549.0,18.01,27.2109
39128974285,1,0.0,0.0,0.0,1707.0,774.0,17.98,25.5072
39128974285,0,0.0,0.0,0.0,394.0,1027.0,17.98,25.9883
39128974285,0,0.0,0.0,0.0,1401.0,1335.0,17.98,25.9227
39128974285,1,0.0,0.0,0.0,920.0,1821.0,17.98,26.1036
39128974285,0,0.0,0.0,0.0,624.0,399.0,18.02,29.6821
39128974285,1,0.0,0.0,0.0,534.0,1215.0,17.97,27.4511
39128974285,0,0.0,0.0,0.0,460.0,331.0,17.97,25.8454
39128974285,0,0.0,0.0,0.0,1412.0,38.0,17.96,26.9921
39128974285,1,0.0,0.0,0.0,1709.0,1671.0,17.96,34.5322
39128974285,1,0.0,0.0,0.0,1098.0,1498.0,18.02,27.0258
39128974285,0,0.0,0.0,0.0,1700.0,1591.0,17.97,28.6887
39128974285,1,0.0,0.0,0.0,59.0,879.0,17.97,24.6008
39128974285,0,0.0,0.0,0.0,1540.0,1729.0,17.97,25.1874
39418664761,0,0.0,0.0,0.0,1520.0,191.0,0.67,25.49
39418664761,1,0.0,0.0,0.0,1914.0,1938.0,0.67,25.225
39418664761,0,0.0,0.0,0.0,262.0,0.0,0.64,26.634
39418664761,1,0.0,0.0,0.0,0.0,226.0,0.65,0.0
39418664761,0,0.0,0.0,0.0,533.0,888.0,0.66,24.773
39418664761,0,0.0,0.0,0.0,0.0,0.0,0.7,0.0
39418664761,1,0.0,0.0,0.0,0.0,0.0,0.7,25.773
39418664761,0,0.0,0.0,0.0,0.0,1611.0,0.65,0.0
39418664761,1,0.0,0.0,0.0,1923.0,2036.0,0.67,24.51
39418664761,0,0.0,0.0,0.0,1263.0,872.0,0.67,27.977
39418664761,0,0.0,0.0,0.0,925.0,1638.0,0.67,25.899
39418664761,1,0.0,0.0,0.0,1388.0,556.0,0.67,26.898
39418664761,0,0.0,0.0,0.0,1686.0,667.0,0.66,26.592
39418664761,1,0.0,0.0,0.0,0.0,61.0,0.66,24.693
39418664761,1,0.0,0.0,0.0,1556.0,1882.0,0.66,0.0
39418664761,1,0.0,0.0,0.0,1986.0,0.0,0.64,25.669
39620216596,0,0.0,0.0,0.0,544.0,481.0,4.6,27.569
39620216596,1,0.0,0.0,0.0,583.0,535.0,4.6,25.1832
39620216596,1,0.0,0.0,0.0,1592.0,1362.0,4.6,25.548
39620216596,1,0.0,0.0,0.0,538.0,473.0,4.61,26.976
39620216596,0,0.0,0.0,0.0,566.0,512.0,4.61,24.3688
39620216596,1,0.0,0.0,0.0,23.0,84.0,4.6,25.917
39620216596,1,0.0,0.0,0.0,19.0,1244.0,4.6,27.031
39620216596,0,0.0,0.0,0.0,1456.0,1217.0,4.6,30.1744
39620216596,0,0.0,0.0,0.0,35.0,97.0,4.6,25.4625
39620216596,0,0.0,0.0,0.0,546.0,485.0,4.62,24.796
39620216596,0,0.0,0.0,0.0,29.0,91.0,4.61,26.648
39620216596,1,0.0,0.0,0.0,544.0,483.0,4.62,24.8732
39620216596,0,0.0,0.0,0.0,809.0,2098.0,4.6,24.5748
39620216596,1,0.0,0.0,0.0,38.0,100.0,4.61,26.1698
39620216596,0,0.0,0.0,0.0,879.0,833.0,4.6,26.5238
39620216596,1,0.0,0.0,0.0,1635.0,310.0,4.6,25.0532
39669389865,1,0.0,0.0,0.0,1698.0,853.0,209.67,25.1368
39669389865,1,0.0,0.0,0.0,348.0,176.0,209.69,26.2676
39669389865,0,0.0,0.0,0.0,191.0,1713.0,209.69,26.5898
39669389865,1,0.0,0.0,0.0,592.0,1440.0,209.68,25.6846
39669389865,1,0.0,0.0,0.0,1305.0,1886.0,211.7,26.0241
39669389865,0,0.0,0.0,0.0,1671.0,1932.0,211.7,25.9116
39669389865,1,0.0,2.0,0.0,1821.0,620.0,209.7,29.6258
39669389865,0,0.0,0.0,0.0,1289.0,1242.0,209.7,25.6955
39669389865,0,2.0,7.0,2.0,762.0,982.0,211.68,34.8846
39669389865,1,1.0,3.0,1.0,1449.0,613.0,211.68,29.7579
39669389865,0,0.0,2.0,0.0,360.0,724.0,209.68,29.0282
39669389865,1,0.0,0.0,0.0,1940.0,1625.0,209.68,25.2505
39669389865,0,0.0,0.0,0.0,58.0,1902.0,209.68,26.6565
39669389865,0,0.0,0.0,0.0,451.0,812.0,209.67,26.3364
39669389865,1,0.0,0.0,0.0,833.0,508.0,211.68,24.7158
39669389865,0,0.0,0.0,0.0,1906.0,1694.0,211.68,24.881
39981242117,1,31.0,94.0,32.0,1553.0,1161.0,691219.0,161.933
39981242117,1,32.0,96.0,32.0,872.0,1870.0,691221.0,156.239
39981242117,0,32.0,96.0,32.0,1080.0,209.0,691221.0,171.31
39981242117,1,31.0,96.0,32.0,743.0,1879.0,691221.0,152.612
39981242117,1,32.0,96.0,32.0,1557.0,1646.0,691221.0,154.123
39981242117,0,32.0,96.0,32.0,1572.0,1148.0,691221.0,161.993
39981242117,1,32.0,95.0,32.0,1055.0,1732.0,691221.0,160.935
39981242117,0,32.0,95.0,32.0,1259.0,341.0,691221.0,158.799
39981242117,0,32.0,95.0,32.0,799.0,1978.0,691221.0,153.203
39981242117,0,32.0,96.0,32.0,205.0,1401.0,691219.0,165.679
39981242117,1,32.0,95.0,32.0,1924.0,690.0,691221.0,148.028
39981242117,0,32.0,95.0,32.0,287.0,2007.0,691221.0,161.417
39981242117,0,32.0,95.0,32.0,582.0,1800.0,691221.0,158.8
39981242117,1,32.0,96.0,33.0,2095.0,774.0,691221.0,157.559
39981242117,0,32.0,96.0,32.0,1066.0,1237.0,691221.0,162.88
39981242117,1,32.0,96.0,32.0,1732.0,1009.0,691221.0,163.502
40219266218,0,9.0,13.0,9.0,702.0,221.0,1885.85,67.6112
40219266218,1,9.0,13.0,9.0,947.0,141.0,1885.85,65.7923
40219266218,0,9.0,13.0,9.0,872.0,173.0,1885.83,64.5771
40219266218,1,9.0,13.0,9.0,640.0,237.0,1885.84,67.3306
40219266218,1,9.0,13.0,10.0,678.0,225.0,1885.83,63.5828
40219266218,0,9.0,13.0,9.0,976.0,149.0,1885.83,68.0787
40219266218,0,9.0,13.0,9.0,1372.0,818.0,1884.18,69.1646
40219266218,1,9.0,13.0,10.0,1345.0,827.0,1884.18,64.7017
40219266218,0,9.0,13.0,9.0,1195.0,841.0,1885.85,70.568
40219266218,1,9.0,13.0,9.0,1029.0,152.0,1885.83,66.2109
40219266218,0,9.0,13.0,9.0,907.0,197.0,1885.84,68.8004
40219266218,1,9.0,13.0,10.0,1071.0,708.0,1885.85,67.23
40219266218,0,9.0,13.0,9.0,826.0,202.0,1884.19,65.3635
40219266218,0,9.0,13.0,9.0,642.0,246.0,1885.83,65.6249
40219266218,1,9.0,13.0,9.0,910.0,172.0,1884.19,69.0654
40219266218,1,9.0,13.0,10.0,923.0,131.0,1885.83,69.5924
40247565816,0,9.0,14.0,9.0,1451.0,186.0,2230.81,60.3656
40247565816,1,9.0,14.0,8.0,322.0,1078.0,2230.81,61.9541
40247565816,0,9.0,14.0,8.0,750.0,1730.0,2230.79,62.9021
40247565816,1,9.0,14.0,8.0,1696.0,2031.0,2230.79,63.9974
40247565816,1,9.0,14.0,8.0,1210.0,440.0,2230.81,65.8355
40247565816,0,9.0,14.0,8.0,647.0,1747.0,2230.81,59.6556
40247565816,0,9.0,14.0,9.0,1751.0,843.0,2230.8,60.492
40247565816,1,9.0,14.0,9.0,1009.0,325.0,2230.8,61.8485
40247565816,1,9.0,14.0,9.0,526.0,679.0,2227.83,65.3783
40247565816,0,9.0,14.0,11.0,1855.0,906.0,2227.83,69.7316
40247565816,1,9.0,14.0,9.0,1239.0,273.0,2230.82,60.7603
40247565816,0,9.0,14.0,9.0,1042.0,334.0,2230.79,61.281
40247565816,1,9.0,14.0,8.0,460.0,353.0,2230.79,60.6755
40247565816,0,9.0,14.0,9.0,1769.0,1955.0,2230.81,64.1673
40247565816,1,9.0,14.0,8.0,299.0,1207.0,2230.81,61.3179
40247565816,0,9.0,14.0,9.0,1396.0,193.0,2230.82,61.6192
40247565816,1,9.0,14.0,9.0,394.0,604.0,2230.8,58.7653
40247565816,0,9.0,14.0,9.0,1552.0,1453.0,2230.8,65.8975
40247565816,0,9.0,14.0,9.0,468.0,1858.0,2230.8,63.0645
40247565816,1,9.0,14.0,8.0,1651.0,1580.0,2230.8,56.4336
40247565816,0,9.0,14.0,9.0,1725.0,88.0,2230.81,61.8605
40247565816,1,9.0,14.0,9.0,1179.0,1954.0,2230.81,62.5633
40247565816,0,9.0,14.0,9.0,1519.0,664.0,2230.81,62.8241
40247565816,1,9.0,14.0,9.0,1040.0,992.0,2230.81,62.5141
40247565816,0,9.0,14.0,9.0,975.0,1141.0,2230.8,62.1123
40247565816,1,9.0,14.0,9.0,1471.0,287.0,2230.8,60.8684
40247565816,0,9.0,14.0,10.0,1658.0,2092.0,2230.82,61.0145
40247565816,1,9.0,14.0,8.0,378.0,1861.0,2230.82,63.9713
40247565816,1,9.0,14.0,9.0,868.0,2044.0,2230.81,60.6663
40247565816,0,9.0,14.0,10.0,975.0,1057.0,2230.81,66.3272
40247565816,1,9.0,14.0,9.0,1302.0,1588.0,2230.81,63.2953
40247565816,0,9.0,14.0,9.0,1147.0,1535.0,2230.81,62.3173
40287636076,1,0.0,0.0,0.0,1693.0,642.0,162.07,26.844
40287636076,0,0.0,0.0,0.0,410.0,1295.0,162.07,26.4986
40287636076,0,0.0,0.0,0.0,243.0,1931.0,162.04,31.4003
40287636076,1,0.0,0.0,0.0,341.0,1033.0,162.04,32.9799
40287636076,1,0.0,0.0,0.0,887.0,1610.0,162.06,31.135
40287636076,0,0.0,0.0,0.0,1567.0,2044.0,162.06,31.4171
40287636076,1,0.0,0.0,0.0,2.0,786.0,162.05,28.2622
40287636076,0,0.0,0.0,0.0,2015.0,828.0,162.05,27.3134
40287636076,1,0.0,0.0,0.0,2017.0,239.0,162.04,27.0263
40287636076,0,0.0,0.0,0.0,748.0,394.0,162.04,26.9217
40287636076,0,0.0,0.0,0.0,933.0,1605.0,162.06,33.5002
40287636076,1,0.0,0.0,0.0,316.0,760.0,162.06,41.7659
40287636076,0,0.0,0.0,0.0,958.0,494.0,162.07,33.4257
40287636076,1,0.0,0.0,0.0,2087.0,1472.0,162.07,32.8974
40287636076,1,0.0,0.0,0.0,1739.0,475.0,162.05,30.1676
40287636076,0,0.0,0.0,0.0,1631.0,1575.0,162.05,32.2928
40679108455,1,0.0,0.0,0.0,1930.0,106.0,15.33,32.3023
40679108455,0,0.0,0.0,0.0,1920.0,96.0,15.33,25.321
40679108455,1,0.0,1.0,0.0,312.0,366.0,15.34,33.0506
40679108455,0,0.0,0.0,0.0,287.0,33.0,15.34,25.9519
40679108455,0,0.0,0.0,0.0,1199.0,1621.0,15.34,25.2464
40679108455,1,0.0,2.0,0.0,940.0,815.0,15.34,32.2927
40679108455,0,0.0,0.0,0.0,548.0,235.0,15.35,24.974
40679108455,1,0.0,0.0,0.0,2050.0,1176.0,15.35,24.7182
40679108455,0,0.0,0.0,0.0,821.0,744.0,15.35,25.8817
40679108455,1,0.0,2.0,0.0,1326.0,532.0,15.35,31.4923
40679108455,1,0.0,2.0,0.0,1932.0,111.0,15.36,32.4671
40679108455,0,0.0,0.0,0.0,1929.0,111.0,15.36,25.0671
40679108455,0,0.0,0.0,0.0,112.0,2002.0,15.35,27.1037
40679108455,1,0.0,0.0,0.0,548.0,199.0,15.35,24.7737
40679108455,0,0.0,0.0,0.0,1440.0,1478.0,15.34,25.3965
40679108455,1,0.0,0.0,0.0,2047.0,1527.0,15.34,26.9481
40679108455,0,0.0,0.0,0.0,1932.0,111.0,15.33,24.7245
40679108455,1,0.0,0.0,0.0,1936.0,114.0,15.33,31.7556
40679108455,1,0.0,1.0,0.0,1932.0,105.0,15.4,31.6481
40679108455,0,0.0,0.0,0.0,1727.0,899.0,15.4,25.2386
40679108455,0,0.0,0.0,0.0,1548.0,1165.0,15.32,26.7383
40679108455,1,0.0,0.0,0.0,734.0,559.0,15.32,26.3747
40679108455,1,0.0,1.0,0.0,1925.0,93.0,15.32,31.2514
40679108455,0,0.0,0.0,0.0,1925.0,97.0,15.32,24.2788
40679108455,1,0.0,0.0,0.0,808.0,261.0,15.32,23.4201
40679108455,0,0.0,0.0,0.0,1744.0,991.0,15.32,24.3107
40679108455,0,0.0,0.0,0.0,1970.0,2065.0,15.33,25.9771
40679108455,1,0.0,0.0,0.0,1586.0,1661.0,15.33,25.3234
40679108455,1,0.0,0.0,0.0,757.0,909.0,15.33,32.0678
40679108455,0,0.0,0.0,0.0,863.0,209.0,15.33,24.3883
40679108455,1,0.0,0.0,0.0,2040.0,715.0,15.32,24.7733
40679108455,0,0.0,0.0,0.0,1143.0,1636.0,15.32,25.6682
40679108455,1,0.0,2.0,0.0,183.0,260.0,15.34,31.8503
40679108455,0,0.0,0.0,0.0,356.0,353.0,15.34,26.2717
40679108455,0,0.0,0.0,0.0,92.0,303.0,15.34,27.5464
40679108455,1,0.0,0.0,0.0,1679.0,12.0,15.34,25.232
40679108455,0,0.0,0.0,0.0,1029.0,1943.0,15.33,26.0487
40679108455,1,0.0,0.0,0.0,1901.0,2007.0,15.33,24.3557
40679108455,1,0.0,1.0,0.0,371.0,1377.0,15.32,33.4713
40679108455,0,0.0,0.0,0.0,1280.0,934.0,15.32,26.4194
40679108455,1,0.0,1.0,0.0,1125.0,142.0,15.32,32.6222
40679108455,0,0.0,0.0,0.0,134.0,710.0,15.32,25.5101
40679108455,1,0.0,0.0,0.0,486.0,1007.0,15.32,25.4433
40679108455,0,0.0,0.0,0.0,1174.0,1475.0,15.32,25.7057
40679108455,0,0.0,0.0,0.0,480.0,966.0,15.34,26.937
40679108455,1,0.0,0.0,0.0,1188.0,1950.0,15.34,25.8689
40679108455,1,0.0,0.0,0.0,871.0,1713.0,15.33,26.9239
40679108455,0,0.0,0.0,0.0,273.0,982.0,15.33,26.0507
40679108455,1,0.0,0.0,0.0,1728.0,611.0,15.34,25.2255
40679108455,0,0.0,0.0,0.0,1403.0,1333.0,15.34,24.4551
40679108455,1,0.0,1.0,0.0,999.0,972.0,15.32,31.7407
40679108455,0,0.0,0.0,0.0,1822.0,2041.0,15.32,25.2699
40679108455,0,0.0,0.0,0.0,195.0,248.0,15.33,26.3335
40679108455,1,0.0,1.0,0.0,1942.0,112.0,15.33,32.0615
40679108455,1,0.0,2.0,0.0,1427.0,1126.0,15.33,33.4361
40679108455,0,0.0,0.0,0.0,62.0,552.0,15.33,25.9923
40679108455,0,0.0,0.0,0.0,1687.0,830.0,15.44,26.8473
40679108455,1,0.0,0.0,0.0,1830.0,960.0,15.44,26.7223
40679108455,1,0.0,2.0,0.0,1967.0,1565.0,15.34,33.7623
40679108455,0,0.0,0.0,0.0,2069.0,158.0,15.34,25.9734
40679108455,1,0.0,0.0,0.0,1908.0,1275.0,15.32,25.9468
40679108455,0,0.0,0.0,0.0,947.0,1203.0,15.32,25.4607
40679108455,0,0.0,0.0,0.0,698.0,2118.0,15.16,24.1244
40679108455,1,0.0,0.0,0.0,1419.0,245.0,15.16,43.0901
40751662884,1,0.0,0.0,0.0,467.0,479.0,184.18,25.7964
40751662884,0,0.0,0.0,0.0,468.0,487.0,184.18,26.2733
40751662884,1,0.0,0.0,0.0,1209.0,284.0,184.2,27.1849
40751662884,0,0.0,0.0,0.0,1324.0,311.0,184.2,27.4266
40751662884,0,0.0,0.0,0.0,943.0,250.0,184.19,27.1763
40751662884,1,0.0,0.0,0.0,1538.0,319.0,184.19,26.2246
40751662884,1,0.0,0.0,0.0,1709.0,731.0,185.18,27.8031
40751662884,0,0.0,0.0,0.0,1287.0,710.0,185.18,26.3906
40751662884,1,0.0,0.0,0.0,1935.0,804.0,185.21,25.7383
40751662884,0,0.0,0.0,0.0,1735.0,1012.0,185.21,33.8233
40751662884,0,0.0,0.0,0.0,1878.0,840.0,184.18,25.086
40751662884,1,0.0,0.0,0.0,1528.0,757.0,184.18,26.2603
40751662884,0,0.0,0.0,0.0,685.0,496.0,184.18,27.5862
40751662884,1,0.0,0.0,0.0,1876.0,328.0,184.18,28.8867
40751662884,1,0.0,0.0,0.0,584.0,932.0,184.18,25.7142
40751662884,0,0.0,0.0,0.0,1681.0,804.0,184.18,26.5139
40780066671,0,0.0,0.0,0.0,1363.0,1617.0,852.67,40.7028
40780066671,1,0.0,0.0,0.0,1945.0,437.0,852.67,39.8221
40780066671,1,0.0,0.0,0.0,974.0,2048.0,852.67,40.9538
40780066671,0,0.0,0.0,0.0,1944.0,486.0,852.67,41.6113
40780066671,1,0.0,0.0,0.0,215.0,1733.0,852.67,39.2037
40780066671,0,0.0,0.0,0.0,663.0,2129.0,852.67,41.1459
40780066671,1,0.0,0.0,0.0,1756.0,674.0,852.68,40.8198
40780066671,0,0.0,0.0,0.0,1267.0,627.0,852.68,41.6348
40780066671,0,0.0,0.0,0.0,286.0,1139.0,852.67,40.3482
40780066671,1,0.0,0.0,0.0,1172.0,1616.0,852.67,39.9916
40780066671,1,0.0,0.0,0.0,1674.0,1237.0,852.68,40.1907
40780066671,0,0.0,0.0,0.0,430.0,786.0,852.68,39.2024
40780066671,0,0.0,0.0,0.0,1235.0,1687.0,852.68,39.6507
40780066671,1,0.0,0.0,0.0,1612.0,1535.0,852.68,43.1419
40780066671,1,0.0,0.0,0.0,756.0,859.0,852.66,40.6121
40780066671,0,0.0,0.0,0.0,1641.0,1476.0,852.66,38.7367
40894071922,1,0.0,0.0,0.0,1208.0,120.0,66.25,26.5236
40894071922,0,0.0,0.0,0.0,228.0,1215.0,66.25,27.5764
40894071922,1,0.0,0.0,0.0,1919.0,1284.0,66.26,28.0878
40894071922,0,0.0,0.0,0.0,1857.0,1051.0,66.26,26.1301
40894071922,1,0.0,0.0,0.0,1490.0,2118.0,66.25,28.0652
40894071922,0,0.0,0.0,0.0,1852.0,1201.0,66.25,26.5776
40894071922,0,0.0,0.0,0.0,51.0,982.0,66.25,27.6284
40894071922,1,0.0,0.0,0.0,1970.0,1530.0,66.25,27.0123
40894071922,0,0.0,0.0,0.0,1161.0,16.0,66.25,26.1881
40894071922,1,0.0,0.0,0.0,1622.0,1734.0,66.25,26.4572
40894071922,0,0.0,0.0,0.0,549.0,244.0,66.24,26.1587
40894071922,1,0.0,0.0,0.0,86.0,1483.0,66.24,25.9849
40894071922,0,0.0,0.0,0.0,1326.0,279.0,66.24,29.3997
40894071922,1,0.0,0.0,0.0,1011.0,885.0,66.24,25.2229
40894071922,0,0.0,0.0,0.0,322.0,1071.0,66.25,25.4931
40894071922,1,0.0,0.0,0.0,1857.0,1763.0,66.25,25.2999
40904049185,0,21.0,53.0,22.0,932.0,593.0,2137.35,101.191
40904049185,1,21.0,53.0,22.0,931.0,593.0,2137.35,99.8921
40904049185,1,21.0,52.0,22.0,932.0,590.0,2137.34,97.8595
40904049185,0,21.0,53.0,21.0,927.0,589.0,2137.34,98.9377
40904049185,0,21.0,53.0,22.0,934.0,592.0,2137.36,96.9093
40904049185,1,21.0,53.0,22.0,933.0,590.0,2137.36,96.0344
40904049185,0,21.0,53.0,22.0,932.0,588.0,2137.38,96.6632
40904049185,1,21.0,52.0,21.0,924.0,588.0,2137.38,100.925
40904049185,1,21.0,52.0,22.0,927.0,587.0,2139.0,97.6207
40904049185,0,21.0,50.0,21.0,938.0,592.0,2139.0,98.4788
40904049185,0,21.0,51.0,21.0,926.0,582.0,2139.01,98.1191
40904049185,1,21.0,44.0,21.0,935.0,588.0,2139.01,93.8218
40904049185,0,21.0,52.0,21.0,933.0,593.0,2137.36,98.4052
40904049185,1,21.0,53.0,22.0,927.0,594.0,2137.36,105.334
40904049185,0,21.0,52.0,22.0,930.0,589.0,2137.35,97.0745
40904049185,1,21.0,52.0,22.0,944.0,595.0,2137.35,100.036
40904049185,0,21.0,53.0,23.0,923.0,587.0,2137.36,100.962
40904049185,1,21.0,52.0,22.0,928.0,593.0,2137.36,101.119
40904049185,0,21.0,52.0,21.0,927.0,590.0,2139.0,95.072
40904049185,1,21.0,52.0,22.0,934.0,587.0,2139.0,98.0501
40904049185,0,21.0,53.0,22.0,936.0,591.0,2137.34,100.886
40904049185,1,21.0,53.0,21.0,932.0,587.0,2137.34,96.094
40904049185,1,21.0,52.0,22.0,924.0,588.0,2137.35,100.135
40904049185,0,21.0,52.0,22.0,928.0,592.0,2137.35,105.272
40904049185,1,21.0,53.0,21.0,921.0,585.0,2137.35,89.3451
40904049185,0,21.0,53.0,21.0,931.0,590.0,2137.35,96.5594
40904049185,0,21.0,53.0,21.0,931.0,588.0,2137.35,100.221
40904049185,1,21.0,53.0,22.0,926.0,586.0,2137.35,100.962
40904049185,1,21.0,53.0,21.0,923.0,591.0,2137.33,101.777
40904049185,0,21.0,53.0,21.0,930.0,593.0,2137.33,103.413
40904049185,1,21.0,52.0,22.0,925.0,585.0,2137.36,99.7381
40904049185,0,21.0,53.0,21.0,932.0,593.0,2137.36,98.4689
40904049185,1,21.0,53.0,21.0,930.0,591.0,2137.35,96.423
40904049185,0,21.0,53.0,21.0,931.0,592.0,2137.35,95.7321
40904049185,0,21.0,52.0,22.0,933.0,587.0,2137.34,99.2277
40904049185,1,21.0,53.0,21.0,938.0,599.0,2137.34,101.733
40904049185,0,21.0,52.0,22.0,935.0,594.0,2137.36,98.8831
40904049185,1,21.0,53.0,21.0,932.0,589.0,2137.36,93.4579
40904049185,0,21.0,52.0,22.0,919.0,591.0,2137.34,97.4629
40904049185,1,21.0,52.0,21.0,934.0,591.0,2137.34,96.5857
40904049185,0,21.0,52.0,21.0,926.0,593.0,2137.34,98.4058
40904049185,1,21.0,52.0,22.0,927.0,588.0,2137.34,97.6247
40904049185,0,21.0,52.0,22.0,930.0,589.0,2137.34,102.204
40904049185,1,21.0,52.0,22.0,927.0,593.0,2137.34,96.5802
40904049185,1,21.0,49.0,22.0,932.0,589.0,2137.36,95.5978
40904049185,0,21.0,53.0,21.0,929.0,590.0,2137.36,96.6985
40904049185,1,21.0,52.0,21.0,926.0,592.0,2139.0,92.5715
40904049185,0,21.0,53.0,22.0,942.0,591.0,2139.0,95.4625
40904049185,0,21.0,52.0,21.0,928.0,587.0,2137.36,97.3839
40904049185,1,21.0,52.0,22.0,935.0,594.0,2137.36,98.3727
40904049185,1,21.0,52.0,22.0,930.0,590.0,2137.35,98.9522
40904049185,0,21.0,51.0,21.0,927.0,590.0,2137.35,94.6559
40904049185,1,21.0,53.0,21.0,927.0,588.0,2137.35,94.969
40904049185,0,21.0,52.0,22.0,931.0,594.0,2137.35,98.8929
40904049185,1,21.0,52.0,21.0,923.0,589.0,2139.0,99.3404
40904049185,0,21.0,53.0,22.0,927.0,592.0,2139.0,96.6903
40904049185,0,21.0,52.0,21.0,930.0,591.0,2137.35,95.6521
40904049185,1,21.0,53.0,22.0,932.0,588.0,2137.35,96.2697
40904049185,0,21.0,53.0,22.0,934.0,592.0,2137.34,99.8408
40904049185,1,21.0,53.0,21.0,942.0,600.0,2137.34,97.459
40904049185,1,21.0,52.0,21.0,932.0,592.0,2139.0,96.5201
40904049185,0,21.0,53.0,21.0,937.0,595.0,2139.0,95.992
40904049185,0,21.0,53.0,22.0,924.0,588.0,2137.34,100.561
40904049185,1,21.0,52.0,21.0,934.0,596.0,2137.34,100.607
40991914262,0,0.0,0.0,0.0,327.0,1212.0,32542.2,37.5244
40991914262,1,0.0,0.0,0.0,316.0,1188.0,32542.2,37.863
40991914262,0,0.0,0.0,0.0,305.0,1151.0,32542.2,37.2262
40991914262,1,0.0,0.0,0.0,382.0,1408.0,32542.2,37.8266
40991914262,0,0.0,0.0,0.0,333.0,1259.0,32542.2,38.755
40991914262,1,0.0,0.0,0.0,340.0,1273.0,32542.2,37.7375
40991914262,0,0.0,0.0,0.0,608.0,1980.0,32542.2,37.5864
40991914262,1,0.0,0.0,0.0,1616.0,863.0,32542.2,36.9653
40991914262,1,0.0,0.0,0.0,305.0,1119.0,32542.2,36.9929
40991914262,0,0.0,0.0,0.0,343.0,1317.0,32542.2,37.4555
40991914262,1,0.0,0.0,0.0,396.0,1418.0,32542.2,38.8838
40991914262,0,0.0,0.0,0.0,316.0,1192.0,32542.2,39.1499
40991914262,1,0.0,0.0,0.0,373.0,1447.0,32542.2,38.207
40991914262,0,0.0,0.0,0.0,318.0,1184.0,32542.2,37.6857
40991914262,0,0.0,0.0,0.0,315.0,1184.0,32542.3,37.5167
40991914262,1,0.0,0.0,0.0,365.0,1340.0,32542.3,38.2716
41001578894,0,32.0,96.0,32.0,1746.0,1606.0,691227.0,156.666
41001578894,1,32.0,94.0,32.0,345.0,1789.0,691227.0,158.188
41001578894,1,32.0,96.0,32.0,1577.0,80.0,691229.0,162.396
41001578894,0,31.0,96.0,32.0,56.0,1481.0,691229.0,163.267
41001578894,1,32.0,96.0,32.0,858.0,92.0,691229.0,161.898
41001578894,0,32.0,96.0,32.0,605.0,872.0,691229.0,158.918
41001578894,0,32.0,96.0,32.0,695.0,2021.0,691229.0,161.576
41001578894,1,31.0,96.0,32.0,1600.0,2034.0,691229.0,158.184
41001578894,1,32.0,96.0,32.0,583.0,1114.0,691229.0,155.364
41001578894,0,32.0,95.0,32.0,1807.0,153.0,691229.0,167.222
41001578894,0,32.0,96.0,32.0,77.0,1483.0,691229.0,152.669
41001578894,1,32.0,96.0,32.0,903.0,1549.0,691229.0,165.844
41001578894,0,32.0,96.0,32.0,1201.0,1744.0,691229.0,159.051
41001578894,1,32.0,96.0,32.0,1082.0,25.0,691229.0,166.154
41001578894,0,32.0,96.0,32.0,1435.0,1352.0,691229.0,156.654
41001578894,1,32.0,96.0,32.0,1909.0,632.0,691229.0,159.926
41380856430,0,0.0,5.0,0.0,849.0,321.0,897.79,38.6407
41380856430,1,0.0,4.0,0.0,960.0,1099.0,897.79,36.0047
41380856430,1,0.0,5.0,0.0,1610.0,212.0,896.82,37.8941
41380856430,0,0.0,3.0,0.0,501.0,696.0,896.82,37.9749
41380856430,1,0.0,4.0,0.0,103.0,1234.0,897.79,41.5774
41380856430,0,0.0,4.0,0.0,411.0,770.0,897.79,37.8966
41380856430,1,0.0,3.0,0.0,1811.0,1368.0,897.82,36.4737
41380856430,0,0.0,5.0,0.0,1983.0,1917.0,897.82,37.3349
41380856430,1,0.0,7.0,0.0,1045.0,771.0,897.79,38.7678
41380856430,0,0.0,4.0,0.0,504.0,1753.0,897.79,37.7709
41380856430,0,0.0,2.0,0.0,2106.0,897.0,897.8,37.3585
41380856430,1,0.0,3.0,0.0,1989.0,543.0,897.8,36.2853
41380856430,1,0.0,4.0,0.0,1729.0,1379.0,897.81,40.7796
41380856430,0,0.0,4.0,0.0,850.0,1509.0,897.81,37.2268
41380856430,0,0.0,4.0,0.0,1365.0,25.0,897.79,37.1933
41380856430,1,0.0,5.0,0.0,1666.0,1124.0,897.79,39.1677
41415502639,0,0.0,0.0,0.0,84.0,1594.0,63.22,24.7564
41415502639,1,0.0,0.0,0.0,7.0,1595.0,63.22,26.2968
41415502639,0,0.0,0.0,0.0,1485.0,549.0,63.21,24.7126
41415502639,1,0.0,0.0,0.0,1495.0,567.0,63.21,24.4219
41415502639,1,0.0,0.0,0.0,1477.0,546.0,63.19,25.3263
41415502639,0,0.0,0.0,0.0,1457.0,518.0,63.19,26.1967
41415502639,1,0.0,0.0,0.0,1486.0,537.0,63.2,25.7565
41415502639,0,0.0,0.0,0.0,1486.0,538.0,63.2,25.9826
41415502639,1,0.0,0.0,0.0,1200.0,1894.0,63.21,24.4281
41415502639,0,0.0,0.0,0.0,1151.0,1759.0,63.21,24.4549
41415502639,0,0.0,0.0,0.0,1454.0,514.0,63.21,25.921
41415502639,1,0.0,0.0,0.0,1448.0,506.0,63.21,25.1492
41415502639,0,0.0,0.0,0.0,1791.0,692.0,63.2,25.3652
41415502639,1,0.0,0.0,0.0,1744.0,735.0,63.2,26.1258
41415502639,1,0.0,0.0,0.0,1179.0,1886.0,63.21,24.8051
41415502639,0,0.0,0.0,0.0,1129.0,1742.0,63.21,25.0004
41431471457,1,0.0,0.0,0.0,218.0,358.0,8.23,24.8435
41431471457,0,0.0,0.0,0.0,1549.0,1314.0,8.23,25.8093
41431471457,1,0.0,0.0,0.0,727.0,453.0,8.23,27.3886
41431471457,0,0.0,0.0,0.0,484.0,2039.0,8.23,25.6362
41431471457,0,0.0,0.0,0.0,844.0,2019.0,8.25,24.0028
41431471457,1,0.0,0.0,0.0,1898.0,1523.0,8.25,25.7196
41431471457,0,0.0,0.0,0.0,176.0,1090.0,8.27,25.5033
41431471457,1,0.0,0.0,0.0,1912.0,503.0,8.27,25.4528
41431471457,0,0.0,0.0,0.0,209.0,54.0,8.25,25.0478
41431471457,1,0.0,0.0,0.0,244.0,1876.0,8.25,24.7252
41431471457,0,0.0,0.0,0.0,715.0,904.0,8.26,25.6014
41431471457,1,0.0,0.0,0.0,1583.0,2126.0,8.26,26.3945
41431471457,1,0.0,0.0,0.0,1077.0,232.0,8.24,25.0361
41431471457,0,0.0,0.0,0.0,1091.0,1628.0,8.24,25.8969
41431471457,1,0.0,0.0,0.0,2050.0,544.0,8.25,28.2039
41431471457,0,0.0,0.0,0.0,1158.0,670.0,8.25,24.6169
41789252431,0,26.0,97.0,27.0,1081.0,1054.0,280060.0,105.674
41789252431,1,26.0,97.0,26.0,1042.0,1099.0,280060.0,111.361
41789252431,0,26.0,97.0,26.0,1047.0,1137.0,280060.0,106.094
41789252431,1,26.0,97.0,26.0,1098.0,1066.0,280060.0,105.097
41789252431,0,26.0,97.0,27.0,1113.0,1040.0,280060.0,111.016
41789252431,1,26.0,97.0,26.0,1041.0,1047.0,280060.0,102.493
41789252431,1,26.0,97.0,26.0,1084.0,1065.0,280060.0,112.905
41789252431,0,26.0,97.0,27.0,1048.0,1118.0,280060.0,114.267
41789252431,1,26.0,97.0,26.0,1089.0,1021.0,280060.0,110.742
41789252431,0,26.0,97.0,27.0,1120.0,1096.0,280060.0,106.994
41982094904,0,10.0,98.0,10.0,1081.0,1103.0,144730.0,77.9621
41982094904,1,9.0,98.0,10.0,1091.0,1078.0,144730.0,76.9719
41982094904,1,9.0,98.0,9.0,1054.0,1087.0,144729.0,80.0094
41982094904,0,10.0,98.0,10.0,1064.0,1094.0,144729.0,80.7965
41982094904,1,9.0,98.0,10.0,1078.0,1061.0,144730.0,77.4841
41982094904,0,10.0,98.0,11.0,1056.0,1030.0,144730.0,84.9415
41982094904,1,9.0,98.0,10.0,1088.0,1095.0,144730.0,76.7529
41982094904,0,9.0,98.0,10.0,1062.0,1116.0,144730.0,83.6358
41982094904,0,10.0,98.0,10.0,1074.0,1051.0,144731.0,85.0211
41982094904,1,9.0,98.0,10.0,1061.0,1093.0,144731.0,80.4262
41982094904,0,9.0,98.0,10.0,1063.0,1106.0,144730.0,81.0675
41982094904,1,9.0,98.0,9.0,1092.0,1047.0,144730.0,83.9589
41982094904,1,10.0,98.0,10.0,1061.0,1078.0,144730.0,83.9894
41982094904,0,10.0,98.0,10.0,1056.0,1115.0,144730.0,83.382
41982094904,1,9.0,98.0,9.0,1060.0,1086.0,144730.0,75.8478
41982094904,0,10.0,98.0,11.0,1050.0,1058.0,144730.0,78.8776
41982094904,1,9.0,98.0,9.0,1083.0,1070.0,144730.0,79.2941
41982094904,0,10.0,98.0,10.0,1070.0,1106.0,144730.0,82.0514
41982094904,0,9.0,98.0,10.0,1082.0,1096.0,144735.0,80.98
41982094904,1,9.0,97.0,10.0,1084.0,1098.0,144735.0,81.0714
41982094904,1,9.0,98.0,10.0,1096.0,1058.0,144730.0,78.5407
41982094904,0,9.0,98.0,10.0,1077.0,1106.0,144730.0,83.288
41982094904,0,9.0,98.0,10.0,1075.0,1040.0,144731.0,81.7359
41982094904,1,10.0,98.0,10.0,1101.0,1075.0,144731.0,76.7499
41982094904,1,9.0,98.0,10.0,1061.0,1080.0,144731.0,81.3065
41982094904,0,10.0,98.0,11.0,1105.0,1113.0,144731.0,82.3416
41982094904,1,9.0,98.0,10.0,1102.0,1077.0,144730.0,80.4792
41982094904,0,9.0,98.0,10.0,1035.0,1087.0,144730.0,80.3027
41982094904,1,9.0,98.0,10.0,1107.0,1053.0,144730.0,78.5637
41982094904,0,10.0,98.0,10.0,1104.0,1119.0,144730.0,78.669
41982094904,0,10.0,98.0,10.0,1084.0,1047.0,144730.0,78.0863
41982094904,1,9.0,98.0,10.0,1067.0,1077.0,144730.0,79.403
42016003960,1,0.0,0.0,0.0,1439.0,364.0,25.72,42.8548
42016003960,0,0.0,0.0,0.0,1946.0,894.0,25.72,26.9423
42016003960,1,0.0,0.0,0.0,594.0,1981.0,25.72,26.0192
42016003960,0,0.0,0.0,0.0,913.0,506.0,25.72,40.9058
42016003960,0,0.0,0.0,0.0,1569.0,1683.0,25.72,24.164
42016003960,1,0.0,0.0,0.0,299.0,1506.0,25.72,25.9088
42016003960,1,0.0,0.0,0.0,715.0,753.0,25.76,25.9004
42016003960,0,0.0,0.0,0.0,897.0,580.0,25.76,24.5393
42016003960,1,0.0,0.0,0.0,818.0,2051.0,25.72,25.9835
42016003960,0,0.0,0.0,0.0,446.0,1987.0,25.72,25.0066
42016003960,0,0.0,0.0,0.0,1862.0,856.0,25.72,26.3801
42016003960,1,0.0,0.0,0.0,1995.0,1623.0,25.72,26.0172
42016003960,0,0.0,0.0,0.0,637.0,1444.0,25.72,24.8195
42016003960,1,0.0,0.0,0.0,1976.0,840.0,25.72,44.7809
42016003960,0,0.0,0.0,0.0,633.0,596.0,25.73,27.5941
42016003960,1,0.0,0.0,0.0,604.0,569.0,25.73,37.2921
42100812412,1,0.0,2.0,1.0,41.0,122.0,953.64,38.6534
42100812412,0,0.0,1.0,0.0,13.0,82.0,953.64,37.4423
42100812412,0,0.0,1.0,0.0,13.0,88.0,955.63,38.5873
42100812412,1,0.0,2.0,1.0,36.0,120.0,955.63,39.0926
42100812412,1,0.0,1.0,0.0,25.0,99.0,953.62,39.8302
42100812412,0,0.0,0.0,0.0,23.0,89.0,953.62,36.12
42100812412,1,1.0,2.0,1.0,16.0,104.0,955.69,40.7628
42100812412,0,0.0,1.0,0.0,22.0,92.0,955.69,36.6746
42100812412,0,0.0,2.0,0.0,37.0,113.0,955.64,37.1121
42100812412,1,1.0,3.0,1.0,18.0,110.0,955.64,40.0872
42100812412,1,0.0,1.0,0.0,26.0,100.0,953.63,36.7943
42100812412,0,0.0,1.0,0.0,34.0,107.0,953.63,37.577
42100812412,1,0.0,1.0,0.0,24.0,90.0,953.62,36.8784
42100812412,0,0.0,0.0,0.0,33.0,98.0,953.62,36.3453
42100812412,1,0.0,1.0,0.0,21.0,89.0,953.62,36.3202
42100812412,0,0.0,2.0,0.0,33.0,111.0,953.62,39.1386
42100812412,0,0.0,1.0,0.0,18.0,92.0,955.63,35.848
42100812412,1,0.0,2.0,1.0,23.0,106.0,955.63,37.9997
42100812412,0,0.0,1.0,0.0,35.0,109.0,955.64,37.8566
42100812412,1,0.0,2.0,1.0,26.0,109.0,955.64,38.8021
42100812412,1,0.0,1.0,0.0,23.0,95.0,955.64,36.3724
42100812412,0,0.0,1.0,0.0,16.0,84.0,955.64,38.5872
42100812412,0,0.0,1.0,0.0,25.0,94.0,953.66,36.2965
42100812412,1,0.0,1.0,0.0,30.0,102.0,953.66,36.5759
42100812412,0,0.0,1.0,0.0,32.0,105.0,953.63,36.3873
42100812412,1,0.0,1.0,0.0,14.0,85.0,953.63,36.5835
42100812412,0,0.0,2.0,0.0,28.0,107.0,953.64,37.3759
42100812412,1,0.0,2.0,1.0,27.0,107.0,953.64,40.9111
42100812412,1,0.0,2.0,1.0,18.0,105.0,955.63,40.1041
42100812412,0,0.0,2.0,0.0,17.0,98.0,955.63,37.9773
42100812412,1,0.0,1.0,0.0,34.0,101.0,953.63,39.1854
42100812412,0,0.0,0.0,0.0,25.0,90.0,953.63,36.5309
42265517628,1,21.0,55.0,22.0,1088.0,1307.0,70216.8,99.6819
42265517628,0,21.0,55.0,22.0,1129.0,1135.0,70216.8,97.3405
42265517628,1,21.0,33.0,22.0,1066.0,1610.0,70213.9,93.936
42265517628,0,21.0,55.0,21.0,1011.0,580.0,70213.9,93.3497
42265517628,0,21.0,55.0,21.0,1159.0,900.0,70216.8,100.871
42265517628,1,21.0,56.0,21.0,1009.0,757.0,70216.8,102.302
42265517628,1,21.0,55.0,22.0,1079.0,552.0,70216.8,101.427
42265517628,0,21.0,56.0,22.0,1092.0,1743.0,70216.8,105.58
42265517628,1,21.0,55.0,22.0,1016.0,800.0,70216.8,99.1839
42265517628,0,21.0,55.0,22.0,1117.0,1781.0,70216.8,103.097
42265517628,0,21.0,55.0,22.0,1104.0,761.0,70216.9,98.9163
42265517628,1,21.0,55.0,22.0,1151.0,817.0,70216.9,94.7454
42265517628,0,21.0,55.0,21.0,1072.0,716.0,70215.8,94.9879
42265517628,1,21.0,55.0,21.0,1025.0,763.0,70215.8,98.5896
42265517628,1,21.0,55.0,22.0,1138.0,1743.0,70215.8,98.3734
42265517628,0,21.0,55.0,21.0,1133.0,840.0,70215.8,97.6308
42445273812,0,7.0,96.0,8.0,1083.0,1087.0,6355.74,59.0077
42445273812,1,6.0,96.0,7.0,1068.0,1055.0,6355.74,60.3203
42445273812,0,7.0,96.0,8.0,1086.0,1081.0,6355.73,59.8629
42445273812,1,6.0,96.0,7.0,1063.0,1058.0,6355.73,60.3729
42445273812,0,7.0,97.0,8.0,1082.0,1127.0,6355.75,61.7318
42445273812,1,6.0,97.0,7.0,1069.0,1053.0,6355.75,56.437
42445273812,1,6.0,97.0,7.0,1062.0,1063.0,6355.73,57.3147
42445273812,0,7.0,97.0,7.0,1071.0,1119.0,6355.73,59.2511
42445273812,0,7.0,97.0,8.0,1072.0,1046.0,6355.76,61.3329
42445273812,1,6.0,97.0,7.0,1086.0,1098.0,6355.76,58.2138
42445273812,1,6.0,95.0,7.0,1063.0,1046.0,6355.78,54.7697
42445273812,0,7.0,94.0,7.0,1078.0,1126.0,6355.78,60.7147
42445273812,0,7.0,96.0,7.0,1046.0,1109.0,6355.74,58.1245
42445273812,1,6.0,97.0,7.0,1066.0,1060.0,6355.74,57.9694
42445273812,1,6.0,96.0,7.0,1091.0,1086.0,6353.73,55.8558
42445273812,0,7.0,97.0,7.0,1041.0,1120.0,6353.73,57.2942
42466848065,1,5.0,17.0,6.0,1116.0,1868.0,8942.19,51.4066
42466848065,0,4.0,12.0,4.0,1096.0,663.0,8942.19,47.8801
42466848065,1,4.0,14.0,5.0,1051.0,1555.0,8942.2,49.2131
42466848065,0,5.0,16.0,6.0,982.0,1086.0,8942.2,49.7022
42466848065,1,3.0,10.0,3.0,1031.0,1180.0,8942.18,45.5387
42466848065,0,3.0,10.0,3.0,1256.0,835.0,8942.18,44.9362
42466848065,0,5.0,16.0,5.0,1063.0,1256.0,8942.2,52.0624
42466848065,1,2.0,9.0,3.0,928.0,905.0,8942.2,46.479
42466848065,1,5.0,16.0,5.0,1034.0,1160.0,8942.16,48.0961
42466848065,0,4.0,14.0,4.0,1177.0,495.0,8942.16,46.8269
42466848065,1,7.0,21.0,7.0,1100.0,433.0,8942.17,51.77
42466848065,0,4.0,13.0,4.0,1086.0,1937.0,8942.17,48.4451
42466848065,1,5.0,16.0,5.0,1019.0,496.0,8942.18,48.7863
42466848065,0,4.0,14.0,5.0,1100.0,958.0,8942.18,49.2545
42466848065,0,2.0,9.0,3.0,1240.0,1728.0,8942.16,45.301
42466848065,1,6.0,18.0,6.0,960.0,1460.0,8942.16,50.1995
42546686995,1,0.0,0.0,0.0,211.0,815.0,469.9,23.8464
42546686995,0,0.0,0.0,0.0,2104.0,31.0,469.9,25.6044
42546686995,1,0.0,0.0,0.0,1861.0,744.0,469.89,25.8666
42546686995,0,0.0,0.0,0.0,1456.0,1387.0,469.89,24.7997
42546686995,0,0.0,0.0,0.0,766.0,466.0,469.88,24.5027
42546686995,1,0.0,0.0,0.0,590.0,645.0,469.88,25.8491
42546686995,1,0.0,0.0,0.0,6.0,1624.0,469.89,41.9883
42546686995,0,0.0,0.0,0.0,1691.0,631.0,469.89,26.0571
42546686995,0,0.0,0.0,0.0,325.0,1884.0,469.9,24.9846
42546686995,1,0.0,0.0,0.0,702.0,1956.0,469.9,25.9552
42546686995,0,0.0,0.0,0.0,1444.0,1574.0,469.9,24.1393
42546686995,1,0.0,0.0,0.0,174.0,1399.0,469.9,25.8914
42546686995,1,0.0,0.0,0.0,445.0,521.0,469.9,42.8542
42546686995,0,0.0,0.0,0.0,250.0,2043.0,469.9,26.6579
42546686995,0,0.0,0.0,0.0,513.0,1337.0,469.89,24.7661
42546686995,1,0.0,0.0,0.0,1865.0,750.0,469.89,44.674
42559961124,1,0.0,0.0,0.0,1988.0,450.0,1140.1,37.1175
42559961124,0,0.0,1.0,0.0,1383.0,166.0,1140.1,36.9677
42559961124,0,0.0,1.0,0.0,1959.0,2038.0,1140.1,37.3053
42559961124,1,0.0,1.0,0.0,2036.0,701.0,1140.1,38.0547
42559961124,1,0.0,1.0,0.0,71.0,1674.0,1140.13,37.6253
42559961124,0,0.0,0.0,0.0,1060.0,1313.0,1140.13,37.2279
42559961124,0,0.0,1.0,0.0,1201.0,241.0,1140.11,38.4954
42559961124,1,0.0,1.0,0.0,453.0,226.0,1140.11,37.3714
42559961124,0,0.0,1.0,0.0,1628.0,46.0,1140.12,37.1692
42559961124,1,0.0,1.0,0.0,354.0,1056.0,1140.12,38.314
42559961124,0,0.0,1.0,0.0,1781.0,1075.0,1140.08,38.1248
42559961124,1,0.0,0.0,0.0,1178.0,347.0,1140.08,36.7819
42559961124,1,0.0,1.0,0.0,1269.0,1089.0,1140.1,37.4484
42559961124,0,0.0,1.0,0.0,1086.0,1088.0,1140.1,38.1419
42559961124,1,0.0,1.0,0.0,1799.0,120.0,1140.12,37.005
42559961124,0,0.0,1.0,0.0,1253.0,1719.0,1140.12,36.8638
42766964257,0,10.0,98.0,11.0,1081.0,1096.0,101967.0,88.2734
42766964257,1,10.0,98.0,10.0,1049.0,1038.0,101967.0,85.2688
42766964257,1,9.0,98.0,10.0,1053.0,1055.0,101967.0,85.7643
42766964257,0,10.0,98.0,11.0,1054.0,1043.0,101967.0,85.3543
42766964257,0,10.0,98.0,11.0,1075.0,1064.0,101967.0,79.4373
42766964257,1,10.0,98.0,11.0,1093.0,1092.0,101967.0,83.9191
42766964257,0,10.0,98.0,11.0,1077.0,1098.0,101967.0,86.8127
42766964257,1,9.0,98.0,10.0,1073.0,1055.0,101967.0,81.8974
42766964257,0,10.0,98.0,11.0,1071.0,1061.0,101967.0,84.0116
42766964257,1,10.0,98.0,10.0,1065.0,1107.0,101967.0,87.7564
42766964257,1,10.0,98.0,10.0,1090.0,1094.0,101967.0,88.2487
42766964257,0,10.0,98.0,11.0,1075.0,1114.0,101967.0,87.4548
42766964257,1,9.0,98.0,10.0,1068.0,1083.0,101967.0,81.9093
42766964257,0,10.0,98.0,11.0,1072.0,1030.0,101967.0,88.4371
42766964257,1,10.0,98.0,10.0,1052.0,1111.0,101967.0,81.5687
42766964257,0,11.0,98.0,11.0,1083.0,1106.0,101967.0,84.6353
42841838075,0,0.0,2.0,0.0,1661.0,1647.0,2632.1,37.2775
42841838075,1,0.0,4.0,0.0,1770.0,549.0,2632.1,36.8325
42841838075,1,0.0,4.0,0.0,359.0,882.0,2632.11,43.7418
42841838075,0,0.0,2.0,0.0,965.0,1677.0,2632.11,40.4592
42841838075,1,0.0,3.0,0.0,376.0,1115.0,2632.09,41.7642
42841838075,0,0.0,3.0,0.0,274.0,2008.0,2632.09,39.1621
42841838075,1,0.0,2.0,0.0,2123.0,1567.0,2632.09,39.4555
42841838075,0,0.0,2.0,0.0,985.0,550.0,2632.09,39.3867
42841838075,1,0.0,3.0,0.0,48.0,908.0,2632.1,40.4462
42841838075,0,0.0,3.0,0.0,2046.0,897.0,2632.1,39.907
42841838075,1,0.0,3.0,0.0,1723.0,710.0,2632.1,39.5771
42841838075,0,0.0,3.0,0.0,446.0,1385.0,2632.1,40.8908
42841838075,1,0.0,2.0,0.0,917.0,1680.0,2632.08,39.857
42841838075,0,0.0,3.0,0.0,1600.0,1518.0,2632.08,40.2641
42841838075,0,0.0,2.0,0.0,780.0,472.0,2632.1,38.4389
42841838075,1,0.0,3.0,0.0,2052.0,325.0,2632.1,40.0537
42864274845,0,0.0,0.0,0.0,212.0,838.0,424.19,36.7823
42864274845,1,0.0,0.0,0.0,538.0,523.0,424.19,37.9397
42864274845,0,0.0,0.0,0.0,467.0,1575.0,424.19,37.5012
42864274845,1,60.0,85.0,61.0,993.0,1120.0,424.19,112.335
42864274845,1,0.0,0.0,0.0,288.0,573.0,424.17,37.4817
42864274845,0,0.0,0.0,0.0,219.0,182.0,424.17,37.7075
42864274845,1,0.0,0.0,0.0,30.0,961.0,425.83,36.743
42864274845,0,0.0,0.0,0.0,1005.0,246.0,425.83,35.4767
42864274845,1,0.0,0.0,0.0,1674.0,1113.0,424.19,37.4065
42864274845,0,0.0,0.0,0.0,2040.0,1120.0,424.19,38.5506
42864274845,1,0.0,0.0,0.0,937.0,1768.0,424.2,39.3928
42864274845,0,0.0,0.0,0.0,986.0,700.0,424.2,37.6937
42864274845,1,0.0,0.0,0.0,1182.0,760.0,425.85,37.2771
42864274845,0,0.0,0.0,0.0,106.0,1526.0,425.85,37.4744
42864274845,1,0.0,0.0,0.0,1554.0,1624.0,425.83,37.5854
42864274845,0,0.0,0.0,0.0,1678.0,936.0,425.83,37.1805
42923358731,1,1.0,4.0,1.0,68.0,805.0,668.98,38.7774
42923358731,0,1.0,4.0,1.0,789.0,1614.0,668.98,38.1249
42923358731,0,1.0,6.0,1.0,1679.0,896.0,668.98,37.7965
42923358731,1,2.0,7.0,2.0,571.0,597.0,668.98,39.8194
42923358731,1,2.0,6.0,2.0,1984.0,482.0,668.97,37.5715
42923358731,0,1.0,4.0,1.0,2034.0,1409.0,668.97,39.3296
42923358731,1,1.0,4.0,1.0,1771.0,1072.0,668.98,39.1051
42923358731,0,2.0,7.0,2.0,1808.0,204.0,668.98,40.0453
42923358731,1,2.0,6.0,2.0,131.0,1346.0,668.98,37.3854
42923358731,0,3.0,8.0,3.0,1696.0,230.0,668.98,39.1028
42923358731,1,2.0,6.0,2.0,1156.0,1683.0,668.97,37.5857
42923358731,0,2.0,6.0,2.0,380.0,1175.0,668.97,39.5624
42923358731,0,2.0,6.0,2.0,775.0,1446.0,668.98,39.8911
42923358731,1,2.0,6.0,2.0,1139.0,712.0,668.98,34.3751
42923358731,1,3.0,9.0,3.0,696.0,1512.0,668.97,39.7192
42923358731,0,2.0,6.0,2.0,477.0,2038.0,668.97,41.6559
42947757826,0,0.0,0.0,0.0,1664.0,1538.0,45108.6,37.3962
42947757826,1,0.0,0.0,0.0,1419.0,1887.0,45108.6,37.506
42947757826,1,0.0,0.0,0.0,905.0,34.0,45108.6,35.6256
42947757826,0,0.0,0.0,0.0,289.0,1678.0,45108.6,37.5212
42947757826,1,0.0,0.0,0.0,1656.0,1366.0,45108.6,36.2438
42947757826,0,0.0,0.0,0.0,1160.0,884.0,45108.6,37.2436
42947757826,1,0.0,0.0,0.0,1261.0,100.0,45108.6,37.6493
42947757826,0,0.0,0.0,0.0,1304.0,113.0,45108.6,36.8092
42947757826,1,0.0,0.0,0.0,1453.0,1497.0,45108.6,36.7596
42947757826,0,0.0,0.0,0.0,480.0,1716.0,45108.6,37.3743
42947757826,1,0.0,0.0,0.0,319.0,729.0,45108.6,39.3897
42947757826,0,0.0,0.0,0.0,1546.0,163.0,45108.6,36.3233
42947757826,0,0.0,0.0,0.0,2044.0,1604.0,45108.6,37.3484
42947757826,1,0.0,0.0,0.0,2122.0,661.0,45108.6,36.0073
42947757826,1,0.0,0.0,0.0,1098.0,1436.0,45110.6,37.3499
42947757826,0,0.0,0.0,0.0,945.0,1410.0,45110.6,36.5733
42947757826,0,0.0,0.0,0.0,1297.0,1860.0,45108.7,36.8085
42947757826,1,0.0,0.0,0.0,110.0,685.0,45108.7,36.0922
42947757826,0,0.0,0.0,0.0,1766.0,592.0,45108.6,37.3314
42947757826,1,0.0,0.0,0.0,754.0,411.0,45108.6,36.1166
42947757826,0,0.0,0.0,0.0,346.0,334.0,45108.6,36.994
42947757826,1,0.0,0.0,0.0,605.0,1171.0,45108.6,36.8238
42947757826,1,0.0,0.0,0.0,946.0,445.0,45108.6,38.5492
42947757826,0,0.0,0.0,0.0,142.0,294.0,45108.6,35.8515
42947757826,1,0.0,0.0,0.0,1800.0,1958.0,45108.6,38.2615
42947757826,0,0.0,0.0,0.0,1936.0,1985.0,45108.6,37.4361
42947757826,0,0.0,0.0,0.0,2122.0,263.0,45110.7,36.424
42947757826,1,0.0,0.0,0.0,396.0,2098.0,45110.7,36.8113
42947757826,1,0.0,0.0,0.0,920.0,1799.0,45108.6,36.9543
42947757826,0,0.0,0.0,0.0,597.0,1738.0,45108.6,36.0046
42947757826,0,0.0,0.0,0.0,62.0,2035.0,45108.6,38.7056
42947757826,1,0.0,0.0,0.0,1246.0,104.0,45108.6,36.8737
43085856501,1,32.0,96.0,32.0,187.0,880.0,691212.0,155.337
43085856501,0,32.0,96.0,32.0,199.0,903.0,691212.0,167.793
43085856501,0,32.0,95.0,32.0,194.0,848.0,691212.0,156.577
43085856501,1,32.0,96.0,32.0,198.0,901.0,691212.0,157.871
43085856501,1,31.0,95.0,32.0,178.0,897.0,691212.0,165.181
43085856501,0,31.0,95.0,32.0,197.0,879.0,691212.0,158.333
43085856501,0,32.0,95.0,32.0,579.0,792.0,691212.0,164.833
43085856501,1,32.0,95.0,32.0,239.0,905.0,691212.0,156.109
43085856501,1,32.0,94.0,32.0,572.0,723.0,691210.0,157.282
43085856501,0,31.0,95.0,32.0,143.0,818.0,691210.0,161.017
43085856501,0,32.0,96.0,32.0,174.0,851.0,691212.0,156.883
43085856501,1,32.0,96.0,32.0,154.0,881.0,691212.0,159.985
43085856501,1,32.0,96.0,32.0,139.0,838.0,691212.0,160.301
43085856501,0,32.0,96.0,32.0,168.0,850.0,691212.0,158.112
43085856501,1,32.0,95.0,32.0,206.0,896.0,691212.0,166.089
43085856501,0,32.0,96.0,32.0,187.0,859.0,691212.0,152.895
43887447835,1,0.0,0.0,0.0,1.0,3.0,65.9,26.7733
43887447835,0,0.0,0.0,0.0,1.0,3.0,65.9,27.6387
43887447835,0,0.0,0.0,0.0,1.0,3.0,65.9,27.8891
43887447835,1,0.0,0.0,0.0,1.0,3.0,65.9,28.3551
43887447835,0,0.0,0.0,0.0,1.0,2.0,65.88,26.6089
43887447835,1,0.0,0.0,0.0,1.0,3.0,65.88,28.282
43887447835,1,0.0,0.0,0.0,1.0,2.0,65.9,29.4406
43887447835,0,0.0,0.0,0.0,0.0,2.0,65.9,30.1297
43887447835,1,0.0,0.0,0.0,1.0,3.0,65.93,27.2702
43887447835,0,0.0,0.0,0.0,1.0,3.0,65.93,28.2719
43887447835,1,0.0,0.0,0.0,0.0,2.0,65.89,27.5606
43887447835,0,0.0,0.0,0.0,0.0,2.0,65.89,31.091
43887447835,1,0.0,0.0,0.0,1.0,3.0,65.9,26.7242
43887447835,0,0.0,1.0,0.0,1.0,2.0,65.9,29.1228
43887447835,1,0.0,0.0,0.0,1.0,3.0,65.89,27.7555
43887447835,0,0.0,0.0,0.0,1.0,3.0,65.89,29.2604
43954562502,0,3.0,9.0,3.0,1238.0,1700.0,234423.0,45.2167
43954562502,1,3.0,9.0,3.0,1340.0,1694.0,234423.0,46.1023
43954562502,1,1.0,4.0,1.0,942.0,1974.0,234423.0,42.346
43954562502,0,1.0,5.0,1.0,1181.0,505.0,234423.0,43.4428
43954562502,1,3.0,9.0,3.0,1342.0,1460.0,234423.0,46.6886
43954562502,0,1.0,4.0,1.0,1630.0,2084.0,234423.0,43.8208
43954562502,1,3.0,10.0,3.0,919.0,1066.0,234423.0,46.8453
43954562502,0,1.0,3.0,1.0,1058.0,1943.0,234423.0,40.357
43954562502,0,3.0,10.0,3.0,1007.0,457.0,234423.0,45.1266
43954562502,1,4.0,13.0,4.0,1074.0,290.0,234423.0,47.9731
43954562502,0,0.0,2.0,0.0,810.0,136.0,234423.0,39.3637
43954562502,1,0.0,2.0,0.0,1557.0,1999.0,234423.0,39.082
43954562502,0,2.0,8.0,2.0,898.0,476.0,234423.0,45.2606
43954562502,1,3.0,9.0,3.0,958.0,318.0,234423.0,47.4602
43954562502,1,4.0,12.0,4.0,1120.0,976.0,234423.0,47.0362
43954562502,0,2.0,9.0,3.0,1231.0,973.0,234423.0,41.2039
43954562502,1,2.0,7.0,2.0,1271.0,817.0,234423.0,43.012
43954562502,0,1.0,4.0,1.0,1408.0,1019.0,234423.0,42.2538
43954562502,1,1.0,5.0,1.0,1372.0,1242.0,234423.0,40.011
43954562502,0,3.0,8.0,3.0,1145.0,804.0,234423.0,44.7597
43954562502,1,1.0,4.0,1.0,490.0,1735.0,234423.0,41.4134
43954562502,0,1.0,5.0,1.0,871.0,1028.0,234423.0,41.3202
43954562502,1,1.0,5.0,1.0,1420.0,1930.0,234423.0,38.8098
43954562502,0,1.0,5.0,1.0,902.0,1868.0,234423.0,40.5681
43954562502,0,2.0,7.0,2.0,1075.0,317.0,234423.0,41.8809
43954562502,1,3.0,10.0,3.0,995.0,787.0,234423.0,45.6709
43954562502,1,0.0,2.0,0.0,726.0,642.0,234423.0,37.7322
43954562502,0,1.0,4.0,1.0,1296.0,1059.0,234423.0,42.1997
43954562502,1,2.0,6.0,2.0,638.0,97.0,234423.0,44.7289
43954562502,0,2.0,7.0,2.0,668.0,263.0,234423.0,43.6463
43954562502,0,1.0,4.0,1.0,548.0,140.0,234423.0,39.38
43954562502,1,1.0,5.0,1.0,1535.0,979.0,234423.0,40.2748
44025638449,1,8.0,32.0,8.0,1045.0,1030.0,19048.6,63.6829
44025638449,0,8.0,32.0,8.0,1031.0,1030.0,19048.6,66.9948
44025638449,1,8.0,32.0,8.0,1088.0,1033.0,19050.3,68.0767
44025638449,0,8.0,32.0,8.0,1146.0,1033.0,19050.3,68.6841
44025638449,1,8.0,32.0,8.0,1045.0,1030.0,19048.6,68.0414
44025638449,0,8.0,32.0,9.0,1024.0,1027.0,19048.6,68.1167
44025638449,1,8.0,32.0,8.0,1148.0,1071.0,19048.6,65.7013
44025638449,0,8.0,32.0,8.0,1017.0,1077.0,19048.6,70.7975
44025638449,1,8.0,32.0,8.0,1085.0,1020.0,19050.3,69.3496
44025638449,0,8.0,32.0,9.0,1064.0,1022.0,19050.3,70.1622
44025638449,1,8.0,32.0,8.0,1152.0,1021.0,19048.6,69.4505
44025638449,0,8.0,32.0,8.0,1062.0,1022.0,19048.6,68.3682
44025638449,0,8.0,32.0,8.0,1049.0,1032.0,19048.7,66.5567
44025638449,1,8.0,32.0,8.0,1021.0,1028.0,19048.7,65.6849
44025638449,0,8.0,32.0,8.0,1010.0,1074.0,19050.3,65.8501
44025638449,1,8.0,32.0,8.0,1153.0,1071.0,19050.3,70.0227
44025638449,1,8.0,32.0,8.0,1043.0,1030.0,19048.6,66.3143
44025638449,0,8.0,32.0,8.0,1023.0,1029.0,19048.6,67.8846
44025638449,0,8.0,32.0,7.0,1084.0,1035.0,19048.6,66.872
44025638449,1,8.0,32.0,8.0,1166.0,1034.0,19048.6,66.6769
44025638449,1,8.0,33.0,8.0,1019.0,1076.0,19048.6,64.8068
44025638449,0,8.0,32.0,9.0,1076.0,1073.0,19048.6,68.1973
44025638449,1,8.0,32.0,8.0,1133.0,1030.0,19048.7,65.5438
44025638449,0,8.0,32.0,8.0,1066.0,1033.0,19048.7,67.6068
44025638449,1,8.0,32.0,8.0,1021.0,1024.0,19048.6,65.3424
44025638449,0,8.0,32.0,8.0,1011.0,1022.0,19048.6,65.6088
44025638449,1,8.0,32.0,8.0,1029.0,1026.0,19050.3,66.5089
44025638449,0,8.0,32.0,8.0,1175.0,1035.0,19050.3,69.0285
44025638449,0,8.0,32.0,8.0,1068.0,1020.0,19048.6,66.3046
44025638449,1,8.0,32.0,9.0,1014.0,1023.0,19048.6,64.6598
44025638449,0,8.0,32.0,8.0,1077.0,1033.0,19048.6,63.9153
44025638449,1,8.0,32.0,8.0,1049.0,1028.0,19048.6,66.0138
44025638449,0,8.0,32.0,8.0,1198.0,1027.0,19048.6,69.3861
44025638449,1,8.0,32.0,8.0,1062.0,1072.0,19048.6,66.9138
44025638449,1,8.0,32.0,8.0,1017.0,1074.0,19048.6,64.8562
44025638449,0,8.0,32.0,8.0,1012.0,1075.0,19048.6,67.0516
44025638449,1,8.0,32.0,8.0,1025.0,1027.0,19048.6,73.6369
44025638449,0,8.0,32.0,8.0,1182.0,1031.0,19048.6,65.8462
44025638449,1,8.0,32.0,8.0,1028.0,1027.0,19048.6,67.9639
44025638449,0,8.0,32.0,8.0,1112.0,1022.0,19048.6,71.3682
44025638449,0,8.0,31.0,8.0,1030.0,1025.0,19048.7,68.5848
44025638449,1,8.0,32.0,8.0,1017.0,1024.0,19048.7,68.5787
44025638449,0,8.0,32.0,8.0,1057.0,1033.0,19050.3,67.1126
44025638449,1,8.0,32.0,8.0,1081.0,1032.0,19050.3,67.7917
44025638449,1,8.0,32.0,7.0,1151.0,1071.0,19048.6,65.4732
44025638449,0,8.0,32.0,8.0,1064.0,1075.0,19048.6,68.8236
44025638449,1,8.0,33.0,8.0,1150.0,1073.0,19048.6,72.3235
44025638449,0,8.0,32.0,8.0,1153.0,1073.0,19048.6,68.5895
44025638449,0,8.0,31.0,8.0,1035.0,1030.0,19048.6,65.8078
44025638449,1,8.0,32.0,8.0,1063.0,1023.0,19048.6,67.4321
44025638449,0,8.0,33.0,8.0,1024.0,1028.0,19048.6,70.5527
44025638449,1,8.0,33.0,8.0,1047.0,1031.0,19048.6,65.8367
44025638449,1,8.0,32.0,8.0,1012.0,1075.0,19048.6,67.8492
44025638449,0,8.0,32.0,8.0,1062.0,1075.0,19048.6,71.0039
44025638449,0,8.0,32.0,8.0,1164.0,1033.0,19048.6,65.8447
44025638449,1,8.0,32.0,8.0,1036.0,1029.0,19048.6,68.4907
44025638449,1,8.0,32.0,8.0,1163.0,1030.0,19048.7,65.1895
44025638449,0,8.0,31.0,8.0,1044.0,1032.0,19048.7,66.7395
44025638449,1,8.0,32.0,8.0,1062.0,1073.0,19048.6,69.7939
44025638449,0,8.0,32.0,8.0,1059.0,1074.0,19048.6,65.4992
44025638449,1,8.0,33.0,8.0,1070.0,1033.0,19048.6,69.5764
44025638449,0,8.0,32.0,9.0,1041.0,1031.0,19048.6,69.7229
44025638449,1,8.0,32.0,8.0,1017.0,1022.0,19048.6,68.2129
44025638449,0,8.0,32.0,8.0,1028.0,1026.0,19048.6,67.0617
44072724837,1,1.0,8.0,1.0,530.0,102.0,8610.11,41.3005
44072724837,0,0.0,5.0,0.0,325.0,64.0,8610.11,42.1539
44072724837,0,0.0,3.0,0.0,234.0,47.0,8610.1,40.4396
44072724837,1,0.0,7.0,0.0,466.0,90.0,8610.1,41.2811
44072724837,1,0.0,6.0,0.0,415.0,81.0,8610.1,42.9069
44072724837,0,0.0,5.0,0.0,358.0,70.0,8610.1,41.8329
44072724837,0,0.0,5.0,1.0,361.0,71.0,8610.1,42.801
44072724837,1,0.0,6.0,0.0,401.0,78.0,8610.1,39.8499
44072724837,0,0.0,4.0,0.0,315.0,62.0,8610.12,40.3729
44072724837,1,0.0,7.0,0.0,455.0,88.0,8610.12,40.1578
44072724837,1,0.0,5.0,1.0,368.0,72.0,8610.1,41.0484
44072724837,0,0.0,6.0,1.0,415.0,81.0,8610.1,41.7349
44072724837,0,0.0,3.0,0.0,254.0,51.0,8610.12,42.3778
44072724837,1,0.0,3.0,0.0,257.0,52.0,8610.12,41.9446
44072724837,0,0.0,5.0,0.0,391.0,76.0,8610.1,42.7505
44072724837,1,0.0,3.0,0.0,245.0,50.0,8610.1,40.8963
44169245285,0,1.0,5.0,1.0,1078.0,943.0,63364.9,39.6392
44169245285,1,1.0,6.0,2.0,1288.0,1247.0,63364.9,38.3904
44169245285,1,3.0,10.0,3.0,1028.0,1816.0,63364.9,42.8055
44169245285,0,1.0,6.0,2.0,1074.0,1175.0,63364.9,39.3491
44169245285,0,1.0,6.0,2.0,714.0,1405.0,63364.9,40.3414
44169245285,1,0.0,0.0,2.0,1371.0,1281.0,63364.9,39.4496
44169245285,0,3.0,12.0,4.0,1162.0,733.0,63364.9,43.7642
44169245285,1,7.0,22.0,7.0,1043.0,678.0,63364.9,49.5835
44169245285,0,7.0,23.0,7.0,1120.0,1034.0,63364.9,44.5339
44169245285,1,0.0,0.0,8.0,1070.0,1665.0,63364.9,45.101
44169245285,0,3.0,11.0,3.0,942.0,341.0,63364.9,43.6337
44169245285,1,3.0,10.0,3.0,1206.0,871.0,63364.9,41.2226
44169245285,1,5.0,18.0,6.0,1100.0,736.0,63364.9,43.0782
44169245285,0,3.0,9.0,3.0,1017.0,847.0,63364.9,40.6757
44169245285,0,3.0,10.0,3.0,1107.0,1268.0,63364.9,40.8531
44169245285,1,3.0,10.0,3.0,1166.0,1928.0,63364.9,39.6493
44169245285,0,4.0,13.0,4.0,1184.0,1531.0,63364.9,43.2829
44169245285,1,0.0,0.0,4.0,998.0,571.0,63364.9,41.2185
44169245285,1,3.0,11.0,3.0,1184.0,1611.0,63364.9,40.5892
44169245285,0,1.0,6.0,1.0,731.0,1750.0,63364.9,39.5808
44169245285,0,3.0,11.0,3.0,924.0,665.0,63364.9,40.701
44169245285,1,3.0,12.0,3.0,987.0,1570.0,63364.9,40.2465
44169245285,1,7.0,22.0,8.0,1074.0,1235.0,63365.0,45.9692
44169245285,0,5.0,16.0,5.0,1159.0,571.0,63365.0,43.6568
44169245285,0,3.0,11.0,3.0,1198.0,1768.0,63364.9,41.9833
44169245285,1,5.0,17.0,6.0,1046.0,514.0,63364.9,49.0845
44169245285,1,4.0,14.0,4.0,1185.0,926.0,63364.9,41.5555
44169245285,0,2.0,9.0,3.0,1058.0,477.0,63364.9,40.2715
44169245285,0,2.0,7.0,2.0,922.0,1404.0,63364.9,38.8492
44169245285,1,2.0,7.0,2.0,1017.0,544.0,63364.9,39.4307
44169245285,1,5.0,16.0,5.0,1090.0,1617.0,63364.9,41.7302
44169245285,0,5.0,15.0,5.0,1019.0,1628.0,63364.9,45.5017
44236280604,1,0.0,0.0,0.0,1981.0,1744.0,195.65,28.8477
44236280604,0,0.0,0.0,0.0,1600.0,1147.0,195.65,28.9767
44236280604,0,0.0,0.0,0.0,1191.0,1341.0,190.02,27.6963
44236280604,1,0.0,0.0,0.0,1004.0,433.0,190.02,25.7656
44236280604,1,0.0,0.0,0.0,540.0,708.0,195.66,29.1182
44236280604,0,0.0,0.0,0.0,1531.0,692.0,195.66,32.9509
44236280604,0,0.0,0.0,0.0,440.0,1826.0,195.71,34.5361
44236280604,1,0.0,0.0,0.0,1597.0,1081.0,195.71,30.9003
44236280604,0,0.0,0.0,0.0,399.0,1832.0,195.69,31.0181
44236280604,1,0.0,0.0,0.0,2063.0,2028.0,195.69,28.3726
44236280604,0,0.0,0.0,0.0,1841.0,790.0,193.68,33.1009
44236280604,1,0.0,0.0,0.0,1401.0,791.0,193.68,32.1823
44236280604,1,0.0,0.0,0.0,204.0,1681.0,193.67,30.0256
44236280604,0,0.0,0.0,0.0,1550.0,1842.0,193.67,31.4403
44236280604,0,0.0,0.0,0.0,1613.0,1528.0,193.67,32.7159
44236280604,1,0.0,0.0,0.0,1146.0,1491.0,193.67,31.2664
44543366954,1,0.0,0.0,0.0,365.0,1509.0,5.24,26.1638
44543366954,0,0.0,0.0,0.0,552.0,1345.0,5.24,27.7416
44543366954,0,0.0,0.0,0.0,1032.0,1474.0,5.24,26.3826
44543366954,1,0.0,0.0,0.0,1414.0,1626.0,5.24,27.204
44543366954,0,0.0,0.0,0.0,978.0,97.0,5.23,24.4206
44543366954,1,0.0,0.0,0.0,1886.0,311.0,5.23,25.4714
44543366954,1,0.0,0.0,0.0,1389.0,1333.0,5.23,25.0162
44543366954,0,0.0,0.0,0.0,372.0,2021.0,5.23,26.2846
44543366954,1,0.0,0.0,0.0,1666.0,371.0,5.25,25.3263
44543366954,0,0.0,0.0,0.0,1139.0,1893.0,5.25,26.4664
44543366954,1,0.0,0.0,0.0,905.0,1788.0,5.24,26.4182
44543366954,0,0.0,0.0,0.0,2020.0,407.0,5.24,29.048
44543366954,1,0.0,0.0,0.0,1595.0,628.0,6.91,25.8063
44543366954,0,0.0,0.0,0.0,1954.0,408.0,6.91,27.4599
44543366954,1,0.0,0.0,0.0,587.0,435.0,5.23,24.5794
44543366954,0,0.0,0.0,0.0,791.0,386.0,5.23,26.7394
44559041694,0,1.0,5.0,1.0,2050.0,1684.0,190.04,36.9423
44559041694,1,3.0,10.0,3.0,1075.0,719.0,190.04,40.8601
44559041694,1,1.0,6.0,1.0,1915.0,755.0,190.03,40.4253
44559041694,0,3.0,9.0,3.0,691.0,408.0,190.03,41.7134
44559041694,1,4.0,12.0,4.0,955.0,1649.0,190.06,40.5762
44559041694,0,2.0,8.0,2.0,575.0,538.0,190.06,39.0875
44559041694,0,4.0,12.0,4.0,479.0,861.0,190.05,43.211
44559041694,1,3.0,9.0,3.0,2014.0,1595.0,190.05,40.2846
44559041694,0,3.0,9.0,3.0,860.0,1672.0,190.03,42.2407
44559041694,1,2.0,9.0,2.0,1432.0,547.0,190.03,38.6192
44559041694,0,1.0,6.0,2.0,1224.0,1670.0,190.03,39.0132
44559041694,1,1.0,6.0,2.0,1060.0,785.0,190.03,38.1855
44559041694,0,2.0,8.0,2.0,1922.0,212.0,190.04,40.0606
44559041694,1,3.0,10.0,3.0,696.0,1735.0,190.04,39.4006
44559041694,0,2.0,7.0,2.0,1801.0,1999.0,190.02,38.8185
44559041694,1,3.0,9.0,3.0,1304.0,723.0,190.02,39.0699
44627964529,1,9.0,98.0,10.0,1045.0,1127.0,570216.0,65.18
44627964529,0,9.0,98.0,10.0,1099.0,1139.0,570216.0,65.9397
44627964529,1,9.0,98.0,10.0,1025.0,1152.0,570216.0,63.9982
44627964529,0,9.0,98.0,10.0,1110.0,1183.0,570216.0,65.9379
44627964529,1,10.0,98.0,11.0,1033.0,1075.0,570216.0,76.0888
44627964529,0,9.0,98.0,10.0,1125.0,1195.0,570216.0,70.1407
44627964529,0,9.0,98.0,10.0,1059.0,1030.0,570216.0,67.0605
44627964529,1,9.0,98.0,10.0,1133.0,943.0,570216.0,71.2257
44627964529,1,9.0,98.0,10.0,1015.0,1109.0,570216.0,64.3629
44627964529,0,9.0,98.0,10.0,1149.0,1171.0,570216.0,68.674
44731908621,1,0.0,0.0,0.0,395.0,1756.0,414.13,32.865
44731908621,0,0.0,0.0,0.0,196.0,2037.0,414.13,33.3999
44731908621,0,0.0,1.0,0.0,396.0,1153.0,414.12,35.2957
44731908621,1,0.0,1.0,0.0,92.0,1629.0,414.12,34.0819
44731908621,1,0.0,1.0,0.0,44.0,709.0,414.11,30.7428
44731908621,0,0.0,0.0,0.0,1400.0,644.0,414.11,35.8598
44731908621,1,0.0,1.0,0.0,1797.0,1559.0,414.12,34.0328
44731908621,0,0.0,1.0,0.0,1353.0,1702.0,414.12,31.2209
44731908621,1,0.0,1.0,0.0,1833.0,1258.0,414.11,32.5324
44731908621,0,0.0,2.0,0.0,584.0,806.0,414.11,33.4818
44731908621,1,0.0,1.0,0.0,1114.0,2066.0,414.12,27.088
44731908621,0,0.0,1.0,0.0,2091.0,505.0,414.12,32.9273
44731908621,0,0.0,1.0,0.0,32.0,1487.0,414.16,33.9358
44731908621,1,0.0,1.0,0.0,1004.0,891.0,414.16,30.5401
44731908621,1,0.0,0.0,0.0,2035.0,449.0,414.12,32.4643
44731908621,0,0.0,1.0,0.0,1538.0,1639.0,414.12,31.2989
44786230739,1,0.0,0.0,0.0,1461.0,1604.0,955.15,35.9469
44786230739,0,0.0,0.0,0.0,1911.0,1353.0,955.15,37.3509
44786230739,0,0.0,0.0,0.0,1175.0,1803.0,951.14,37.3613
44786230739,1,0.0,0.0,0.0,1996.0,1579.0,951.14,37.3098
44786230739,0,0.0,0.0,0.0,407.0,740.0,955.14,36.564
44786230739,1,0.0,0.0,0.0,686.0,29.0,955.14,36.5189
44786230739,0,0.0,0.0,0.0,1152.0,858.0,954.12,37.184
44786230739,0,0.0,0.0,0.0,255.0,1956.0,955.13,37.1195
44786230739,1,0.0,0.0,0.0,682.0,1541.0,955.13,37.6274
44786230739,0,0.0,0.0,0.0,1397.0,577.0,954.17,35.7154
44786230739,1,0.0,0.0,0.0,7.0,649.0,954.12,33.7121
44786230739,1,0.0,0.0,0.0,1777.0,1207.0,954.17,38.5088
44786230739,1,0.0,0.0,0.0,1378.0,1933.0,955.16,36.958
44786230739,0,0.0,0.0,0.0,2070.0,1370.0,955.16,37.3782
44786230739,0,0.0,0.0,0.0,1457.0,1371.0,955.12,36.5249
44786230739,1,0.0,0.0,0.0,1335.0,1309.0,955.12,37.1
44820860175,0,15.0,19.0,15.0,1777.0,1408.0,508.07,72.065
44820860175,0,9.0,12.0,9.0,810.0,496.0,512.73,62.9851
44820860175,1,7.0,9.0,6.0,1684.0,228.0,512.73,57.8556
44820860175,0,13.0,17.0,13.0,1238.0,880.0,512.77,68.9023
44820860175,0,15.0,19.0,15.0,1676.0,2117.0,512.72,75.6837
44820860175,1,8.0,10.0,8.0,765.0,1573.0,508.07,58.5157
44820860175,1,15.0,19.0,15.0,1702.0,388.0,510.73,76.5552
44820860175,0,11.0,15.0,12.0,1309.0,402.0,510.73,66.4987
44820860175,1,15.0,19.0,15.0,908.0,1311.0,508.07,73.9789
44820860175,0,7.0,9.0,7.0,51.0,1410.0,508.07,57.1229
44820860175,1,2.0,4.0,3.0,298.0,927.0,508.07,45.4132
44820860175,0,15.0,19.0,15.0,1900.0,1388.0,508.07,76.7299
44820860175,1,7.0,9.0,6.0,1952.0,859.0,510.72,56.0726
44820860175,0,2.0,3.0,2.0,787.0,893.0,510.72,45.1972
44820860175,1,9.0,12.0,9.0,785.0,240.0,510.72,57.4744
44820860175,1,10.0,13.0,10.0,1540.0,862.0,512.77,62.2559
44820860175,0,2.0,3.0,2.0,1702.0,807.0,510.73,47.9702
44820860175,1,10.0,13.0,10.0,983.0,181.0,510.73,66.7619
44820860175,0,15.0,20.0,16.0,994.0,119.0,508.09,72.4129
44820860175,1,3.0,4.0,3.0,1611.0,1551.0,508.09,46.9627
44820860175,0,6.0,9.0,6.0,619.0,606.0,510.73,56.024
44820860175,1,7.0,9.0,7.0,928.0,499.0,510.73,57.8516
44820860175,0,5.0,7.0,6.0,448.0,1436.0,512.75,52.8703
44820860175,1,15.0,19.0,15.0,977.0,44.0,512.75,72.8619
44820860175,1,8.0,11.0,8.0,225.0,68.0,512.72,59.2843
44820860175,0,4.0,5.0,4.0,1137.0,112.0,510.72,50.7951
44820860175,0,2.0,4.0,3.0,856.0,634.0,510.73,45.6834
44820860175,1,5.0,7.0,6.0,1873.0,1279.0,510.73,52.8793
44820860175,1,11.0,15.0,10.0,1615.0,1340.0,510.74,64.8083
44820860175,0,5.0,7.0,5.0,2029.0,436.0,510.74,51.6086
44820860175,0,15.0,19.0,15.0,1381.0,241.0,508.09,75.8552
44820860175,1,5.0,7.0,5.0,1928.0,1886.0,508.09,53.5581
44997286319,1,0.0,0.0,0.0,44.0,42.0,25.88,27.1424
44997286319,1,0.0,0.0,0.0,44.0,41.0,25.88,29.3598
44997286319,0,0.0,0.0,0.0,1.0,10.0,25.89,26.4526
44997286319,1,0.0,0.0,0.0,3.0,12.0,25.89,25.9385
44997286319,1,0.0,0.0,0.0,1.0,10.0,25.87,25.7062
44997286319,0,0.0,0.0,0.0,3.0,12.0,25.87,25.9456
44997286319,0,0.0,0.0,0.0,2.0,11.0,25.87,27.94
44997286319,0,0.0,0.0,0.0,50.0,49.0,25.88,26.3398
44997286319,0,0.0,0.0,0.0,28.0,27.0,25.88,25.7423
44997286319,1,0.0,0.0,0.0,17.0,22.0,25.88,28.1686
44997286319,0,0.0,0.0,0.0,48.0,47.0,25.9,25.7488
44997286319,1,0.0,0.0,0.0,48.0,47.0,25.9,24.9256
44997286319,1,0.0,0.0,0.0,2.0,11.0,25.87,25.8026
44997286319,0,0.0,0.0,0.0,47.0,46.0,25.88,27.6956
44997286319,1,0.0,0.0,0.0,45.0,44.0,25.93,26.2042
44997286319,0,0.0,0.0,0.0,50.0,49.0,25.93,25.3878
45286797721,1,0.0,0.0,5.0,1007.0,1203.0,9545.35,47.7518
45286797721,0,5.0,15.0,5.0,1041.0,632.0,9545.35,47.274
45286797721,0,7.0,23.0,7.0,1122.0,1406.0,9545.35,46.3339
45286797721,1,7.0,24.0,8.0,1104.0,922.0,9545.35,44.0713
45286797721,0,3.0,11.0,3.0,951.0,621.0,9545.34,41.5458
45286797721,1,3.0,12.0,3.0,1005.0,1092.0,9545.34,42.3997
45286797721,0,4.0,13.0,4.0,1100.0,315.0,9545.34,42.7141
45286797721,1,0.0,0.0,4.0,1068.0,544.0,9545.34,42.1879
45286797721,0,3.0,9.0,3.0,922.0,911.0,9545.34,44.0733
45286797721,1,5.0,18.0,6.0,882.0,1106.0,9545.34,43.0554
45286797721,1,3.0,10.0,3.0,1228.0,1452.0,9545.32,42.721
45286797721,0,3.0,11.0,3.0,1031.0,788.0,9545.32,43.7333
45286797721,0,1.0,6.0,2.0,1002.0,384.0,9545.35,40.5009
45286797721,1,1.0,6.0,2.0,1080.0,247.0,9545.35,40.8393
45286797721,0,4.0,12.0,4.0,1008.0,1055.0,9545.34,41.6416
45286797721,1,7.0,23.0,8.0,1021.0,428.0,9545.34,45.2496
45286797721,1,1.0,6.0,2.0,1296.0,1548.0,9545.35,42.7216
45286797721,0,1.0,5.0,1.0,1029.0,2008.0,9545.35,42.9984
45286797721,0,2.0,7.0,2.0,1078.0,956.0,9545.35,41.4439
45286797721,1,0.0,0.0,2.0,848.0,1294.0,9545.35,42.4796
45286797721,0,3.0,11.0,3.0,1035.0,1428.0,9545.34,40.3599
45286797721,1,5.0,18.0,6.0,1175.0,1791.0,9545.34,46.4075
45286797721,0,1.0,6.0,1.0,1430.0,1051.0,9545.35,41.4002
45286797721,1,3.0,11.0,3.0,1043.0,1653.0,9545.35,43.0527
45286797721,0,2.0,9.0,3.0,912.0,1438.0,9545.34,41.7126
45286797721,1,4.0,14.0,4.0,1001.0,547.0,9545.34,43.4309
45286797721,1,7.0,22.0,7.0,1014.0,646.0,9545.34,46.1411
45286797721,0,5.0,16.0,5.0,1179.0,1298.0,9545.34,44.2194
45286797721,0,1.0,6.0,2.0,978.0,850.0,9545.33,41.6162
45286797721,1,3.0,10.0,3.0,1135.0,1456.0,9545.33,40.8146
45286797721,1,3.0,10.0,3.0,1056.0,1945.0,9545.32,42.1391
45286797721,0,3.0,10.0,3.0,1126.0,677.0,9545.32,42.1369
45592278767,0,0.0,0.0,0.0,1611.0,770.0,437.22,25.876
45592278767,1,0.0,0.0,0.0,981.0,1513.0,437.22,25.9064
45592278767,1,0.0,0.0,0.0,481.0,1450.0,437.21,24.6703
45592278767,0,0.0,0.0,0.0,606.0,1031.0,437.21,25.9159
45592278767,0,0.0,0.0,0.0,1159.0,903.0,437.22,25.5505
45592278767,1,0.0,0.0,0.0,498.0,67.0,437.22,25.3424
45592278767,0,0.0,0.0,0.0,102.0,1310.0,437.2,25.1576
45592278767,1,0.0,0.0,0.0,1010.0,1417.0,437.2,26.1865
45592278767,1,0.0,0.0,0.0,2140.0,407.0,437.26,26.6554
45592278767,0,0.0,0.0,0.0,1964.0,578.0,437.26,25.3116
45592278767,1,0.0,0.0,0.0,308.0,836.0,437.23,25.2662
45592278767,0,0.0,0.0,0.0,1637.0,778.0,437.23,26.8428
45592278767,1,0.0,0.0,0.0,1319.0,2072.0,437.21,24.531
45592278767,0,0.0,0.0,0.0,855.0,657.0,437.21,26.618
45592278767,1,0.0,0.0,0.0,274.0,1540.0,437.21,27.1694
45592278767,0,0.0,0.0,0.0,25.0,178.0,437.21,26.4781
45796172223,1,2.0,4.0,2.0,66.0,103.0,1504.84,43.0415
45796172223,0,2.0,4.0,2.0,62.0,98.0,1504.84,43.5631
45796172223,0,2.0,4.0,2.0,64.0,100.0,1504.85,42.6964
45796172223,1,2.0,4.0,2.0,70.0,107.0,1504.85,40.5604
45796172223,1,2.0,4.0,2.0,61.0,97.0,1504.86,42.5565
45796172223,0,2.0,4.0,2.0,67.0,103.0,1504.86,42.5486
45796172223,0,2.0,4.0,2.0,66.0,102.0,1504.83,44.6912
45796172223,1,2.0,4.0,2.0,60.0,96.0,1504.83,43.9366
45796172223,1,31.0,88.0,32.0,584.0,394.0,1504.87,127.751
45796172223,0,2.0,4.0,2.0,339.0,104.0,1504.87,44.4758
45796172223,0,2.0,4.0,2.0,61.0,98.0,1504.84,42.4831
45796172223,1,2.0,4.0,2.0,69.0,105.0,1504.84,43.4006
45796172223,1,2.0,4.0,2.0,69.0,105.0,1504.87,42.1999
45796172223,0,2.0,4.0,2.0,68.0,104.0,1504.87,41.6873
45796172223,0,2.0,4.0,2.0,65.0,102.0,1504.85,42.5753
45796172223,1,2.0,4.0,2.0,63.0,99.0,1504.85,42.5282
45850116403,0,2.0,9.0,2.0,999.0,1604.0,202437.0,42.2679
45850116403,1,6.0,18.0,6.0,1074.0,420.0,202437.0,49.8573
45850116403,1,3.0,9.0,3.0,973.0,1607.0,202437.0,44.5835
45850116403,0,3.0,9.0,3.0,895.0,715.0,202437.0,45.2797
45850116403,0,4.0,12.0,4.0,1090.0,885.0,202437.0,45.3725
45850116403,1,7.0,20.0,7.0,1007.0,425.0,202437.0,49.0798
45850116403,1,4.0,15.0,5.0,978.0,1705.0,202437.0,47.022
45850116403,0,4.0,13.0,4.0,1103.0,339.0,202437.0,50.8406
45850116403,1,5.0,17.0,6.0,1192.0,300.0,202437.0,49.4906
45850116403,0,4.0,12.0,4.0,1074.0,1790.0,202437.0,45.5023
45850116403,0,4.0,14.0,4.0,1044.0,1823.0,202437.0,45.1573
45850116403,1,5.0,16.0,5.0,1198.0,1263.0,202437.0,47.7245
45850116403,1,2.0,9.0,2.0,999.0,982.0,202437.0,42.4801
45850116403,0,5.0,16.0,5.0,1065.0,573.0,202437.0,46.9867
45850116403,1,4.0,14.0,4.0,1196.0,558.0,202437.0,46.5886
45850116403,0,5.0,16.0,5.0,908.0,534.0,202437.0,47.6546
45903411706,1,0.0,0.0,0.0,190.0,837.0,1120.92,25.132
45903411706,0,0.0,0.0,0.0,2123.0,270.0,1120.92,24.3125
45903411706,1,0.0,0.0,0.0,634.0,1055.0,1120.91,25.075
45903411706,0,0.0,0.0,0.0,641.0,1060.0,1120.91,26.176
45903411706,1,0.0,0.0,0.0,1009.0,1762.0,1120.9,27.4032
45903411706,0,0.0,0.0,0.0,899.0,1413.0,1120.9,26.3992
45903411706,1,0.0,0.0,0.0,1226.0,650.0,1120.92,24.9468
45903411706,0,0.0,0.0,0.0,879.0,1109.0,1120.92,27.2993
45903411706,0,0.0,0.0,0.0,1314.0,40.0,1120.9,26.3934
45903411706,1,0.0,0.0,0.0,2078.0,783.0,1120.9,26.1601
45903411706,0,0.0,0.0,0.0,1490.0,1200.0,1120.9,25.3585
45903411706,1,0.0,0.0,0.0,487.0,1331.0,1120.9,26.8774
45903411706,1,0.0,0.0,0.0,673.0,225.0,1120.92,24.9066
45903411706,0,0.0,0.0,0.0,1492.0,334.0,1120.92,25.656
45903411706,0,0.0,0.0,0.0,892.0,460.0,1120.91,25.4871
45903411706,1,0.0,0.0,0.0,1464.0,942.0,1120.91,24.8554
45913881574,1,0.0,0.0,0.0,4.0,14.0,231.11,29.1842
45913881574,0,0.0,0.0,0.0,3.0,14.0,231.11,29.4199
45913881574,0,0.0,0.0,0.0,3.0,13.0,231.07,31.3731
45913881574,1,0.0,0.0,0.0,4.0,14.0,231.07,31.1694
45913881574,1,0.0,0.0,0.0,4.0,15.0,231.05,29.6851
45913881574,0,0.0,0.0,0.0,2.0,13.0,231.05,31.7684
45913881574,0,0.0,0.0,0.0,4.0,15.0,231.1,30.0192
45913881574,1,0.0,0.0,0.0,2.0,12.0,231.1,25.3591
45913881574,1,0.0,0.0,0.0,2.0,13.0,231.06,30.6049
45913881574,0,0.0,0.0,0.0,3.0,13.0,231.06,32.3028
45913881574,1,0.0,0.0,0.0,3.0,13.0,231.07,29.1026
45913881574,0,0.0,0.0,0.0,4.0,14.0,231.07,29.9393
45913881574,0,0.0,0.0,0.0,2.0,13.0,231.07,25.4768
45913881574,1,0.0,0.0,0.0,2.0,13.0,231.07,27.0355
45913881574,0,0.0,0.0,0.0,4.0,14.0,231.06,36.9369
45913881574,1,0.0,0.0,0.0,2.0,12.0,231.06,33.0345
45913881574,0,0.0,0.0,0.0,6.0,16.0,231.1,32.7745
45913881574,1,0.0,0.0,0.0,4.0,14.0,231.1,31.5215
45913881574,1,0.0,0.0,0.0,4.0,14.0,231.07,30.418
45913881574,0,0.0,0.0,0.0,2.0,13.0,231.07,29.4555
45913881574,0,0.0,0.0,0.0,1.0,12.0,231.06,31.2107
45913881574,1,0.0,0.0,0.0,3.0,14.0,231.06,29.1762
45913881574,1,0.0,0.0,0.0,3.0,14.0,231.06,29.258
45913881574,0,0.0,0.0,0.0,4.0,14.0,231.06,32.883
45913881574,0,0.0,0.0,0.0,6.0,16.0,231.06,32.3231
45913881574,1,0.0,0.0,0.0,5.0,15.0,231.06,30.1778
45913881574,0,0.0,0.0,0.0,2.0,13.0,231.06,31.0862
45913881574,1,0.0,0.0,0.0,2.0,12.0,231.06,29.6082
45913881574,0,0.0,0.0,0.0,4.0,15.0,231.06,33.0554
45913881574,1,0.0,0.0,0.0,2.0,12.0,231.06,32.938
45913881574,1,0.0,0.0,0.0,3.0,13.0,231.05,30.2439
45913881574,0,0.0,0.0,0.0,2.0,12.0,231.05,35.0972
45935703414,1,0.0,2.0,4.0,1401.0,49.0,436.54,48.3639
45935703414,0,0.0,2.0,2.0,989.0,447.0,436.54,41.9839
45935703414,1,0.0,1.0,4.0,787.0,51.0,436.55,43.2929
45935703414,0,1.0,3.0,4.0,533.0,1026.0,436.55,46.1853
45935703414,1,0.0,2.0,5.0,1165.0,588.0,436.54,46.0114
45935703414,0,0.0,2.0,4.0,1164.0,927.0,436.54,48.7834
45935703414,1,0.0,1.0,3.0,1626.0,979.0,436.52,42.7973
45935703414,0,0.0,1.0,3.0,1679.0,1551.0,436.52,46.3455
45935703414,1,1.0,3.0,3.0,1641.0,1279.0,436.53,43.9849
45935703414,0,0.0,2.0,4.0,1803.0,752.0,436.53,46.798
45935703414,1,0.0,2.0,6.0,245.0,526.0,436.54,49.5861
45935703414,0,0.0,1.0,3.0,350.0,1816.0,436.54,45.0329
45935703414,0,0.0,2.0,4.0,1612.0,1134.0,436.53,46.5878
45935703414,1,0.0,2.0,4.0,1699.0,382.0,436.53,47.4139
45935703414,0,0.0,2.0,5.0,1932.0,1800.0,436.53,45.3548
45935703414,1,0.0,1.0,4.0,219.0,712.0,436.53,43.2196
45953914789,0,0.0,1.0,0.0,1244.0,643.0,98817.9,38.041
45953914789,1,0.0,1.0,0.0,1276.0,651.0,98817.9,39.6929
45953914789,0,0.0,3.0,0.0,1623.0,1108.0,98817.9,41.6218
45953914789,1,0.0,5.0,0.0,1179.0,1420.0,98817.9,43.4817
45953914789,1,0.0,1.0,0.0,1439.0,677.0,98817.9,40.0061
45953914789,0,0.0,2.0,0.0,2061.0,791.0,98817.9,40.0614
45953914789,0,0.0,2.0,0.0,932.0,808.0,98817.9,39.6415
45953914789,1,0.0,5.0,0.0,632.0,1322.0,98817.9,41.5238
45953914789,0,0.0,4.0,0.0,132.0,1222.0,98817.9,43.3408
45953914789,1,0.0,6.0,0.0,575.0,1613.0,98817.9,44.8184
45953914789,0,0.0,2.0,0.0,1754.0,738.0,98817.9,40.753
45953914789,1,0.0,2.0,0.0,331.0,872.0,98817.9,40.2601
45953914789,1,0.0,3.0,0.0,1265.0,1041.0,98817.9,40.1419
45953914789,0,0.0,2.0,0.0,1989.0,781.0,98817.9,40.3124
45953914789,1,0.0,7.0,0.0,279.0,1651.0,98817.9,43.0195
45953914789,0,0.0,6.0,0.0,1385.0,1458.0,98817.9,43.3098
45953914789,0,0.0,4.0,0.0,750.0,1210.0,98819.9,44.7898
45953914789,1,0.0,4.0,0.0,438.0,1284.0,98819.9,42.5986
45953914789,0,0.0,2.0,0.0,486.0,900.0,98817.9,41.5129
45953914789,1,0.0,2.0,0.0,186.0,845.0,98817.9,41.0431
45953914789,0,0.0,2.0,0.0,86.0,822.0,98817.9,39.3067
45953914789,1,0.0,2.0,0.0,2005.0,779.0,98817.9,39.3621
45953914789,0,0.0,4.0,0.0,1738.0,1128.0,98817.9,42.2414
45953914789,1,0.0,2.0,0.0,413.0,885.0,98817.9,44.176
45953914789,1,0.0,5.0,0.0,1017.0,1392.0,98817.9,43.0316
45953914789,0,0.0,1.0,0.0,1804.0,746.0,98817.9,39.9544
45953914789,0,0.0,5.0,0.0,566.0,1307.0,98817.9,44.2217
45953914789,1,0.0,5.0,0.0,204.0,1241.0,98817.9,42.3118
45953914789,1,0.0,3.0,0.0,811.0,960.0,98817.9,41.0446
45953914789,0,0.0,2.0,0.0,437.0,890.0,98817.9,39.9113
46384609308,1,34.0,44.0,34.0,1136.0,1218.0,1302.08,116.852
46384609308,0,34.0,44.0,34.0,1127.0,1197.0,1302.08,119.164
46384609308,1,34.0,44.0,35.0,1130.0,1239.0,1299.08,117.243
46384609308,0,34.0,44.0,34.0,1131.0,1224.0,1299.08,116.702
46384609308,0,34.0,44.0,34.0,1139.0,1232.0,1301.08,122.691
46384609308,1,34.0,44.0,35.0,1128.0,1248.0,1301.08,120.348
46384609308,0,34.0,44.0,33.0,1146.0,1231.0,1302.08,118.749
46384609308,1,34.0,44.0,35.0,1124.0,1216.0,1302.08,117.719
46384609308,1,34.0,44.0,33.0,1161.0,1242.0,1302.1,122.688
46384609308,0,34.0,44.0,33.0,1145.0,1222.0,1302.1,121.891
46384609308,1,34.0,44.0,35.0,1142.0,1241.0,1302.08,119.499
46384609308,0,34.0,44.0,34.0,1134.0,1196.0,1302.08,122.065
46384609308,1,34.0,44.0,34.0,1160.0,1240.0,1302.09,124.009
46384609308,0,34.0,44.0,34.0,1110.0,1220.0,1302.09,121.138
46384609308,1,34.0,44.0,35.0,1138.0,1217.0,1302.07,122.676
46384609308,0,33.0,44.0,34.0,1118.0,1209.0,1302.07,118.381
46440609352,0,1.0,7.0,1.0,1026.0,1450.0,400.99,48.636
46440609352,1,1.0,7.0,2.0,1936.0,2032.0,400.99,43.4243
46440609352,0,1.0,8.0,1.0,1442.0,1916.0,401.02,43.6569
46440609352,1,1.0,8.0,2.0,1776.0,1944.0,401.02,43.4533
46440609352,1,1.0,8.0,2.0,1153.0,598.0,401.01,42.7549
46440609352,0,1.0,8.0,1.0,544.0,122.0,401.01,43.8143
46440609352,0,1.0,8.0,1.0,1314.0,2084.0,401.0,44.9595
46440609352,1,1.0,8.0,1.0,979.0,505.0,401.0,46.6849
46440609352,0,1.0,8.0,1.0,720.0,1149.0,400.0,42.7532
46440609352,1,1.0,8.0,1.0,562.0,1567.0,400.0,48.1678
46440609352,0,1.0,8.0,1.0,682.0,1578.0,401.02,45.1871
46440609352,1,1.0,8.0,1.0,96.0,135.0,401.02,46.8002
46440609352,0,1.0,7.0,2.0,972.0,160.0,401.0,44.9377
46440609352,1,1.0,7.0,2.0,1738.0,1336.0,401.0,47.2509
46440609352,1,1.0,8.0,1.0,1651.0,1312.0,399.02,46.4692
46440609352,0,1.0,8.0,1.0,890.0,384.0,399.02,45.1507
46572652874,1,0.0,0.0,0.0,543.0,483.0,44.85,24.8731
46572652874,0,0.0,0.0,0.0,545.0,485.0,44.85,24.8533
46572652874,1,0.0,0.0,0.0,1634.0,310.0,44.84,25.056
46572652874,0,0.0,0.0,0.0,809.0,2098.0,44.84,24.5858
46572652874,1,0.0,0.0,0.0,538.0,473.0,44.84,27.0015
46572652874,0,0.0,0.0,0.0,566.0,512.0,44.84,24.3612
46572652874,0,0.0,0.0,0.0,879.0,832.0,44.86,26.482
46572652874,1,0.0,0.0,0.0,1592.0,1362.0,44.86,25.5145
46572652874,0,0.0,0.0,0.0,544.0,481.0,44.84,27.5955
46572652874,1,0.0,0.0,0.0,583.0,534.0,44.84,25.1856
46572652874,1,0.0,0.0,0.0,18.0,1243.0,44.84,23.9238
46572652874,0,0.0,0.0,0.0,1455.0,1216.0,44.84,25.6908
46791843242,1,10.0,98.0,10.0,1075.0,1083.0,18469.7,87.083
46791843242,0,10.0,98.0,11.0,1036.0,1053.0,18469.7,84.433
46791843242,1,9.0,97.0,10.0,1091.0,1041.0,18469.7,88.0897
46791843242,0,10.0,98.0,11.0,1072.0,1110.0,18469.7,85.5931
46791843242,0,10.0,98.0,11.0,1086.0,1058.0,18469.7,86.4048
46791843242,1,9.0,98.0,10.0,1098.0,1052.0,18469.7,85.6029
46791843242,1,10.0,98.0,10.0,1108.0,1044.0,18469.7,84.6043
46791843242,0,10.0,98.0,11.0,1072.0,1026.0,18469.7,89.3387
46791843242,1,9.0,98.0,10.0,1085.0,1040.0,18466.7,81.5632
46791843242,0,11.0,98.0,12.0,1072.0,1111.0,18466.7,87.0808
46791843242,1,9.0,98.0,10.0,1108.0,1042.0,18466.7,82.1647
46791843242,0,10.0,98.0,11.0,1071.0,1113.0,18466.7,79.8695
46791843242,0,10.0,98.0,11.0,1092.0,1102.0,18469.7,84.4626
46791843242,1,9.0,98.0,10.0,1045.0,1059.0,18469.7,80.3566
46791843242,1,9.0,98.0,10.0,1079.0,1070.0,18469.7,83.4447
46791843242,0,10.0,98.0,11.0,1043.0,1096.0,18469.7,87.6318
47132268402,1,3.0,11.0,2.0,1408.0,710.0,1605.67,47.2197
47132268402,0,3.0,10.0,3.0,427.0,461.0,1605.67,49.3742
47132268402,1,3.0,11.0,3.0,1166.0,1517.0,1604.65,49.1396
47132268402,0,3.0,11.0,3.0,1318.0,589.0,1604.65,48.6005
47132268402,1,3.0,11.0,3.0,1587.0,803.0,1605.65,45.8169
47132268402,0,3.0,11.0,3.0,971.0,326.0,1605.65,46.673
47132268402,0,3.0,9.0,2.0,1395.0,364.0,1605.62,46.4898
47132268402,1,3.0,9.0,2.0,1021.0,1540.0,1605.62,48.9411
47132268402,1,3.0,9.0,3.0,777.0,705.0,1607.65,47.4718
47132268402,0,3.0,9.0,3.0,1449.0,1654.0,1607.65,47.6101
47132268402,0,3.0,10.0,2.0,1115.0,1783.0,1605.65,46.2293
47132268402,1,3.0,10.0,2.0,526.0,341.0,1605.65,48.6766
47132268402,0,3.0,10.0,3.0,1148.0,1354.0,1605.64,45.7804
47132268402,1,3.0,11.0,3.0,993.0,1772.0,1605.64,47.7547
47132268402,0,3.0,10.0,3.0,413.0,1174.0,1607.64,46.9384
47132268402,1,3.0,10.0,3.0,984.0,1048.0,1607.64,46.5087
47283106372,1,10.0,27.0,11.0,1008.0,1273.0,19013.7,61.4259
47283106372,0,10.0,27.0,11.0,1294.0,562.0,19013.7,65.7988
47283106372,0,10.0,27.0,11.0,1368.0,1771.0,19013.7,66.5637
47283106372,1,10.0,27.0,11.0,1316.0,1020.0,19013.7,64.0141
47283106372,0,10.0,27.0,10.0,1336.0,1693.0,19016.1,63.6567
47283106372,1,10.0,26.0,11.0,1283.0,1250.0,19016.1,68.6402
47283106372,0,10.0,27.0,10.0,1385.0,762.0,19013.7,64.8322
47283106372,1,10.0,27.0,10.0,778.0,1397.0,19013.7,63.0908
47283106372,1,10.0,26.0,11.0,766.0,730.0,19016.1,66.8981
47283106372,0,10.0,26.0,11.0,1383.0,1328.0,19016.1,70.954
47283106372,0,10.0,27.0,11.0,966.0,462.0,19013.7,67.8974
47283106372,1,10.0,27.0,10.0,921.0,369.0,19013.7,64.1175
47283106372,0,10.0,27.0,11.0,976.0,663.0,19013.7,70.8057
47283106372,1,10.0,27.0,11.0,918.0,880.0,19013.7,66.2615
47283106372,1,10.0,27.0,10.0,823.0,754.0,19016.1,67.1152
47283106372,0,10.0,27.0,10.0,787.0,746.0,19016.1,66.3122
47283106372,1,10.0,27.0,11.0,1252.0,753.0,19013.7,65.3197
47283106372,0,10.0,27.0,10.0,870.0,433.0,19013.7,65.9937
47283106372,0,10.0,27.0,11.0,998.0,1769.0,19016.1,62.8734
47283106372,1,10.0,27.0,10.0,854.0,1790.0,19016.1,67.3832
47283106372,1,10.0,27.0,10.0,1372.0,1537.0,19016.1,67.8834
47283106372,0,10.0,26.0,10.0,1374.0,1737.0,19016.1,63.1775
47283106372,1,10.0,26.0,11.0,1365.0,1605.0,19013.7,65.0438
47283106372,0,10.0,25.0,11.0,865.0,335.0,19013.7,67.0822
47283106372,0,10.0,26.0,10.0,1010.0,581.0,19016.1,63.8848
47283106372,1,10.0,24.0,10.0,928.0,1494.0,19016.1,66.5936
47283106372,1,10.0,27.0,10.0,1252.0,1332.0,19013.7,65.7115
47283106372,0,10.0,27.0,11.0,760.0,1025.0,19013.7,70.5527
47283106372,0,10.0,27.0,10.0,979.0,538.0,19016.1,67.7833
47283106372,1,10.0,27.0,10.0,1213.0,1564.0,19016.1,66.5039
47283106372,0,10.0,27.0,10.0,1039.0,1335.0,19013.7,68.1524
47283106372,1,10.0,27.0,10.0,1025.0,474.0,19013.7,68.4639
47283106372,0,10.0,27.0,11.0,1393.0,1115.0,19013.7,67.971
47283106372,1,10.0,27.0,10.0,915.0,380.0,19013.7,66.1702
47283106372,0,10.0,27.0,10.0,1014.0,1224.0,19016.3,65.216
47283106372,1,10.0,27.0,10.0,1196.0,1096.0,19016.3,70.0477
47283106372,1,10.0,27.0,10.0,849.0,1017.0,19016.1,66.5883
47283106372,0,10.0,27.0,11.0,1201.0,1527.0,19016.1,64.1245
47283106372,0,10.0,27.0,10.0,816.0,914.0,19016.1,65.4534
47283106372,0,10.0,27.0,10.0,915.0,376.0,19013.7,68.4407
47283106372,1,10.0,27.0,11.0,919.0,315.0,19013.7,66.4421
47283106372,0,10.0,27.0,10.0,906.0,922.0,19013.7,63.1824
47283106372,0,10.0,27.0,10.0,1078.0,1279.0,19016.1,66.8935
47283106372,1,10.0,27.0,11.0,1031.0,1321.0,19016.1,68.7434
47283106372,1,10.0,27.0,10.0,1115.0,1373.0,19016.1,64.2472
47283106372,0,10.0,27.0,11.0,1148.0,1742.0,19016.1,66.4214
47283106372,1,10.0,27.0,11.0,1188.0,1390.0,19013.7,67.8898
47283106372,0,10.0,27.0,11.0,1208.0,1724.0,19013.7,71.2235
47283106372,1,10.0,27.0,11.0,1271.0,515.0,19013.7,65.5767
47283106372,0,10.0,27.0,11.0,1096.0,832.0,19013.7,66.2124
47283106372,1,10.0,27.0,10.0,1092.0,337.0,19016.1,65.6673
47283106372,1,10.0,27.0,10.0,1275.0,1574.0,19013.7,65.082
47283106372,1,10.0,27.0,11.0,1325.0,846.0,19013.7,63.9164
47283106372,0,10.0,27.0,10.0,782.0,1399.0,19016.1,64.4143
47283106372,0,10.0,27.0,11.0,882.0,378.0,19016.1,64.6875
47283106372,1,10.0,27.0,10.0,1046.0,1793.0,19016.1,66.0107
47283106372,1,10.0,27.0,10.0,984.0,1058.0,19013.7,69.148
47283106372,0,10.0,27.0,10.0,1109.0,729.0,19013.7,65.7951
47283106372,1,10.0,27.0,11.0,945.0,1727.0,19016.1,65.9877
47283106372,0,10.0,27.0,11.0,856.0,483.0,19013.7,67.6905
47283106372,0,10.0,27.0,10.0,1246.0,1068.0,19013.7,69.6909
47283106372,1,10.0,27.0,10.0,1263.0,343.0,19013.7,70.983
47283106372,0,10.0,27.0,11.0,901.0,1017.0,19013.7,69.8858
47283106372,1,10.0,27.0,11.0,1292.0,1199.0,19013.7,63.4807
47406411312,0,0.0,0.0,0.0,191.0,1713.0,32.84,26.5667
47406411312,1,0.0,0.0,0.0,1483.0,618.0,32.85,25.4787
47406411312,0,0.0,0.0,0.0,816.0,991.0,32.85,42.7413
47406411312,1,0.0,0.0,0.0,834.0,508.0,32.85,24.7074
47406411312,0,0.0,0.0,0.0,1846.0,834.0,38.85,25.5209
47406411312,1,0.0,0.0,0.0,866.0,871.0,38.85,25.7715
47406411312,0,0.0,0.0,0.0,1906.0,1694.0,32.85,24.8067
47406411312,1,0.0,0.0,0.0,348.0,176.0,32.84,26.2482
47406411312,1,0.0,0.0,0.0,361.0,295.0,38.85,26.9523
47406411312,0,0.0,0.0,0.0,2057.0,1803.0,38.85,25.2704
47406411312,1,0.0,0.0,0.0,592.0,1440.0,32.87,25.6433
47406411312,0,0.0,0.0,0.0,58.0,1903.0,32.87,26.6074
47406411312,0,0.0,0.0,0.0,1896.0,1082.0,38.84,28.0524
47406411312,1,0.0,0.0,0.0,1683.0,2054.0,38.84,24.6158
47406411312,0,0.0,0.0,0.0,1368.0,1838.0,38.85,25.8121
47406411312,1,0.0,0.0,0.0,1971.0,1113.0,38.85,27.084
47430712639,1,0.0,0.0,0.0,0.0,0.0,5.47,0.0
47430712639,1,0.0,0.0,0.0,11.0,75.0,5.47,25.837
47430712639,1,0.0,0.0,0.0,1624.0,301.0,5.45,25.0385
47430712639,0,0.0,0.0,0.0,798.0,2088.0,5.45,24.5744
47430712639,1,0.0,0.0,0.0,0.0,0.0,5.46,0.0
47430712639,0,0.0,0.0,0.0,0.0,0.0,5.46,0.0
47430712639,0,0.0,0.0,0.0,535.0,476.0,5.51,24.7968
47430712639,1,0.0,0.0,0.0,533.0,474.0,5.51,24.8613
47430712639,0,0.0,0.0,0.0,0.0,0.0,5.46,0.0
47430712639,1,0.0,0.0,0.0,0.0,0.0,5.46,0.0
47430712639,0,0.0,0.0,0.0,24.0,87.0,5.47,25.441
47430712639,0,0.0,0.0,0.0,0.0,0.0,5.46,0.0
47430712639,0,0.0,0.0,0.0,13.0,76.0,5.46,25.4352
47430712639,1,0.0,0.0,0.0,528.0,465.0,5.46,26.903
47430712639,1,0.0,0.0,0.0,14.0,77.0,5.46,24.7123
47430712639,0,0.0,0.0,0.0,555.0,503.0,5.46,24.305
47430712639,1,0.0,0.0,0.0,15.0,78.0,5.46,23.4262
47430712639,0,0.0,0.0,0.0,20.0,83.0,5.46,24.4462
47430712639,0,0.0,0.0,0.0,533.0,472.0,5.46,27.5472
47430712639,1,0.0,0.0,0.0,572.0,525.0,5.46,25.1188
47430712639,0,0.0,0.0,0.0,0.0,0.0,5.47,0.0
47430712639,1,0.0,0.0,0.0,0.0,0.0,5.47,0.0
47430712639,0,0.0,0.0,0.0,868.0,824.0,5.46,26.3872
47430712639,1,0.0,0.0,0.0,1581.0,1353.0,5.46,25.4692
47430712639,1,0.0,0.0,0.0,0.0,0.0,5.47,0.0
47430712639,0,0.0,0.0,0.0,0.0,0.0,5.47,0.0
47430712639,1,0.0,0.0,0.0,7.0,1234.0,5.45,23.935
47430712639,0,0.0,0.0,0.0,1445.0,1207.0,5.45,25.655
47430712639,1,0.0,0.0,0.0,0.0,0.0,5.46,0.0
47430712639,0,0.0,0.0,0.0,0.0,0.0,5.47,0.0
47430712639,0,0.0,0.0,0.0,24.0,87.0,5.46,25.683
47430712639,1,0.0,0.0,0.0,24.0,87.0,5.46,25.4975
47525351761,1,0.0,1.0,0.0,3.0,3.0,69.97,29.8762
47525351761,1,0.0,0.0,0.0,5.0,3.0,69.92,31.7979
47525351761,0,0.0,1.0,0.0,5.0,3.0,69.97,30.8302
47525351761,1,0.0,2.0,0.0,4.0,3.0,69.91,31.6773
47525351761,1,0.0,1.0,0.0,4.0,3.0,69.89,30.0777
47525351761,0,0.0,2.0,0.0,5.0,3.0,69.91,32.9726
47525351761,0,0.0,1.0,0.0,4.0,3.0,69.89,32.1269
47525351761,0,0.0,0.0,0.0,4.0,3.0,69.92,31.6108
47525351761,0,0.0,1.0,0.0,4.0,3.0,69.91,30.9809
47525351761,1,0.0,1.0,0.0,4.0,3.0,69.91,32.9502
47525351761,1,0.0,1.0,0.0,5.0,3.0,69.9,31.646
47525351761,0,0.0,1.0,0.0,4.0,3.0,69.9,32.8798
47525351761,0,0.0,1.0,0.0,5.0,3.0,69.91,36.7264
47525351761,1,0.0,1.0,0.0,5.0,3.0,69.91,32.3472
47525351761,0,0.0,1.0,0.0,5.0,4.0,69.94,37.6972
47525351761,1,0.0,0.0,0.0,4.0,3.0,69.94,32.9404
47717017130,0,0.0,0.0,0.0,1325.0,1280.0,330.98,36.4355
47717017130,1,0.0,0.0,0.0,1259.0,760.0,332.67,36.494
47717017130,1,0.0,0.0,0.0,844.0,1152.0,332.67,37.0971
47717017130,0,0.0,0.0,0.0,1340.0,1434.0,332.67,38.4978
47717017130,1,0.0,0.0,0.0,272.0,1878.0,332.65,36.9688
47717017130,0,0.0,0.0,0.0,284.0,16.0,332.65,36.3988
47717017130,1,0.0,0.0,0.0,206.0,1923.0,332.63,34.6596
47717017130,0,0.0,0.0,0.0,361.0,243.0,332.63,35.46
47717017130,0,0.0,0.0,0.0,709.0,1535.0,332.63,36.7805
47717017130,0,0.0,0.0,0.0,437.0,732.0,330.99,37.9753
47717017130,0,0.0,0.0,0.0,468.0,119.0,332.67,37.1333
47717017130,0,0.0,0.0,0.0,1720.0,483.0,332.63,36.6967
47717017130,1,0.0,0.0,0.0,562.0,442.0,330.99,37.1945
47717017130,1,0.0,0.0,0.0,2044.0,1564.0,330.98,36.5182
47717017130,1,0.0,0.0,0.0,67.0,1808.0,332.63,37.3254
47717017130,1,0.0,0.0,0.0,611.0,1310.0,332.63,34.9275
48029030660,1,34.0,44.0,33.0,1070.0,1607.0,1983.27,124.971
48029030660,0,34.0,44.0,34.0,1060.0,1593.0,1983.27,119.406
48029030660,1,34.0,44.0,34.0,1051.0,1602.0,1983.25,120.84
48029030660,0,34.0,44.0,34.0,1071.0,1623.0,1983.25,118.56
48029030660,1,34.0,44.0,34.0,1080.0,1634.0,1983.27,122.023
48029030660,0,34.0,44.0,34.0,1073.0,1613.0,1983.27,124.082
48029030660,1,34.0,44.0,35.0,1073.0,1628.0,1983.26,125.238
48029030660,0,34.0,44.0,35.0,1051.0,1609.0,1983.26,123.7
48029030660,1,34.0,44.0,34.0,1069.0,1632.0,1980.31,119.823
48029030660,0,34.0,44.0,34.0,1065.0,1615.0,1980.31,118.49
48029030660,1,34.0,44.0,35.0,1059.0,1606.0,1983.26,115.666
48029030660,0,34.0,44.0,35.0,1072.0,1592.0,1983.26,119.782
48029030660,0,34.0,44.0,33.0,1073.0,1625.0,1982.26,123.705
48029030660,0,34.0,44.0,35.0,1073.0,1589.0,1983.25,124.892
48029030660,1,34.0,44.0,34.0,1067.0,1629.0,1983.25,121.16
48029030660,1,34.0,44.0,35.0,1055.0,1636.0,1982.26,122.624
48040964666,0,0.0,0.0,0.0,103.0,98.0,130.55,27.6262
48040964666,1,0.0,0.0,0.0,103.0,99.0,130.55,25.3339
48040964666,0,0.0,0.0,0.0,101.0,96.0,130.56,28.9873
48040964666,1,0.0,0.0,0.0,99.0,94.0,130.56,27.388
48040964666,0,0.0,0.0,0.0,99.0,94.0,130.56,28.1821
48040964666,1,0.0,0.0,0.0,98.0,93.0,130.56,27.3563
48040964666,0,0.0,0.0,0.0,105.0,102.0,130.6,25.7468
48040964666,1,0.0,0.0,0.0,93.0,86.0,130.56,28.9196
48040964666,0,0.0,0.0,0.0,104.0,100.0,134.26,28.8539
48040964666,1,0.0,0.0,0.0,108.0,106.0,134.26,25.21
48040964666,1,0.0,0.0,0.0,103.0,99.0,130.59,27.6914
48040964666,0,0.0,0.0,0.0,100.0,95.0,130.59,29.9534
48040964666,0,0.0,0.0,0.0,100.0,94.0,130.61,28.8722
48040964666,1,0.0,0.0,0.0,103.0,100.0,130.61,25.8641
48040964666,1,0.0,0.0,0.0,103.0,99.0,130.57,26.3022
48040964666,0,0.0,0.0,0.0,104.0,101.0,130.57,26.645
48040964666,1,0.0,0.0,0.0,100.0,95.0,130.55,27.6511
48040964666,0,0.0,0.0,0.0,95.0,89.0,130.57,31.5753
48040964666,1,0.0,0.0,0.0,105.0,103.0,130.57,25.9418
48040964666,0,0.0,0.0,0.0,97.0,91.0,130.61,28.6827
48040964666,1,0.0,0.0,0.0,101.0,97.0,130.61,26.35
48040964666,1,0.0,0.0,0.0,104.0,101.0,130.6,26.0439
48040964666,0,0.0,0.0,0.0,92.0,85.0,132.21,40.132
48040964666,1,0.0,0.0,0.0,104.0,102.0,132.21,24.9084
48040964666,1,0.0,0.0,0.0,100.0,96.0,130.57,26.8445
48040964666,0,0.0,0.0,0.0,96.0,89.0,130.57,31.9044
48040964666,1,0.0,0.0,0.0,99.0,96.0,130.57,28.38
48040964666,0,0.0,0.0,0.0,106.0,103.0,130.57,27.3048
48040964666,1,0.0,0.0,0.0,102.0,98.0,130.57,27.2153
48040964666,0,0.0,0.0,0.0,90.0,83.0,130.55,30.5041
48040964666,0,0.0,0.0,0.0,106.0,104.0,130.56,25.3761
48040964666,0,0.0,0.0,0.0,101.0,97.0,130.57,28.6819
48105145587,0,0.0,0.0,0.0,89.0,82.0,56.5,29.8679
48105145587,1,0.0,0.0,0.0,99.0,94.0,56.5,27.8396
48105145587,0,0.0,0.0,0.0,105.0,103.0,56.54,25.5159
48105145587,1,0.0,0.0,0.0,97.0,92.0,56.54,27.0408
48105145587,1,0.0,0.0,0.0,102.0,98.0,56.51,25.5222
48105145587,0,0.0,0.0,0.0,102.0,97.0,56.51,26.9522
48105145587,0,0.0,0.0,0.0,100.0,95.0,56.48,27.8554
48105145587,1,0.0,0.0,0.0,92.0,86.0,56.48,29.0106
48105145587,0,0.0,0.0,0.0,98.0,94.0,56.51,29.3907
48105145587,1,0.0,0.0,0.0,102.0,98.0,56.51,27.3536
48105145587,0,0.0,0.0,0.0,105.0,102.0,56.49,26.4495
48105145587,1,0.0,0.0,0.0,101.0,97.0,56.49,27.2745
48105145587,0,0.0,0.0,0.0,99.0,94.0,56.51,27.7361
48105145587,1,0.0,0.0,0.0,102.0,99.0,56.51,25.9615
48105145587,1,0.0,0.0,0.0,104.0,102.0,56.49,26.126
48105145587,0,0.0,0.0,0.0,93.0,88.0,56.49,30.2037
48105145587,0,0.0,0.0,0.0,90.0,84.0,56.5,39.4837
48105145587,1,0.0,0.0,0.0,103.0,100.0,56.5,24.9807
48105145587,0,0.0,0.0,0.0,95.0,89.0,56.5,31.3426
48105145587,1,0.0,0.0,0.0,99.0,95.0,56.49,27.0869
48105145587,1,0.0,0.0,0.0,102.0,99.0,56.51,26.6612
48105145587,0,0.0,0.0,0.0,102.0,100.0,56.51,25.9867
48105145587,1,0.0,0.0,0.0,103.0,100.0,56.49,25.6667
48105145587,0,0.0,0.0,0.0,103.0,101.0,56.49,25.2655
48105145587,0,0.0,0.0,0.0,100.0,96.0,56.49,27.9031
48105145587,0,0.0,0.0,0.0,102.0,99.0,56.54,28.213
48105145587,1,0.0,0.0,0.0,98.0,95.0,56.5,27.8411
48105145587,0,0.0,0.0,0.0,98.0,93.0,56.49,27.2293
48105145587,1,0.0,0.0,0.0,97.0,93.0,56.49,26.9568
48105145587,1,0.0,0.0,0.0,107.0,105.0,56.54,25.3074
48105145587,1,0.0,0.0,0.0,100.0,96.0,56.54,26.6188
48105145587,0,0.0,0.0,0.0,95.0,90.0,56.54,28.2689
48124218156,0,4.0,13.0,4.0,1415.0,1748.0,3330.68,54.3708
48124218156,0,4.0,13.0,4.0,565.0,1038.0,3330.66,55.7162
48124218156,1,4.0,13.0,4.0,1636.0,1668.0,3330.68,54.0062
48124218156,0,4.0,13.0,4.0,1494.0,1284.0,3330.7,55.655
48124218156,0,4.0,13.0,4.0,991.0,1765.0,3330.66,51.4421
48124218156,1,4.0,13.0,4.0,1191.0,1773.0,3330.66,54.1652
48124218156,1,4.0,12.0,4.0,770.0,1229.0,3330.69,52.8203
48124218156,0,4.0,13.0,4.0,373.0,1187.0,3330.68,53.2393
48124218156,0,4.0,12.0,4.0,1118.0,1501.0,3330.68,53.9932
48124218156,1,4.0,13.0,4.0,838.0,1221.0,3330.69,55.8441
48124218156,0,4.0,13.0,4.0,1188.0,1242.0,3330.69,56.9272
48124218156,0,4.0,13.0,4.0,335.0,1179.0,3330.68,56.6098
48124218156,1,4.0,13.0,4.0,1586.0,1306.0,3330.68,54.5665
48124218156,1,4.0,13.0,4.0,1167.0,1498.0,3330.68,52.5538
48124218156,0,4.0,13.0,4.0,987.0,1246.0,3330.68,53.9232
48124218156,1,4.0,13.0,4.0,1310.0,1273.0,3330.68,54.9176
48124218156,0,4.0,13.0,4.0,771.0,1203.0,3330.66,54.8043
48124218156,0,4.0,13.0,4.0,1064.0,1491.0,3330.67,52.6854
48124218156,0,4.0,13.0,4.0,996.0,1470.0,3330.66,54.2134
48124218156,1,4.0,13.0,4.0,1124.0,1761.0,3330.67,56.1232
48124218156,0,4.0,13.0,4.0,1507.0,1289.0,3330.66,54.9286
48124218156,1,4.0,12.0,4.0,1101.0,1255.0,3330.7,55.0464
48124218156,0,4.0,13.0,4.0,1516.0,1719.0,3327.68,52.2347
48124218156,1,4.0,13.0,4.0,1011.0,1008.0,3330.65,53.7717
48124218156,1,4.0,13.0,4.0,773.0,1758.0,3330.67,53.4491
48124218156,1,4.0,13.0,4.0,992.0,1239.0,3330.66,54.4442
48124218156,0,4.0,13.0,4.0,702.0,1454.0,3331.66,53.6345
48124218156,0,4.0,13.0,4.0,1273.0,1782.0,3330.67,53.8552
48124218156,0,4.0,13.0,4.0,922.0,1499.0,3330.67,54.4988
48124218156,1,4.0,13.0,4.0,706.0,1444.0,3330.67,54.2999
48124218156,0,4.0,13.0,4.0,359.0,774.0,3330.65,52.7136
48124218156,1,4.0,13.0,4.0,1563.0,1309.0,3330.67,56.8657
48124218156,0,4.0,13.0,4.0,1381.0,1276.0,3330.68,52.6689
48124218156,0,4.0,13.0,4.0,997.0,1763.0,3331.65,54.1042
48124218156,1,4.0,13.0,4.0,1157.0,1478.0,3330.68,52.6846
48124218156,0,4.0,12.0,4.0,1158.0,1522.0,3330.67,54.9901
48124218156,1,4.0,12.0,4.0,546.0,1190.0,3330.67,52.6506
48124218156,0,4.0,13.0,4.0,860.0,1230.0,3330.67,54.4131
48124218156,1,4.0,13.0,4.0,643.0,1438.0,3330.67,53.6599
48124218156,1,4.0,13.0,4.0,992.0,1774.0,3327.68,52.8892
48124218156,1,4.0,13.0,4.0,1031.0,1493.0,3330.7,55.1919
48124218156,0,4.0,13.0,4.0,1005.0,1493.0,3330.7,56.2663
48124218156,0,4.0,13.0,4.0,1402.0,1279.0,3330.68,52.3259
48124218156,1,4.0,13.0,4.0,1074.0,1256.0,3330.68,51.69
48124218156,0,4.0,13.0,4.0,349.0,1170.0,3330.67,54.5091
48124218156,1,4.0,13.0,4.0,1728.0,1340.0,3330.68,54.2586
48124218156,0,4.0,13.0,4.0,498.0,1185.0,3330.68,54.4919
48124218156,1,4.0,13.0,4.0,771.0,1232.0,3330.68,54.4131
48124218156,1,4.0,13.0,4.0,1579.0,1314.0,3330.68,53.0051
48124218156,0,4.0,13.0,4.0,878.0,1453.0,3330.68,54.1224
48124218156,0,4.0,13.0,4.0,815.0,1226.0,3330.68,51.0768
48124218156,0,4.0,13.0,4.0,898.0,1224.0,3330.69,53.9922
48124218156,1,4.0,13.0,4.0,431.0,1198.0,3330.68,51.2236
48124218156,1,4.0,13.0,4.0,1109.0,1781.0,3330.69,53.9139
48124218156,0,4.0,13.0,4.0,1370.0,1775.0,3330.69,55.832
48124218156,1,4.0,13.0,4.0,1013.0,1450.0,3330.66,55.9881
48124218156,1,4.0,13.0,4.0,401.0,1180.0,3330.66,53.7346
48124218156,1,4.0,13.0,4.0,874.0,1748.0,3331.65,55.9578
48124218156,1,4.0,13.0,4.0,716.0,1443.0,3330.67,55.9892
48124218156,1,4.0,13.0,4.0,657.0,1453.0,3331.66,57.7396
48124218156,0,4.0,12.0,4.0,942.0,1729.0,3331.67,53.8838
48124218156,1,4.0,13.0,4.0,1076.0,1758.0,3331.67,54.1657
48124218156,0,4.0,13.0,4.0,975.0,1768.0,3330.67,55.4102
48124218156,1,4.0,13.0,4.0,1740.0,1311.0,3330.66,53.6942
48164713044,1,1.0,3.0,2.0,1418.0,1109.0,130.74,43.3543
48164713044,0,1.0,3.0,2.0,1505.0,1107.0,130.74,43.5411
48164713044,0,1.0,3.0,2.0,1446.0,1103.0,130.73,43.9089
48164713044,0,1.0,3.0,2.0,1480.0,1110.0,130.74,45.7039
48164713044,1,1.0,3.0,1.0,1429.0,1117.0,130.74,43.4713
48164713044,0,1.0,3.0,2.0,1499.0,1134.0,130.74,44.1875
48164713044,0,1.0,3.0,1.0,1456.0,1119.0,130.75,41.4046
48164713044,1,1.0,3.0,1.0,1456.0,1122.0,130.74,43.784
48164713044,1,1.0,3.0,1.0,1445.0,1111.0,130.74,39.1436
48164713044,1,1.0,3.0,2.0,1507.0,1126.0,130.73,41.0418
48164713044,0,1.0,3.0,2.0,1419.0,1112.0,130.74,44.2554
48164713044,1,1.0,3.0,3.0,1414.0,1116.0,130.74,38.429
48164713044,0,1.0,3.0,2.0,1468.0,1131.0,130.74,42.1847
48164713044,1,1.0,3.0,2.0,1521.0,1125.0,130.75,45.057
48164713044,0,1.0,3.0,1.0,1443.0,1125.0,130.73,43.5599
48164713044,1,1.0,3.0,1.0,1451.0,1129.0,130.73,44.3378
48278910659,1,0.0,0.0,0.0,344.0,336.0,13.61,35.6872
48278910659,1,0.0,0.0,0.0,286.0,329.0,13.61,34.3939
48278910659,0,0.0,0.0,0.0,342.0,336.0,13.61,36.013
48278910659,1,0.0,0.0,0.0,389.0,341.0,13.6,36.2372
48278910659,0,0.0,0.0,0.0,482.0,353.0,13.6,35.5901
48278910659,1,0.0,0.0,0.0,459.0,351.0,13.61,34.0342
48278910659,0,0.0,0.0,0.0,478.0,353.0,13.61,35.1061
48278910659,1,0.0,0.0,0.0,485.0,354.0,13.64,34.0487
48278910659,0,0.0,0.0,0.0,389.0,342.0,13.61,34.2682
48278910659,0,0.0,0.0,0.0,336.0,335.0,13.61,35.9634
48278910659,1,0.0,0.0,0.0,303.0,326.0,13.61,35.8574
48278910659,0,0.0,0.0,0.0,494.0,354.0,13.64,34.5849
48278910659,0,0.0,0.0,0.0,409.0,344.0,13.59,35.5635
48278910659,1,0.0,0.0,0.0,375.0,340.0,13.59,33.8978
48278910659,0,0.0,0.0,0.0,351.0,336.0,13.62,35.4015
48278910659,1,0.0,0.0,0.0,485.0,353.0,13.62,35.2322
48368762346,1,0.0,0.0,0.0,2.0,650.0,237.42,33.4331
48368762346,0,0.0,0.0,0.0,1154.0,859.0,237.42,37.9392
48368762346,1,0.0,0.0,0.0,1337.0,1309.0,232.69,37.4895
48368762346,1,0.0,0.0,0.0,2036.0,384.0,237.33,36.1106
48368762346,1,0.0,0.0,0.0,816.0,1092.0,232.7,35.5019
48368762346,0,0.0,0.0,0.0,1863.0,1446.0,237.33,35.4352
48368762346,0,0.0,0.0,0.0,1459.0,1371.0,232.69,37.1075
48368762346,0,0.0,0.0,0.0,1398.0,578.0,232.75,36.3588
48368762346,0,0.0,0.0,0.0,1177.0,1803.0,232.79,36.804
48368762346,1,0.0,0.0,0.0,1998.0,1580.0,232.79,35.716
48368762346,1,0.0,0.0,0.0,1779.0,1207.0,232.75,39.2473
48368762346,1,0.0,0.0,0.0,1463.0,1605.0,232.68,36.0513
48368762346,0,0.0,0.0,0.0,409.0,741.0,232.8,37.049
48368762346,0,0.0,0.0,0.0,820.0,1476.0,232.7,35.1813
48368762346,1,0.0,0.0,0.0,688.0,29.0,232.8,36.3623
48368762346,0,0.0,0.0,0.0,1913.0,1353.0,232.68,36.0363
48389510727,1,0.0,1.0,0.0,244.0,1724.0,355456.0,36.3997
48389510727,0,0.0,1.0,0.0,1399.0,1975.0,355456.0,37.6388
48389510727,1,0.0,0.0,0.0,1568.0,34.0,355456.0,36.9004
48389510727,0,0.0,0.0,0.0,307.0,197.0,355456.0,35.6077
48389510727,1,0.0,1.0,0.0,1776.0,1246.0,355456.0,38.514
48389510727,0,0.0,0.0,0.0,662.0,254.0,355456.0,37.429
48389510727,1,0.0,8.0,0.0,595.0,1166.0,355456.0,40.6224
48389510727,0,0.0,2.0,0.0,795.0,1464.0,355456.0,38.0039
48389510727,1,0.0,0.0,0.0,1126.0,2101.0,355456.0,36.3969
48389510727,0,0.0,0.0,0.0,830.0,685.0,355456.0,36.6673
48389510727,0,0.0,1.0,0.0,452.0,1388.0,355456.0,37.0863
48389510727,1,0.0,2.0,0.0,729.0,1444.0,355458.0,36.3271
48389510727,1,0.0,6.0,0.0,1725.0,662.0,355457.0,39.3438
48389510727,0,0.0,1.0,0.0,1630.0,425.0,355457.0,37.1889
48389510727,1,0.0,2.0,0.0,1074.0,1514.0,355456.0,36.8012
48389510727,0,0.0,3.0,0.0,1157.0,1924.0,355458.0,37.4304
48389510727,1,0.0,1.0,0.0,305.0,1386.0,355456.0,39.9294
48389510727,1,0.0,2.0,0.0,2068.0,907.0,355456.0,37.3106
48389510727,0,0.0,8.0,0.0,238.0,1201.0,355458.0,39.1023
48389510727,1,0.0,9.0,0.0,355.0,2008.0,355458.0,42.9376
48389510727,0,0.0,2.0,0.0,1405.0,2138.0,355458.0,38.2548
48389510727,1,0.0,8.0,0.0,230.0,490.0,355456.0,40.512
48389510727,1,0.0,5.0,0.0,1160.0,963.0,355458.0,38.5145
48389510727,1,0.0,0.0,0.0,825.0,1081.0,355456.0,36.8936
48389510727,0,0.0,0.0,0.0,419.0,218.0,355456.0,37.0544
48389510727,1,0.0,3.0,0.0,1149.0,1135.0,355456.0,36.9034
48389510727,0,0.0,2.0,0.0,647.0,1053.0,355456.0,37.1679
48389510727,0,0.0,0.0,0.0,57.0,143.0,355456.0,38.7752
48389510727,0,0.0,5.0,0.0,192.0,975.0,355456.0,38.2033
48389510727,0,0.0,1.0,0.0,1072.0,337.0,355456.0,38.1156
48389510727,1,0.0,4.0,0.0,160.0,1569.0,355458.0,38.421
48389510727,0,0.0,4.0,0.0,140.0,791.0,355458.0,39.3579
48522053149,0,0.0,0.0,0.0,446.0,1987.0,20.03,24.9926
48522053149,0,0.0,0.0,0.0,913.0,506.0,20.02,40.8803
48522053149,1,0.0,0.0,0.0,594.0,1981.0,20.02,26.0136
48522053149,0,0.0,0.0,0.0,1862.0,856.0,20.03,26.3535
48522053149,0,0.0,0.0,0.0,1569.0,1683.0,20.04,24.1506
48522053149,1,0.0,0.0,0.0,1995.0,1623.0,20.03,26.0102
48522053149,1,0.0,0.0,0.0,299.0,1506.0,20.04,25.9034
48522053149,1,0.0,0.0,0.0,818.0,2051.0,20.03,25.9865
48522053149,1,0.0,0.0,0.0,715.0,753.0,20.04,25.8837
48522053149,0,0.0,0.0,0.0,897.0,580.0,20.04,24.5481
48522053149,0,0.0,0.0,0.0,633.0,596.0,20.03,27.5848
48522053149,1,0.0,0.0,0.0,604.0,569.0,20.03,37.2899
48522053149,1,0.0,0.0,0.0,1976.0,840.0,20.03,44.78
48522053149,0,0.0,0.0,0.0,637.0,1444.0,20.03,24.8157
48522053149,1,0.0,0.0,0.0,1439.0,364.0,20.02,42.8475
48522053149,0,0.0,0.0,0.0,1946.0,894.0,20.02,26.9425
48587360297,1,0.0,2.0,0.0,1393.0,839.0,20317.7,37.5233
48587360297,0,0.0,2.0,0.0,1399.0,58.0,20317.7,39.3454
48587360297,0,0.0,2.0,0.0,1512.0,1425.0,20317.6,40.1954
48587360297,1,0.0,4.0,1.0,355.0,1752.0,20317.6,44.6336
48587360297,0,0.0,2.0,0.0,514.0,1821.0,20317.6,38.7294
48587360297,1,0.0,3.0,0.0,173.0,1407.0,20317.6,39.6829
48587360297,1,0.0,3.0,0.0,127.0,210.0,20317.7,38.963
48587360297,0,0.0,3.0,0.0,1239.0,824.0,20317.7,41.2889
48587360297,0,0.0,2.0,0.0,1871.0,2027.0,20317.7,40.0289
48587360297,1,0.0,4.0,0.0,647.0,1404.0,20317.7,41.3926
48587360297,1,0.0,2.0,0.0,567.0,314.0,20317.6,38.647
48587360297,0,0.0,3.0,0.0,603.0,985.0,20317.6,41.5158
48587360297,0,0.0,1.0,0.0,767.0,387.0,20317.6,38.4955
48587360297,1,0.0,4.0,0.0,1145.0,1483.0,20317.6,43.57
48587360297,1,0.0,3.0,0.0,1990.0,891.0,20317.7,40.6642
48587360297,0,0.0,3.0,0.0,1094.0,1683.0,20317.7,40.255
48610257854,0,4.0,12.0,5.0,83.0,1337.0,199.56,45.8492
48610257854,1,3.0,12.0,4.0,2048.0,1387.0,199.53,42.5917
48610257854,0,3.0,11.0,4.0,1181.0,818.0,199.56,45.4547
48610257854,1,2.0,9.0,3.0,1813.0,455.0,199.56,42.1204
48610257854,1,4.0,14.0,4.0,984.0,950.0,199.55,45.0793
48610257854,0,3.0,10.0,3.0,1232.0,114.0,199.55,43.8686
48610257854,0,2.0,7.0,2.0,198.0,1522.0,199.6,41.5173
48610257854,1,4.0,13.0,4.0,1753.0,732.0,199.6,46.2327
48610257854,0,4.0,12.0,4.0,1962.0,1934.0,199.53,47.0854
48610257854,1,3.0,10.0,4.0,453.0,605.0,199.56,42.838
48610257854,1,4.0,12.0,4.0,1190.0,358.0,199.56,44.5748
48610257854,0,5.0,15.0,5.0,1438.0,1316.0,199.56,50.4637
48610257854,0,3.0,11.0,4.0,1094.0,136.0,199.56,44.2261
48610257854,1,7.0,19.0,7.0,1654.0,1249.0,199.56,46.9382
48610257854,1,2.0,8.0,2.0,1471.0,1571.0,199.55,43.5668
48610257854,0,2.0,8.0,2.0,1907.0,1078.0,199.55,42.4686
48686745269,1,0.0,0.0,0.0,4.0,15.0,108.27,28.5994
48686745269,0,0.0,0.0,0.0,3.0,13.0,108.27,27.6199
48686745269,0,0.0,0.0,0.0,2.0,13.0,108.35,26.8902
48686745269,1,0.0,0.0,0.0,2.0,13.0,108.35,28.8217
48686745269,0,0.0,0.0,0.0,4.0,14.0,108.27,27.6886
48686745269,1,0.0,0.0,0.0,5.0,15.0,108.27,28.9929
48686745269,1,0.0,0.0,0.0,2.0,13.0,104.62,27.2195
48686745269,0,0.0,0.0,0.0,4.0,14.0,104.62,26.6038
48686745269,1,0.0,0.0,0.0,2.0,13.0,108.27,26.658
48686745269,0,0.0,0.0,0.0,3.0,13.0,108.27,26.9088
48686745269,0,0.0,0.0,0.0,4.0,15.0,104.62,28.4765
48686745269,0,0.0,0.0,0.0,3.0,13.0,104.63,29.0802
48686745269,1,0.0,0.0,0.0,5.0,15.0,104.62,28.8478
48686745269,1,0.0,0.0,0.0,2.0,13.0,108.26,25.5297
48686745269,1,0.0,0.0,0.0,5.0,15.0,104.6,27.3085
48686745269,0,0.0,0.0,0.0,3.0,13.0,104.6,28.2926
48686745269,1,0.0,0.0,0.0,2.0,11.0,108.26,28.4238
48686745269,0,0.0,0.0,0.0,4.0,14.0,108.26,31.538
48686745269,1,0.0,0.0,0.0,2.0,11.0,104.61,27.4763
48686745269,0,0.0,0.0,0.0,3.0,12.0,104.61,29.1482
48686745269,1,0.0,0.0,0.0,3.0,13.0,104.6,26.9
48686745269,0,0.0,0.0,0.0,4.0,13.0,108.26,26.5406
48686745269,0,0.0,0.0,0.0,3.0,13.0,108.26,27.5906
48686745269,1,0.0,0.0,0.0,0.0,11.0,104.63,31.0769
48686745269,0,0.0,0.0,0.0,3.0,13.0,104.6,29.4167
48686745269,1,0.0,0.0,0.0,5.0,15.0,104.6,30.688
48686745269,0,0.0,0.0,0.0,3.0,13.0,104.62,28.8513
48686745269,1,0.0,0.0,0.0,2.0,12.0,104.62,28.7001
48686745269,1,0.0,0.0,0.0,4.0,14.0,108.26,24.8372
48686745269,0,0.0,0.0,0.0,2.0,12.0,104.6,28.6319
48686745269,1,0.0,0.0,0.0,2.0,13.0,104.61,26.4603
48686745269,0,0.0,0.0,0.0,3.0,13.0,104.61,28.4405
48714558345,1,0.0,0.0,0.0,7.0,26.0,153.43,26.7059
48714558345,1,0.0,0.0,0.0,4.0,22.0,153.36,26.054
48714558345,1,0.0,0.0,0.0,106.0,103.0,153.39,25.6236
48714558345,0,0.0,0.0,0.0,95.0,89.0,153.39,30.6325
48714558345,1,0.0,0.0,0.0,8.0,26.0,153.37,29.7355
48714558345,0,0.0,0.0,0.0,5.0,23.0,153.37,25.8077
48714558345,1,0.0,0.0,0.0,8.0,26.0,157.04,26.3242
48714558345,1,0.0,0.0,0.0,100.0,96.0,153.38,26.7021
48714558345,1,0.0,0.0,0.0,105.0,101.0,153.39,25.1742
48714558345,0,0.0,0.0,0.0,106.0,102.0,153.39,26.2165
48714558345,1,0.0,0.0,0.0,102.0,98.0,153.37,26.8024
48714558345,0,0.0,0.0,0.0,100.0,95.0,153.38,27.5888
48714558345,0,0.0,0.0,0.0,107.0,103.0,153.37,26.763
48714558345,1,0.0,0.0,0.0,100.0,95.0,153.38,26.7428
48714558345,0,0.0,0.0,0.0,3.0,22.0,157.04,27.9085
48714558345,1,0.0,0.0,0.0,104.0,100.0,153.42,26.3834
48714558345,0,0.0,0.0,0.0,8.0,26.0,157.08,26.9851
48714558345,1,0.0,0.0,0.0,4.0,22.0,157.08,24.4423
48714558345,0,0.0,0.0,0.0,105.0,101.0,153.42,26.0962
48714558345,0,0.0,0.0,0.0,4.0,23.0,153.36,26.8197
48714558345,1,0.0,0.0,0.0,4.0,23.0,153.38,28.1186
48714558345,0,0.0,0.0,0.0,7.0,26.0,153.38,28.1698
48714558345,0,0.0,0.0,0.0,104.0,98.0,155.01,26.974
48714558345,1,0.0,0.0,0.0,103.0,99.0,155.01,25.0597
48714558345,1,0.0,0.0,0.0,8.0,27.0,153.38,25.9414
48714558345,0,0.0,0.0,0.0,8.0,26.0,153.43,27.5184
48714558345,0,0.0,0.0,0.0,4.0,22.0,153.38,30.0402
48714558345,0,0.0,0.0,0.0,102.0,97.0,153.38,28.0019
48714558345,1,0.0,0.0,0.0,4.0,23.0,153.38,25.644
48714558345,0,0.0,0.0,0.0,2.0,21.0,153.38,26.4804
48714558345,1,0.0,0.0,0.0,4.0,22.0,157.03,26.921
48714558345,0,0.0,0.0,0.0,6.0,25.0,157.03,28.4534
48796195802,0,0.0,1.0,0.0,768.0,1013.0,39.6,29.4809
48796195802,0,0.0,0.0,0.0,211.0,1145.0,39.6,29.5876
48796195802,1,0.0,2.0,0.0,1951.0,1623.0,39.61,32.1425
48796195802,0,0.0,0.0,0.0,889.0,2107.0,39.61,28.8944
48796195802,0,0.0,1.0,0.0,1590.0,1392.0,39.6,29.7478
48796195802,0,0.0,2.0,0.0,520.0,2099.0,39.6,31.8213
48796195802,1,0.0,1.0,0.0,766.0,518.0,39.6,35.0159
48796195802,1,0.0,0.0,0.0,1621.0,36.0,39.6,27.9137
48796195802,1,0.0,0.0,0.0,1969.0,623.0,39.6,29.686
48796195802,1,0.0,0.0,0.0,275.0,477.0,39.6,25.0943
48796195802,0,0.0,0.0,0.0,253.0,135.0,39.67,28.3465
48796195802,0,0.0,0.0,0.0,1208.0,773.0,39.62,26.9438
48796195802,0,0.0,0.0,0.0,1138.0,1711.0,39.61,30.6084
48796195802,1,0.0,0.0,0.0,307.0,2023.0,39.67,28.0522
48796195802,1,0.0,0.0,0.0,1132.0,339.0,39.61,26.2268
48796195802,1,0.0,1.0,0.0,2099.0,638.0,39.62,31.8004
48869963385,0,0.0,0.0,0.0,1107.0,1383.0,505.35,27.7208
48869963385,1,0.0,0.0,0.0,1579.0,910.0,505.35,28.4028
48869963385,0,0.0,0.0,0.0,584.0,1005.0,505.35,30.7096
48869963385,1,0.0,0.0,0.0,12.0,182.0,505.33,28.9486
48869963385,0,0.0,0.0,0.0,1535.0,37.0,505.35,29.1242
48869963385,1,0.0,0.0,0.0,1949.0,1771.0,505.35,27.4104
48869963385,0,0.0,0.0,0.0,72.0,241.0,505.33,28.8026
48869963385,1,0.0,0.0,0.0,1101.0,1706.0,505.33,26.5959
48869963385,0,0.0,0.0,0.0,1021.0,131.0,505.33,28.3029
48869963385,1,0.0,0.0,0.0,245.0,313.0,505.36,28.5682
48869963385,0,0.0,0.0,0.0,629.0,904.0,505.36,29.8635
48869963385,0,0.0,0.0,0.0,1517.0,1005.0,505.34,27.8181
48869963385,1,0.0,0.0,0.0,962.0,1189.0,505.34,28.8631
48869963385,1,0.0,0.0,0.0,616.0,217.0,505.35,28.4794
48869963385,1,0.0,0.0,0.0,1374.0,828.0,505.33,29.4385
48869963385,0,0.0,0.0,0.0,296.0,338.0,505.33,43.83
49494492146,0,0.0,0.0,0.0,1.0,3.0,81.6,27.3351
49494492146,1,0.0,1.0,0.0,1.0,3.0,81.6,27.8311
49494492146,0,0.0,0.0,0.0,1.0,2.0,81.61,28.4012
49494492146,1,0.0,1.0,0.0,1.0,2.0,81.62,27.1094
49494492146,1,0.0,0.0,0.0,1.0,3.0,81.61,28.4516
49494492146,0,0.0,0.0,0.0,1.0,3.0,81.59,27.6122
49494492146,1,0.0,1.0,0.0,0.0,2.0,81.6,26.5858
49494492146,0,0.0,1.0,0.0,1.0,2.0,81.6,27.1296
49494492146,0,0.0,1.0,0.0,2.0,3.0,81.64,29.4301
49494492146,1,0.0,1.0,0.0,1.0,3.0,81.64,29.0858
49494492146,1,0.0,1.0,0.0,1.0,2.0,81.6,27.5513
49494492146,0,0.0,1.0,0.0,0.0,2.0,81.6,28.8556
49494492146,0,0.0,1.0,0.0,1.0,2.0,81.62,28.9308
49494492146,1,0.0,0.0,0.0,0.0,2.0,81.59,26.3521
49494492146,0,0.0,0.0,0.0,1.0,3.0,81.61,28.1399
49494492146,1,0.0,0.0,0.0,1.0,3.0,81.61,27.1377
49652457432,1,0.0,0.0,0.0,24.0,98.0,325.99,39.148
49652457432,0,0.0,0.0,0.0,23.0,97.0,326.05,38.0114
49652457432,1,0.0,0.0,0.0,29.0,103.0,326.05,36.8484
49652457432,1,0.0,0.0,0.0,1008.0,402.0,326.01,38.4481
49652457432,0,0.0,0.0,0.0,10.0,84.0,325.99,36.6842
49652457432,1,0.0,0.0,0.0,951.0,366.0,328.65,39.6424
49652457432,0,0.0,0.0,0.0,1233.0,407.0,328.65,36.884
49652457432,0,0.0,0.0,0.0,1153.0,418.0,326.01,38.4779
49652457432,1,0.0,0.0,0.0,985.0,401.0,328.64,37.3608
49652457432,0,0.0,0.0,0.0,1333.0,446.0,328.64,37.4789
49748333192,1,0.0,0.0,0.0,2.0,9.0,91.49,34.6435
49748333192,0,0.0,0.0,0.0,1.0,8.0,91.49,34.9865
49748333192,1,0.0,0.0,0.0,1.0,8.0,91.51,36.3082
49748333192,0,0.0,0.0,0.0,2.0,9.0,91.51,34.4454
49748333192,0,0.0,0.0,0.0,1.0,8.0,91.55,33.7058
49748333192,1,0.0,0.0,0.0,2.0,9.0,91.55,35.7334
49748333192,1,0.0,0.0,0.0,2.0,9.0,91.5,33.7988
49748333192,0,0.0,0.0,0.0,1.0,8.0,91.5,34.9054
49748333192,0,0.0,0.0,0.0,0.0,7.0,91.49,36.046
49748333192,1,0.0,0.0,0.0,3.0,10.0,91.49,35.6794
49748333192,0,0.0,0.0,0.0,1.0,8.0,91.49,34.8167
49748333192,1,0.0,0.0,0.0,1.0,8.0,91.49,35.3736
49748333192,0,0.0,0.0,0.0,1.0,8.0,91.51,35.8657
49748333192,1,0.0,0.0,0.0,1.0,8.0,91.51,36.4619
49748333192,0,0.0,0.0,0.0,3.0,10.0,91.49,34.6977
49748333192,1,0.0,0.0,0.0,1.0,8.0,91.49,35.2521
49748333192,0,0.0,0.0,0.0,2.0,9.0,91.49,34.9109
49748333192,1,0.0,0.0,0.0,2.0,9.0,91.49,35.037
49748333192,1,0.0,0.0,0.0,2.0,9.0,91.51,34.996
49748333192,0,0.0,0.0,0.0,2.0,9.0,91.51,34.8903
49748333192,1,0.0,0.0,0.0,2.0,9.0,91.5,35.7329
49748333192,0,0.0,0.0,0.0,0.0,7.0,91.5,35.6178
49748333192,1,0.0,0.0,0.0,1.0,8.0,91.52,35.4976
49748333192,0,0.0,0.0,0.0,3.0,10.0,91.52,35.3341
49748333192,1,0.0,0.0,0.0,2.0,9.0,91.53,36.321
49748333192,0,0.0,0.0,0.0,2.0,9.0,91.53,34.062
49748333192,0,0.0,0.0,0.0,3.0,10.0,91.5,34.9699
49748333192,1,0.0,0.0,0.0,2.0,9.0,91.5,33.8644
49748333192,0,0.0,0.0,0.0,3.0,10.0,91.5,35.9927
49748333192,1,0.0,0.0,0.0,1.0,8.0,91.5,34.1349
49748333192,1,0.0,0.0,0.0,3.0,10.0,91.5,36.2973
49748333192,0,0.0,0.0,0.0,3.0,10.0,91.5,37.0289
49748333192,0,0.0,0.0,0.0,1.0,8.0,91.49,35.9416
49748333192,1,0.0,0.0,0.0,2.0,9.0,91.49,35.5807
49748333192,1,0.0,0.0,0.0,1.0,8.0,91.5,35.484
49748333192,0,0.0,0.0,0.0,2.0,9.0,91.5,35.1818
49748333192,0,0.0,0.0,0.0,3.0,10.0,91.51,36.5544
49748333192,1,0.0,0.0,0.0,1.0,8.0,91.51,35.0261
49748333192,1,0.0,0.0,0.0,2.0,9.0,91.51,35.0847
49748333192,0,0.0,0.0,0.0,2.0,9.0,91.51,36.2351
49748333192,0,0.0,0.0,0.0,2.0,9.0,91.51,35.5176
49748333192,1,0.0,0.0,0.0,1.0,8.0,91.51,35.6853
49748333192,0,0.0,0.0,0.0,3.0,10.0,91.51,34.9635
49748333192,1,0.0,0.0,0.0,2.0,9.0,91.51,35.4583
49748333192,0,0.0,0.0,0.0,3.0,9.0,91.49,35.7553
49748333192,1,0.0,0.0,0.0,1.0,8.0,91.49,34.2423
49748333192,0,0.0,0.0,0.0,2.0,9.0,91.49,35.2311
49748333192,1,0.0,0.0,0.0,1.0,8.0,91.49,34.3871
49748333192,1,0.0,0.0,0.0,2.0,9.0,91.48,32.2355
49748333192,0,0.0,0.0,0.0,1.0,8.0,91.48,34.9854
49748333192,1,0.0,0.0,0.0,3.0,10.0,91.48,34.8364
49748333192,0,0.0,0.0,0.0,0.0,7.0,91.48,36.0016
49748333192,0,0.0,0.0,0.0,2.0,9.0,91.48,35.2623
49748333192,1,0.0,0.0,0.0,2.0,9.0,91.48,35.3394
49748333192,0,0.0,0.0,0.0,2.0,9.0,91.52,35.3604
49748333192,1,0.0,0.0,0.0,1.0,8.0,91.52,36.0745
49748333192,1,0.0,0.0,0.0,2.0,9.0,91.51,34.4653
49748333192,0,0.0,0.0,0.0,2.0,9.0,91.51,34.7939
49748333192,0,0.0,0.0,0.0,3.0,10.0,91.5,35.8239
49748333192,1,0.0,0.0,0.0,3.0,10.0,91.5,35.0037
49748333192,0,0.0,0.0,0.0,0.0,7.0,91.49,34.9376
49748333192,1,0.0,0.0,0.0,1.0,8.0,91.49,35.462
49748333192,0,0.0,0.0,0.0,3.0,10.0,91.51,35.5579
49748333192,1,0.0,0.0,0.0,1.0,8.0,91.51,36.2846
50045059060,1,0.0,0.0,0.0,1742.0,1216.0,311.15,25.6528
50045059060,0,0.0,0.0,0.0,779.0,1197.0,311.15,23.9319
50045059060,1,0.0,0.0,0.0,1129.0,2103.0,311.16,26.3691
50045059060,1,0.0,0.0,0.0,163.0,1578.0,311.23,24.6769
50045059060,0,0.0,0.0,0.0,179.0,800.0,311.23,25.0367
50045059060,1,0.0,0.0,0.0,2059.0,342.0,311.18,28.0158
50045059060,0,0.0,0.0,0.0,1079.0,340.0,311.15,25.8937
50045059060,1,0.0,0.0,0.0,1178.0,1142.0,311.15,25.0437
50045059060,0,0.0,0.0,0.0,1122.0,64.0,311.18,24.5166
50045059060,0,0.0,0.0,0.0,833.0,687.0,311.16,25.5937
50045059060,0,0.0,0.0,0.0,70.0,160.0,311.18,25.5222
50045059060,1,0.0,0.0,0.0,2040.0,1566.0,311.18,25.3967
50045059060,1,0.0,0.0,0.0,1795.0,677.0,311.16,24.7876
50045059060,0,0.0,0.0,0.0,1635.0,428.0,311.16,25.7105
50045059060,1,0.0,0.0,0.0,314.0,1389.0,311.19,27.2524
50045059060,0,0.0,0.0,0.0,659.0,1057.0,311.19,25.5197
50557292618,0,32.0,96.0,32.0,627.0,793.0,691219.0,161.261
50557292618,1,32.0,94.0,33.0,1988.0,1759.0,691219.0,156.619
50557292618,1,30.0,87.0,30.0,178.0,261.0,31802.5,148.292
50557292618,0,30.0,88.0,30.0,305.0,405.0,31802.5,154.551
50557292618,1,32.0,96.0,32.0,633.0,800.0,691220.0,156.144
50557292618,0,32.0,96.0,32.0,633.0,800.0,691221.0,170.075
50557292618,1,32.0,95.0,32.0,632.0,798.0,691221.0,154.771
50557292618,0,30.0,90.0,30.0,304.0,405.0,31735.8,150.829
50557292618,1,32.0,96.0,32.0,635.0,803.0,691221.0,159.856
50557292618,0,32.0,96.0,32.0,628.0,795.0,691221.0,161.659
50557292618,1,30.0,90.0,30.0,304.0,405.0,31735.8,140.402
50557292618,1,32.0,95.0,32.0,636.0,805.0,691221.0,170.694
50557292618,1,30.0,88.0,30.0,304.0,405.0,31802.5,143.205
50557292618,0,30.0,88.0,30.0,304.0,405.0,31802.5,151.649
50557292618,0,32.0,95.0,32.0,631.0,798.0,691221.0,161.403
50557292618,1,32.0,96.0,32.0,634.0,802.0,691221.0,159.188
50557292618,0,30.0,90.0,30.0,304.0,404.0,31735.8,151.844
50557292618,0,32.0,96.0,32.0,632.0,799.0,691221.0,163.395
50557292618,1,30.0,90.0,30.0,304.0,404.0,31735.8,148.937
50557292618,0,32.0,95.0,32.0,633.0,801.0,691221.0,165.374
50557292618,1,32.0,96.0,32.0,634.0,803.0,691221.0,161.077
50557292618,0,32.0,94.0,32.0,1979.0,1756.0,691220.0,160.318
50557292618,1,32.0,96.0,32.0,631.0,798.0,691220.0,150.675
50557292618,0,32.0,95.0,32.0,630.0,797.0,691220.0,162.79
50789560013,1,0.0,0.0,0.0,1078.0,2092.0,7011.74,26.8237
50789560013,1,0.0,0.0,0.0,936.0,174.0,7011.73,25.0425
50789560013,1,1.0,6.0,2.0,1082.0,516.0,7017.37,33.993
50789560013,0,2.0,7.0,2.0,716.0,1449.0,7011.73,34.0449
50789560013,1,1.0,5.0,1.0,844.0,843.0,7017.4,34.5978
50789560013,0,4.0,13.0,4.0,1469.0,1312.0,7017.4,35.8893
50789560013,0,4.0,13.0,4.0,865.0,475.0,7011.73,38.81
50789560013,1,0.0,1.0,0.0,579.0,125.0,7011.73,28.3705
50789560013,1,1.0,5.0,1.0,1048.0,1080.0,7016.39,33.4404
50789560013,0,3.0,12.0,4.0,573.0,1303.0,7016.39,36.9446
50789560013,0,5.0,15.0,5.0,1031.0,542.0,7020.38,42.3745
50789560013,1,0.0,1.0,0.0,1579.0,1690.0,7020.38,27.7401
50789560013,0,4.0,13.0,4.0,1498.0,1230.0,7019.39,39.1487
50789560013,1,1.0,4.0,1.0,637.0,2106.0,7019.39,32.1734
50789560013,0,1.0,5.0,1.0,613.0,1341.0,7011.74,33.5366
50789560013,0,4.0,12.0,4.0,1218.0,121.0,7017.37,36.1828
50924416418,0,0.0,2.0,3.0,1045.0,1764.0,866.93,44.5182
50924416418,1,0.0,1.0,4.0,1590.0,450.0,866.93,46.9449
50924416418,0,0.0,2.0,5.0,603.0,387.0,866.91,47.2208
50924416418,1,1.0,3.0,3.0,999.0,1505.0,866.91,45.6421
50924416418,1,0.0,2.0,3.0,384.0,1402.0,866.93,43.2956
50924416418,0,1.0,3.0,4.0,1807.0,960.0,866.93,46.2817
50924416418,1,0.0,2.0,4.0,1541.0,645.0,866.93,44.3571
50924416418,0,0.0,1.0,4.0,1561.0,1742.0,866.93,44.2458
50924416418,0,0.0,2.0,4.0,771.0,865.0,866.91,49.7275
50924416418,1,0.0,2.0,4.0,736.0,2092.0,866.91,44.6778
50924416418,0,0.0,2.0,3.0,1418.0,691.0,866.94,45.1075
50924416418,1,0.0,2.0,4.0,1312.0,1228.0,866.94,44.818
50924416418,1,0.0,1.0,4.0,1247.0,919.0,866.91,45.7233
50924416418,0,0.0,1.0,4.0,1349.0,1499.0,866.91,47.7209
50924416418,1,0.0,2.0,5.0,1204.0,304.0,866.94,49.7196
50924416418,0,0.0,2.0,4.0,1685.0,1074.0,866.94,46.0827
51015490984,1,0.0,0.0,0.0,1864.0,1173.0,268.23,31.9304
51015490984,0,0.0,0.0,0.0,1702.0,1420.0,268.23,30.4829
51015490984,1,0.0,0.0,0.0,1618.0,1620.0,268.23,28.7674
51015490984,0,0.0,0.0,0.0,1259.0,661.0,268.23,29.3401
51015490984,1,0.0,0.0,0.0,230.0,1331.0,268.22,30.6576
51015490984,0,0.0,0.0,0.0,1651.0,1829.0,268.22,33.6594
51015490984,0,0.0,0.0,0.0,1366.0,756.0,268.22,32.2532
51015490984,1,0.0,0.0,0.0,1198.0,1191.0,268.22,29.0836
51015490984,1,0.0,0.0,0.0,1336.0,1334.0,268.24,30.1306
51015490984,0,0.0,0.0,0.0,323.0,1563.0,268.24,30.0184
51015490984,0,0.0,0.0,0.0,1889.0,1123.0,268.23,30.9899
51015490984,1,0.0,0.0,0.0,459.0,325.0,268.23,27.5287
51015490984,1,0.0,0.0,0.0,1835.0,108.0,268.23,32.3524
51015490984,0,0.0,0.0,0.0,1980.0,1133.0,268.23,31.1996
51015490984,1,0.0,0.0,0.0,439.0,1074.0,268.22,27.6754
51015490984,0,0.0,0.0,0.0,1414.0,1852.0,268.22,32.4491
51286212074,0,0.0,0.0,0.0,1177.0,653.0,1.33,25.37
51286212074,1,0.0,0.0,0.0,1053.0,1187.0,1.33,25.772
51286212074,1,0.0,0.0,0.0,155.0,2099.0,1.34,24.308
51286212074,0,0.0,0.0,0.0,1581.0,925.0,1.34,27.782
51286212074,0,0.0,0.0,0.0,1099.0,1460.0,1.32,26.902
51286212074,1,0.0,0.0,0.0,894.0,864.0,1.32,25.853
51286212074,1,0.0,0.0,0.0,858.0,250.0,1.32,24.985
51286212074,0,0.0,0.0,0.0,1450.0,1037.0,1.32,25.262
51286212074,1,0.0,0.0,0.0,452.0,2048.0,1.33,26.606
51286212074,0,0.0,0.0,0.0,481.0,819.0,1.33,26.8775
51286212074,1,0.0,0.0,0.0,1658.0,602.0,1.34,26.713
51286212074,0,0.0,0.0,0.0,1278.0,1697.0,1.34,25.719
51286212074,0,0.0,0.0,0.0,1994.0,1737.0,1.34,25.665
51286212074,1,0.0,0.0,0.0,1607.0,403.0,1.34,27.2875
51286212074,0,0.0,0.0,0.0,290.0,337.0,1.33,25.879
51286212074,1,0.0,0.0,0.0,802.0,2103.0,1.33,25.418
51464481600,0,0.0,0.0,0.0,1482.0,1115.0,1.31,25.571
51464481600,1,0.0,0.0,0.0,1550.0,1963.0,1.31,26.183
51464481600,1,0.0,0.0,0.0,2063.0,171.0,1.31,42.537
51464481600,0,0.0,0.0,0.0,1252.0,707.0,1.31,45.816
51464481600,1,0.0,0.0,0.0,2010.0,1972.0,1.25,25.026
51464481600,0,0.0,0.0,0.0,1804.0,120.0,1.25,27.19
51464481600,1,0.0,0.0,0.0,564.0,1382.0,1.31,24.544
51464481600,0,0.0,0.0,0.0,841.0,1834.0,1.31,24.772
51464481600,1,0.0,0.0,0.0,125.0,718.0,1.31,24.983
51464481600,0,0.0,0.0,0.0,166.0,213.0,1.31,22.188
51464481600,1,0.0,0.0,0.0,101.0,1980.0,1.29,24.802
51464481600,0,0.0,0.0,0.0,1296.0,1509.0,1.29,26.059
51464481600,1,0.0,0.0,0.0,62.0,1709.0,1.29,24.8415
51464481600,0,0.0,0.0,0.0,1729.0,651.0,1.29,24.8435
51464481600,0,0.0,0.0,0.0,1028.0,548.0,1.31,25.89
51464481600,1,0.0,0.0,0.0,2016.0,2005.0,1.31,25.154
51464481600,1,0.0,0.0,0.0,378.0,688.0,1.3,28.0075
51464481600,0,0.0,0.0,0.0,2026.0,26.0,1.3,25.587
51464481600,1,0.0,0.0,0.0,992.0,1491.0,1.31,24.543
51464481600,0,0.0,0.0,0.0,1962.0,470.0,1.31,25.129
51464481600,0,0.0,0.0,0.0,437.0,252.0,1.31,27.047
51464481600,1,0.0,0.0,0.0,1666.0,128.0,1.31,25.984
51464481600,1,0.0,0.0,0.0,2010.0,358.0,1.32,27.463
51464481600,0,0.0,0.0,0.0,1827.0,618.0,1.32,26.3165
51464481600,0,0.0,0.0,0.0,1751.0,782.0,1.32,24.556
51464481600,1,0.0,0.0,0.0,1777.0,1961.0,1.32,26.4625
51464481600,1,0.0,0.0,0.0,1691.0,1172.0,1.32,26.561
51464481600,0,0.0,0.0,0.0,945.0,1543.0,1.32,25.675
51464481600,1,0.0,0.0,0.0,678.0,1129.0,1.35,25.0875
51464481600,0,0.0,0.0,0.0,561.0,720.0,1.35,25.338
51464481600,1,0.0,0.0,0.0,1133.0,2012.0,1.3,24.536
51464481600,0,0.0,0.0,0.0,778.0,1944.0,1.3,25.389
51602045162,0,0.0,0.0,0.0,1686.0,830.0,6.21,26.8052
51602045162,1,0.0,0.0,0.0,1827.0,959.0,6.21,24.0234
51602045162,1,0.0,0.0,0.0,1122.0,141.0,6.47,26.5845
51602045162,0,0.0,0.0,0.0,134.0,710.0,6.47,25.4648
51602045162,1,0.0,0.0,0.0,1929.0,104.0,6.54,25.8999
51602045162,0,0.0,0.0,0.0,1727.0,899.0,6.54,25.2492
51602045162,1,0.0,0.0,0.0,1927.0,105.0,6.44,25.0613
51602045162,0,0.0,0.0,0.0,1920.0,96.0,6.44,25.31
51602045162,0,0.0,0.0,0.0,195.0,248.0,6.44,26.3183
51602045162,1,0.0,0.0,0.0,1939.0,111.0,6.44,24.9463
51602045162,1,0.0,0.0,0.0,1964.0,1564.0,6.48,25.9246
51602045162,0,0.0,0.0,0.0,2068.0,157.0,6.48,25.9597
51602045162,1,0.0,0.0,0.0,1922.0,92.0,6.58,25.9278
51602045162,0,0.0,0.0,0.0,1924.0,97.0,6.58,24.268
51602045162,1,0.0,0.0,0.0,180.0,259.0,6.43,25.1314
51602045162,0,0.0,0.0,0.0,356.0,353.0,6.43,26.2502
51602045162,0,0.0,0.0,0.0,1199.0,1620.0,6.43,25.1929
51602045162,1,0.0,0.0,0.0,936.0,814.0,6.43,26.1202
51602045162,0,0.0,0.0,0.0,62.0,552.0,6.43,25.9147
51602045162,1,0.0,0.0,0.0,1423.0,1125.0,6.43,28.5122
51602045162,1,0.0,0.0,0.0,1929.0,110.0,6.44,25.3083
51602045162,0,0.0,0.0,0.0,1929.0,110.0,6.44,25.0701
51602045162,1,0.0,0.0,0.0,368.0,1376.0,6.45,26.1293
51602045162,0,0.0,0.0,0.0,1280.0,933.0,6.45,26.355
51602045162,0,0.0,0.0,0.0,1932.0,110.0,6.44,24.6903
51602045162,1,0.0,0.0,0.0,1933.0,113.0,6.44,24.4518
51602045162,0,0.0,0.0,0.0,1822.0,2041.0,6.43,25.301
51602045162,1,0.0,0.0,0.0,996.0,971.0,6.43,25.9402
51602045162,1,0.0,0.0,0.0,309.0,365.0,6.49,25.5331
51602045162,0,0.0,0.0,0.0,287.0,32.0,6.49,25.8975
51602045162,1,0.0,0.0,0.0,1323.0,531.0,6.45,25.0949
51602045162,0,0.0,0.0,0.0,821.0,743.0,6.45,25.792
51874734683,1,0.0,50.0,0.0,573.0,242.0,880.01,36.642
51874734683,0,0.0,50.0,0.0,136.0,112.0,880.01,36.8212
51874734683,0,0.0,0.0,0.0,43.0,113.0,843.69,26.65
51874734683,1,0.0,0.0,0.0,23.0,94.0,843.69,35.0878
51874734683,0,0.0,50.0,0.0,97.0,107.0,880.02,37.3367
51874734683,1,0.0,50.0,0.0,591.0,248.0,880.02,34.9749
51874734683,1,0.0,50.0,0.0,584.0,236.0,880.06,37.2221
51874734683,0,0.0,50.0,0.0,242.0,126.0,880.06,34.909
51874734683,0,0.0,50.0,0.0,151.0,111.0,880.02,35.5974
51874734683,1,0.0,50.0,0.0,574.0,215.0,880.02,36.203
51874734683,0,0.0,50.0,0.0,113.0,120.0,880.06,38.0449
51874734683,1,0.0,50.0,0.0,580.0,232.0,880.06,36.2117
51874734683,0,0.0,50.0,0.0,108.0,119.0,880.02,35.4396
51874734683,1,0.0,50.0,0.0,574.0,226.0,880.02,37.2086
51874734683,0,0.0,50.0,0.0,145.0,119.0,878.03,36.557
51874734683,1,0.0,0.0,0.0,22.0,92.0,878.03,27.736
51954617192,0,3.0,7.0,3.0,558.0,469.0,12042.2,46.4971
51954617192,1,4.0,10.0,5.0,1070.0,587.0,12042.2,51.7763
51954617192,1,4.0,9.0,4.0,910.0,551.0,12040.2,50.7785
51954617192,0,3.0,8.0,3.0,514.0,465.0,12040.2,48.0187
51954617192,0,2.0,5.0,2.0,1174.0,400.0,12040.2,45.3127
51954617192,1,2.0,6.0,2.0,707.0,438.0,12040.2,45.6736
51954617192,1,4.0,9.0,4.0,872.0,510.0,12042.2,51.1922
51954617192,0,2.0,6.0,2.0,698.0,417.0,12042.2,45.7612
51954617192,0,3.0,8.0,4.0,604.0,464.0,12040.1,49.5431
51954617192,1,3.0,8.0,4.0,557.0,478.0,12040.1,49.2255
51954617192,0,1.0,4.0,1.0,1812.0,390.0,12040.2,44.1196
51954617192,1,4.0,9.0,4.0,919.0,555.0,12040.2,51.8226
51954617192,0,1.0,4.0,2.0,1798.0,373.0,12040.2,41.1843
51954617192,1,2.0,5.0,2.0,350.0,1366.0,12040.2,45.1105
51954617192,1,3.0,7.0,3.0,531.0,459.0,12040.2,50.0328
51954617192,0,1.0,4.0,1.0,1615.0,719.0,12040.2,43.8581
51954617192,1,2.0,5.0,2.0,580.0,928.0,12042.2,43.2679
51954617192,0,1.0,4.0,1.0,1759.0,881.0,12042.2,46.6211
51954617192,0,1.0,5.0,2.0,986.0,814.0,12040.1,41.9012
51954617192,1,2.0,6.0,2.0,553.0,1149.0,12040.1,41.7336
51954617192,0,1.0,3.0,1.0,1586.0,359.0,12040.2,40.6753
51954617192,1,1.0,4.0,1.0,1761.0,380.0,12040.2,40.3399
51954617192,0,1.0,4.0,1.0,1728.0,361.0,12040.2,41.6676
51954617192,1,1.0,4.0,1.0,1794.0,414.0,12040.2,41.3341
51954617192,1,2.0,6.0,2.0,662.0,442.0,12040.2,47.8575
51954617192,0,2.0,6.0,2.0,1054.0,395.0,12040.2,45.0872
51954617192,1,5.0,11.0,6.0,1423.0,1053.0,12042.2,51.7577
51954617192,0,3.0,7.0,3.0,618.0,835.0,12042.2,46.7081
51954617192,0,3.0,7.0,3.0,477.0,478.0,12042.2,47.1085
51954617192,1,4.0,9.0,4.0,950.0,551.0,12042.2,50.9435
51954617192,0,3.0,6.0,3.0,766.0,450.0,12040.2,47.4963
51954617192,1,2.0,5.0,2.0,1555.0,430.0,12040.2,45.1676
51997135685,1,0.0,0.0,0.0,9.0,23.0,157.25,30.605
51997135685,0,0.0,0.0,0.0,9.0,22.0,157.25,31.9346
51997135685,0,0.0,0.0,0.0,5.0,19.0,157.25,29.9454
51997135685,1,0.0,0.0,0.0,8.0,22.0,157.25,27.5294
51997135685,0,0.0,0.0,0.0,4.0,18.0,157.27,32.1053
51997135685,1,0.0,0.0,0.0,3.0,17.0,157.27,32.624
51997135685,1,0.0,0.0,0.0,7.0,21.0,157.27,31.0683
51997135685,0,0.0,0.0,0.0,8.0,22.0,157.27,30.7341
51997135685,0,0.0,0.0,0.0,6.0,20.0,157.27,25.5194
51997135685,1,0.0,0.0,0.0,5.0,19.0,157.27,28.1574
51997135685,0,0.0,0.0,0.0,4.0,18.0,157.25,30.3204
51997135685,1,0.0,0.0,0.0,10.0,24.0,157.25,27.9406
51997135685,1,0.0,0.0,0.0,9.0,23.0,157.28,29.5163
51997135685,0,0.0,0.0,0.0,9.0,23.0,157.28,30.8661
51997135685,1,0.0,0.0,0.0,9.0,23.0,157.26,29.6299
51997135685,0,0.0,0.0,0.0,8.0,22.0,157.26,30.8956
51997135685,1,0.0,0.0,0.0,8.0,22.0,157.27,33.5312
51997135685,0,0.0,0.0,0.0,9.0,23.0,157.27,33.4882
51997135685,1,0.0,0.0,0.0,6.0,20.0,157.27,34.6864
51997135685,0,0.0,0.0,0.0,8.0,22.0,157.27,33.5185
51997135685,1,0.0,0.0,0.0,8.0,22.0,157.27,32.1073
51997135685,0,0.0,0.0,0.0,7.0,21.0,157.27,34.3279
51997135685,0,0.0,0.0,0.0,3.0,17.0,157.25,31.6459
51997135685,1,0.0,0.0,0.0,9.0,23.0,157.25,31.777
51997135685,1,0.0,0.0,0.0,8.0,22.0,157.26,32.5501
51997135685,0,0.0,0.0,0.0,6.0,20.0,157.26,32.8926
51997135685,0,0.0,0.0,0.0,7.0,21.0,157.26,28.7708
51997135685,1,0.0,0.0,0.0,9.0,23.0,157.26,29.0143
51997135685,1,0.0,0.0,0.0,10.0,24.0,157.26,29.9782
51997135685,0,0.0,0.0,0.0,8.0,22.0,157.26,30.3938
51997135685,0,0.0,0.0,0.0,10.0,24.0,157.27,31.8343
51997135685,1,0.0,0.0,0.0,9.0,23.0,157.27,30.0803
52295329485,0,0.0,0.0,0.0,1051.0,1288.0,8.86,25.4199
52295329485,1,0.0,0.0,0.0,2080.0,1376.0,8.86,25.9323
52295329485,0,0.0,0.0,0.0,215.0,1639.0,7.21,25.7639
52295329485,1,0.0,0.0,0.0,1520.0,1270.0,7.21,25.1864
52295329485,1,0.0,0.0,0.0,2043.0,202.0,7.22,24.5037
52295329485,1,0.0,0.0,0.0,286.0,341.0,7.22,25.0856
52295329485,0,0.0,0.0,0.0,448.0,125.0,7.22,25.3146
52295329485,1,0.0,0.0,0.0,184.0,1723.0,7.22,24.3428
52295329485,0,0.0,0.0,0.0,452.0,429.0,7.22,26.1714
52295329485,0,0.0,0.0,0.0,2035.0,196.0,7.22,24.6641
52295329485,0,0.0,0.0,0.0,801.0,52.0,8.86,24.2336
52295329485,1,0.0,0.0,0.0,1540.0,320.0,8.86,42.8457
52295329485,1,0.0,0.0,0.0,2030.0,180.0,8.84,25.8734
52295329485,0,0.0,0.0,0.0,1827.0,980.0,8.84,25.1311
52295329485,0,0.0,0.0,0.0,2031.0,194.0,8.85,25.0054
52295329485,1,0.0,0.0,0.0,2038.0,197.0,8.85,25.3524
52295329485,0,0.0,0.0,0.0,1957.0,81.0,8.87,27.1378
52295329485,1,0.0,0.0,0.0,1739.0,243.0,8.87,26.0862
52295329485,1,0.0,0.0,0.0,172.0,426.0,7.19,43.3461
52295329485,0,0.0,0.0,0.0,1323.0,576.0,7.19,25.3827
52295329485,0,0.0,0.0,0.0,1951.0,721.0,7.21,26.49
52295329485,1,0.0,0.0,0.0,998.0,1194.0,7.21,41.6869
52295329485,0,0.0,0.0,0.0,2.0,10.0,7.26,25.732
52295329485,1,0.0,0.0,0.0,4.0,12.0,7.26,24.6976
52295329485,0,0.0,0.0,0.0,2026.0,179.0,7.21,24.2285
52295329485,1,0.0,0.0,0.0,2022.0,167.0,7.21,25.8529
52295329485,0,0.0,0.0,0.0,293.0,327.0,7.21,26.3087
52295329485,1,0.0,0.0,0.0,2049.0,200.0,7.21,24.9933
52295329485,0,0.0,0.0,0.0,2016.0,174.0,7.21,25.31
52295329485,1,0.0,0.0,0.0,2034.0,190.0,7.21,25.0629
52295329485,1,0.0,0.0,0.0,471.0,1457.0,7.2,26.1453
52295329485,0,0.0,0.0,0.0,1378.0,1013.0,7.2,26.3547
52452779606,0,4.0,8.0,4.0,1193.0,1081.0,96.57,49.8982
52452779606,1,4.0,8.0,5.0,1178.0,1098.0,96.57,50.7533
52452779606,0,4.0,8.0,3.0,1163.0,1046.0,96.58,45.571
52452779606,1,4.0,8.0,6.0,1197.0,1069.0,96.58,44.3086
52452779606,0,4.0,8.0,3.0,1183.0,1045.0,96.59,54.0133
52452779606,1,4.0,8.0,5.0,1231.0,1091.0,96.59,51.476
52452779606,0,4.0,7.0,6.0,1189.0,1062.0,96.59,50.3287
52452779606,1,4.0,8.0,4.0,1225.0,1069.0,96.59,49.2453
52452779606,1,4.0,8.0,4.0,1265.0,1089.0,96.59,50.596
52452779606,0,4.0,8.0,3.0,1233.0,1073.0,96.59,50.8001
52452779606,0,4.0,8.0,5.0,1154.0,1071.0,98.26,46.0883
52452779606,1,4.0,8.0,3.0,1283.0,1090.0,98.26,48.9729
52452779606,0,4.0,8.0,5.0,1207.0,1079.0,96.59,47.0453
52452779606,1,4.0,8.0,4.0,1188.0,1068.0,96.59,50.1638
52452779606,0,4.0,8.0,5.0,1192.0,1074.0,96.58,49.5831
52452779606,1,4.0,8.0,3.0,1198.0,1091.0,96.58,45.6949
52607105438,1,0.0,2.0,0.0,1128.0,143.0,84.12,32.6721
52607105438,0,0.0,0.0,0.0,134.0,710.0,84.12,25.553
52607105438,0,0.0,0.0,0.0,1687.0,830.0,83.93,26.8263
52607105438,1,0.0,2.0,0.0,1831.0,960.0,83.93,38.2618
52607105438,1,0.0,1.0,0.0,1935.0,112.0,84.14,31.7297
52607105438,0,0.0,0.0,0.0,1930.0,111.0,84.14,25.0799
52607105438,1,0.0,1.0,0.0,1939.0,115.0,84.13,30.6815
52607105438,0,0.0,0.0,0.0,1933.0,111.0,84.13,24.7428
52607105438,1,0.0,2.0,0.0,1970.0,1566.0,84.13,30.5769
52607105438,0,0.0,0.0,0.0,2069.0,158.0,84.13,25.9703
52607105438,1,0.0,1.0,0.0,1329.0,532.0,84.14,29.8114
52607105438,0,0.0,0.0,0.0,821.0,744.0,84.14,25.8837
52607105438,0,0.0,0.0,0.0,1925.0,97.0,84.17,24.3015
52607105438,1,0.0,1.0,0.0,1928.0,94.0,84.17,31.128
52607105438,1,0.0,1.0,0.0,1933.0,107.0,84.13,32.2281
52607105438,0,0.0,0.0,0.0,1920.0,96.0,84.13,25.3402
52607105438,0,0.0,0.0,0.0,1822.0,2042.0,84.13,25.304
52607105438,1,0.0,2.0,0.0,1002.0,973.0,84.13,31.3868
52607105438,1,0.0,2.0,0.0,942.0,816.0,84.12,32.4757
52607105438,0,0.0,0.0,0.0,1199.0,1621.0,84.12,25.2515
52607105438,0,0.0,0.0,0.0,195.0,248.0,84.12,26.341
52607105438,1,0.0,1.0,0.0,1944.0,113.0,84.12,30.9639
52607105438,1,0.0,1.0,0.0,1429.0,1127.0,84.11,32.6051
52607105438,0,0.0,0.0,0.0,62.0,552.0,84.11,25.9934
52607105438,0,0.0,0.0,0.0,356.0,353.0,84.13,26.2849
52607105438,1,0.0,1.0,0.0,186.0,261.0,84.13,30.664
52607105438,1,0.0,1.0,0.0,315.0,366.0,84.13,30.9964
52607105438,0,0.0,0.0,0.0,288.0,33.0,84.13,25.9671
52607105438,0,0.0,0.0,0.0,1280.0,934.0,84.12,26.4306
52607105438,1,0.0,2.0,0.0,373.0,1378.0,84.12,31.2896
52607105438,0,0.0,0.0,0.0,1727.0,899.0,84.11,25.2424
52607105438,1,0.0,1.0,0.0,1934.0,106.0,84.11,33.7111
52767357650,1,32.0,96.0,32.0,1916.0,1851.0,48285.1,157.226
52767357650,0,32.0,96.0,32.0,1299.0,310.0,48285.1,165.02
52767357650,0,32.0,95.0,32.0,317.0,543.0,48285.1,155.724
52767357650,1,32.0,96.0,32.0,501.0,754.0,48285.1,151.847
52767357650,0,32.0,96.0,32.0,24.0,399.0,48285.1,154.288
52767357650,1,32.0,96.0,32.0,1828.0,1791.0,48285.1,165.602
52767357650,1,32.0,96.0,32.0,489.0,743.0,48285.1,150.134
52767357650,0,32.0,96.0,32.0,485.0,738.0,48285.1,167.44
52767357650,1,32.0,96.0,32.0,487.0,740.0,48285.1,163.872
52767357650,0,32.0,96.0,32.0,507.0,760.0,48285.1,158.063
52767357650,1,32.0,96.0,32.0,1725.0,1523.0,48285.1,162.451
52767357650,0,32.0,96.0,33.0,1736.0,1195.0,48285.1,165.023
52767357650,1,32.0,96.0,32.0,472.0,1696.0,48285.1,157.96
52767357650,0,32.0,96.0,32.0,339.0,477.0,48285.1,163.751
52767357650,0,32.0,96.0,32.0,1853.0,640.0,48283.1,160.114
52767357650,1,32.0,95.0,33.0,560.0,1270.0,48283.1,150.582
53043342513,1,0.0,0.0,0.0,957.0,1372.0,389.4,26.116
53043342513,0,0.0,0.0,0.0,48.0,1264.0,389.4,25.1057
53043342513,1,0.0,0.0,0.0,255.0,790.0,389.4,25.2061
53043342513,0,0.0,0.0,0.0,1585.0,736.0,389.4,26.7685
53043342513,0,0.0,0.0,0.0,1109.0,861.0,389.41,25.4919
53043342513,1,0.0,0.0,0.0,445.0,22.0,389.41,25.3234
53043342513,1,0.0,0.0,0.0,2087.0,363.0,389.4,26.5834
53043342513,0,0.0,0.0,0.0,1910.0,531.0,389.4,25.2382
53043342513,0,0.0,0.0,0.0,551.0,983.0,389.41,25.8374
53043342513,1,0.0,0.0,0.0,424.0,1401.0,389.41,24.6622
53043342513,0,0.0,0.0,0.0,1557.0,723.0,389.41,25.816
53043342513,1,0.0,0.0,0.0,927.0,1466.0,389.41,25.8075
53043342513,0,0.0,0.0,0.0,2126.0,141.0,389.39,26.4669
53043342513,1,0.0,0.0,0.0,225.0,1501.0,389.39,27.1436
53043342513,1,0.0,0.0,0.0,1266.0,2027.0,389.44,24.4888
53043342513,0,0.0,0.0,0.0,806.0,617.0,389.44,26.558
53220204673,1,1.0,6.0,1.0,1680.0,373.0,503.79,41.7675
53220204673,0,1.0,5.0,1.0,1152.0,1895.0,503.79,41.8577
53220204673,1,1.0,6.0,1.0,1404.0,1336.0,503.75,41.1548
53220204673,0,1.0,7.0,1.0,390.0,2025.0,503.75,42.4742
53220204673,0,1.0,6.0,1.0,2034.0,410.0,503.75,44.4387
53220204673,1,0.0,4.0,0.0,916.0,1790.0,503.75,42.4914
53220204673,1,1.0,8.0,1.0,606.0,438.0,503.75,44.1885
53220204673,0,0.0,5.0,1.0,804.0,388.0,503.75,44.4908
53220204673,1,1.0,6.0,1.0,380.0,1512.0,503.75,41.755
53220204673,0,0.0,5.0,0.0,566.0,1348.0,503.75,43.6382
53220204673,0,0.0,3.0,0.0,1041.0,1476.0,503.76,41.7548
53220204673,1,0.0,4.0,0.0,1423.0,1628.0,503.76,41.2815
53220204673,0,0.0,3.0,0.0,1962.0,410.0,503.75,41.6657
53220204673,1,1.0,6.0,1.0,1609.0,630.0,503.75,40.8906
53220204673,1,0.0,5.0,0.0,1899.0,314.0,503.74,40.4102
53220204673,0,0.0,5.0,0.0,990.0,100.0,503.74,42.0408
53558889992,1,0.0,0.0,0.0,2086.0,1281.0,4.35,25.8385
53558889992,0,0.0,0.0,0.0,650.0,838.0,4.35,25.7055
53558889992,0,0.0,0.0,0.0,2098.0,1761.0,4.41,26.6655
53558889992,1,0.0,0.0,0.0,1167.0,1489.0,4.41,26.256
53558889992,0,0.0,0.0,0.0,9.0,1927.0,4.36,25.814
53558889992,1,0.0,0.0,0.0,456.0,1974.0,4.36,27.0373
53558889992,1,0.0,0.0,0.0,771.0,614.0,4.36,27.235
53558889992,0,0.0,0.0,0.0,1261.0,712.0,4.36,25.461
53558889992,1,0.0,0.0,0.0,727.0,1167.0,4.38,26.483
53558889992,0,0.0,0.0,0.0,679.0,1492.0,4.38,28.2642
53558889992,0,0.0,0.0,0.0,1337.0,1841.0,4.37,28.212
53558889992,1,0.0,0.0,0.0,1986.0,294.0,4.37,24.443
53558889992,0,0.0,0.0,0.0,434.0,1634.0,4.37,25.78
53558889992,1,0.0,0.0,0.0,340.0,1354.0,4.37,25.2674
53558889992,1,0.0,0.0,0.0,1376.0,1122.0,4.37,24.8625
53558889992,0,0.0,0.0,0.0,300.0,1494.0,4.37,25.0546
53675734453,1,6.0,18.0,7.0,1199.0,309.0,391.22,47.8802
53675734453,0,3.0,11.0,3.0,609.0,1778.0,391.22,48.4778
53675734453,0,4.0,13.0,4.0,133.0,2027.0,391.2,48.1067
53675734453,1,2.0,8.0,2.0,1148.0,2018.0,391.2,41.688
53675734453,0,2.0,8.0,2.0,763.0,2013.0,391.21,44.1861
53675734453,1,6.0,17.0,6.0,1290.0,1549.0,391.21,45.42
53675734453,0,5.0,15.0,5.0,1500.0,1098.0,391.22,47.0799
53675734453,1,4.0,13.0,4.0,763.0,729.0,391.22,47.679
53675734453,1,4.0,14.0,4.0,305.0,1705.0,391.23,46.7751
53675734453,0,3.0,12.0,4.0,863.0,803.0,391.23,43.7211
53675734453,1,5.0,16.0,6.0,335.0,975.0,391.24,46.4076
53675734453,0,4.0,11.0,4.0,1038.0,906.0,391.24,46.3752
53675734453,1,2.0,9.0,3.0,1519.0,615.0,391.2,45.4239
53675734453,0,2.0,9.0,3.0,353.0,1786.0,391.2,43.9945
53675734453,1,4.0,14.0,4.0,170.0,697.0,391.24,45.4551
53675734453,0,4.0,13.0,4.0,1984.0,1351.0,391.24,45.8494
53724223596,1,0.0,0.0,0.0,1738.0,1197.0,136685.0,35.4671
53724223596,0,0.0,0.0,0.0,520.0,973.0,136685.0,37.5397
53724223596,1,0.0,0.0,0.0,1955.0,1242.0,136681.0,25.5919
53724223596,0,0.0,0.0,0.0,918.0,1050.0,136681.0,25.6731
53724223596,1,0.0,0.0,0.0,2016.0,1246.0,136685.0,36.4604
53724223596,0,0.0,0.0,0.0,1304.0,1115.0,136685.0,37.8419
53724223596,1,0.0,0.0,0.0,1705.0,1192.0,136685.0,36.6149
53724223596,0,0.0,0.0,0.0,1046.0,1070.0,136685.0,38.0178
53724223596,1,0.0,0.0,0.0,1657.0,1183.0,136685.0,35.9378
53724223596,0,0.0,0.0,0.0,1334.0,1122.0,136685.0,36.4201
53724223596,1,0.0,0.0,0.0,44.0,1280.0,136685.0,38.0452
53724223596,0,0.0,0.0,0.0,1528.0,1157.0,136685.0,36.6406
53724223596,0,0.0,0.0,0.0,728.0,1011.0,136685.0,38.3609
53724223596,1,0.0,0.0,0.0,243.0,1317.0,136685.0,36.6215
53724223596,0,0.0,0.0,0.0,1187.0,1095.0,136685.0,38.4306
53724223596,1,0.0,0.0,0.0,806.0,1420.0,136685.0,37.0942
53771513663,1,4.0,12.0,4.0,1291.0,2069.0,558.5,43.6855
53771513663,0,3.0,10.0,3.0,1426.0,900.0,558.5,44.9467
53771513663,0,2.0,7.0,2.0,407.0,1351.0,558.52,45.2137
53771513663,1,2.0,8.0,2.0,1193.0,722.0,558.52,40.4068
53771513663,1,4.0,13.0,4.0,1323.0,1972.0,558.5,48.2571
53771513663,0,2.0,7.0,2.0,1667.0,217.0,558.5,40.5649
53771513663,1,3.0,11.0,3.0,691.0,259.0,558.51,44.7393
53771513663,0,3.0,10.0,4.0,1416.0,1646.0,558.51,46.8107
53771513663,0,3.0,10.0,3.0,1037.0,630.0,558.5,44.3398
53771513663,1,5.0,16.0,6.0,827.0,1150.0,558.5,47.7592
53771513663,0,3.0,11.0,3.0,1116.0,1670.0,558.51,44.6698
53771513663,1,2.0,7.0,2.0,1549.0,584.0,558.51,39.2665
53771513663,1,4.0,12.0,4.0,1477.0,97.0,558.51,46.1738
53771513663,0,3.0,10.0,3.0,692.0,917.0,558.51,45.4124
53771513663,1,3.0,10.0,3.0,1737.0,1913.0,558.5,43.9107
53771513663,0,4.0,12.0,4.0,1916.0,706.0,558.5,49.4318
53930758334,1,2.0,9.0,2.0,979.0,1344.0,191372.0,43.6841
53930758334,0,5.0,15.0,5.0,1180.0,1534.0,191372.0,49.3607
53930758334,1,5.0,16.0,5.0,1167.0,669.0,191372.0,49.9191
53930758334,0,4.0,14.0,4.0,1122.0,1501.0,191372.0,46.5529
53930758334,0,3.0,9.0,3.0,1150.0,707.0,191372.0,46.634
53930758334,1,3.0,9.0,3.0,910.0,1600.0,191372.0,45.201
53930758334,0,4.0,13.0,5.0,1110.0,996.0,191372.0,50.7964
53930758334,1,4.0,15.0,5.0,1077.0,584.0,191372.0,46.8958
53930758334,0,5.0,16.0,5.0,1155.0,1240.0,191372.0,49.9483
53930758334,1,4.0,13.0,4.0,1098.0,805.0,191372.0,45.4824
53930758334,0,2.0,8.0,2.0,830.0,1642.0,191372.0,43.596
53930758334,1,6.0,18.0,6.0,967.0,405.0,191372.0,50.3349
53930758334,0,4.0,12.0,4.0,1099.0,999.0,191372.0,46.2148
53930758334,1,6.0,17.0,6.0,1121.0,1029.0,191372.0,48.9224
53930758334,0,4.0,12.0,4.0,1086.0,751.0,191372.0,47.2684
53930758334,1,7.0,20.0,7.0,1112.0,588.0,191372.0,52.4175
54060859759,1,3.0,9.0,3.0,1119.0,178.0,4063.62,46.6954
54060859759,0,3.0,9.0,3.0,1137.0,179.0,4063.62,48.8713
54060859759,1,6.0,17.0,6.0,1010.0,316.0,4063.57,52.2581
54060859759,0,4.0,15.0,5.0,936.0,266.0,4063.57,49.7536
54060859759,0,3.0,12.0,4.0,990.0,216.0,4063.57,46.3049
54060859759,1,4.0,13.0,5.0,970.0,242.0,4063.57,48.1833
54060859759,1,1.0,7.0,2.0,858.0,136.0,4063.56,42.0509
54060859759,0,4.0,11.0,4.0,1026.0,209.0,4063.56,48.7399
54060859759,1,3.0,10.0,3.0,1156.0,185.0,4063.57,49.2811
54060859759,0,1.0,6.0,1.0,789.0,125.0,4063.57,43.702
54199863135,1,0.0,0.0,47.0,755.0,1510.0,172052.0,121.425
54199863135,0,46.0,66.0,47.0,128.0,1384.0,172052.0,126.061
54199863135,0,46.0,67.0,47.0,323.0,238.0,172052.0,127.053
54199863135,1,0.0,0.0,46.0,1456.0,1250.0,172052.0,131.007
54199863135,1,0.0,0.0,47.0,1247.0,41.0,172054.0,124.678
54199863135,0,46.0,67.0,47.0,2128.0,198.0,172054.0,122.331
54199863135,1,46.0,67.0,47.0,1749.0,910.0,172052.0,127.096
54199863135,0,46.0,66.0,46.0,1879.0,145.0,172052.0,134.952
54199863135,0,46.0,65.0,47.0,847.0,1927.0,172052.0,128.349
54199863135,1,0.0,0.0,47.0,407.0,1437.0,172052.0,123.333
54199863135,0,46.0,65.0,47.0,1554.0,510.0,172052.0,122.121
54199863135,1,46.0,66.0,47.0,192.0,2042.0,172052.0,134.167
54199863135,0,46.0,67.0,46.0,478.0,1462.0,172054.0,128.963
54199863135,1,46.0,67.0,46.0,2041.0,1197.0,172054.0,133.396
54199863135,0,46.0,67.0,47.0,1078.0,1974.0,172052.0,130.074
54199863135,1,46.0,66.0,46.0,1195.0,998.0,172052.0,121.034
54340988098,1,0.0,2.0,0.0,2072.0,1440.0,1927.37,38.9319
54340988098,0,0.0,3.0,0.0,940.0,443.0,1927.37,40.0278
54340988098,1,0.0,3.0,0.0,297.0,712.0,1929.02,43.0546
54340988098,0,0.0,2.0,0.0,918.0,1564.0,1929.02,38.7272
54340988098,0,0.0,3.0,0.0,1653.0,459.0,1927.36,37.8517
54340988098,1,0.0,4.0,0.0,1850.0,573.0,1927.36,40.8213
54340988098,1,0.0,3.0,0.0,1050.0,181.0,1927.37,39.4882
54340988098,0,0.0,3.0,0.0,766.0,1506.0,1927.37,37.0276
54340988098,1,0.0,2.0,0.0,998.0,1420.0,1927.37,38.5296
54340988098,0,0.0,2.0,0.0,1038.0,1311.0,1927.37,38.4393
54340988098,1,0.0,3.0,0.0,324.0,986.0,1927.35,40.1583
54340988098,0,0.0,2.0,0.0,229.0,1899.0,1927.35,36.2994
54340988098,0,0.0,3.0,0.0,1610.0,1524.0,1931.04,38.5226
54340988098,1,0.0,4.0,0.0,1716.0,412.0,1931.04,36.3736
54340988098,0,0.0,3.0,0.0,1099.0,1723.0,1927.36,40.415
54340988098,1,0.0,3.0,0.0,1004.0,1422.0,1927.36,37.1019
54407961556,1,0.0,0.0,0.0,693.0,1004.0,432.55,27.1441
54407961556,0,0.0,0.0,0.0,768.0,1045.0,432.55,28.1074
54407961556,1,0.0,0.0,0.0,1716.0,197.0,434.57,26.6259
54407961556,0,0.0,0.0,0.0,1272.0,1478.0,434.57,27.5037
54407961556,1,0.0,0.0,0.0,649.0,1041.0,434.55,28.4709
54407961556,0,0.0,0.0,0.0,508.0,672.0,434.55,27.2431
54407961556,0,0.0,0.0,0.0,30.0,1682.0,433.57,28.8451
54407961556,1,0.0,0.0,0.0,1005.0,1555.0,433.57,26.3458
54407961556,1,0.0,0.0,0.0,1768.0,687.0,430.63,23.9757
54407961556,0,0.0,0.0,0.0,1966.0,1766.0,430.63,25.8726
54407961556,1,0.0,0.0,0.0,2089.0,939.0,433.57,27.8351
54407961556,0,0.0,0.0,0.0,1219.0,425.0,433.57,28.6105
54407961556,0,0.0,0.0,0.0,810.0,18.0,432.56,28.2289
54407961556,1,0.0,0.0,0.0,1744.0,1052.0,432.56,42.493
54407961556,0,0.0,0.0,0.0,915.0,349.0,433.55,28.7714
54407961556,1,0.0,0.0,0.0,1729.0,599.0,433.55,28.3913
54661712258,0,0.0,0.0,0.0,1190.0,107.0,1.63,25.1775
54661712258,1,0.0,0.0,0.0,926.0,940.0,1.63,26.76
54661712258,1,0.0,0.0,0.0,1699.0,724.0,1.63,24.5535
54661712258,0,0.0,0.0,0.0,168.0,1517.0,1.63,24.789
54661712258,0,0.0,0.0,0.0,1132.0,811.0,1.67,25.349
54661712258,1,0.0,0.0,0.0,1772.0,449.0,1.67,25.269
54661712258,1,0.0,0.0,0.0,1572.0,1235.0,1.64,26.527
54661712258,0,0.0,0.0,0.0,1043.0,128.0,1.64,25.619
54661712258,1,0.0,0.0,0.0,1136.0,350.0,1.62,25.944
54661712258,0,0.0,0.0,0.0,1377.0,1306.0,1.62,26.4
54661712258,1,0.0,0.0,0.0,1437.0,1566.0,1.63,25.525
54661712258,0,0.0,0.0,0.0,1876.0,1073.0,1.63,25.37
54661712258,0,0.0,0.0,0.0,1912.0,1926.0,1.63,26.3915
54661712258,1,0.0,0.0,0.0,2000.0,1380.0,1.63,25.384
54661712258,1,0.0,0.0,0.0,412.0,599.0,1.63,24.211
54661712258,0,0.0,0.0,0.0,34.0,1329.0,1.63,27.776
54720721115,0,0.0,0.0,0.0,438.0,708.0,5.37,26.0848
54720721115,1,0.0,0.0,0.0,1668.0,40.0,5.37,28.5644
54720721115,0,0.0,0.0,0.0,1722.0,2119.0,5.37,26.481
54720721115,1,0.0,0.0,0.0,628.0,124.0,5.37,24.8452
54720721115,0,0.0,0.0,0.0,1842.0,736.0,5.38,27.0894
54720721115,1,0.0,0.0,0.0,125.0,734.0,5.38,28.3597
54720721115,0,0.0,0.0,0.0,507.0,1306.0,5.37,26.3018
54720721115,1,0.0,0.0,0.0,1224.0,1416.0,5.37,27.0243
54720721115,0,0.0,0.0,0.0,1991.0,109.0,5.38,26.43
54720721115,1,0.0,0.0,0.0,315.0,1738.0,5.38,27.5212
54720721115,0,0.0,0.0,0.0,2022.0,275.0,5.37,27.0382
54720721115,1,0.0,0.0,0.0,296.0,272.0,5.37,25.3004
54720721115,1,0.0,0.0,0.0,1564.0,371.0,5.37,24.967
54720721115,0,0.0,0.0,0.0,1086.0,454.0,5.37,25.9434
54720721115,1,0.0,0.0,0.0,104.0,1204.0,5.37,26.9482
54720721115,0,0.0,0.0,0.0,281.0,269.0,5.37,26.3758
55162315911,0,0.0,0.0,0.0,1827.0,980.0,46.36,25.1577
55162315911,1,0.0,0.0,0.0,2030.0,180.0,46.36,25.885
55162315911,0,0.0,0.0,0.0,2030.0,194.0,47.95,25.0003
55162315911,1,0.0,0.0,0.0,2037.0,197.0,47.95,25.3565
55162315911,0,0.0,0.0,0.0,448.0,125.0,46.29,25.286
55162315911,1,0.0,0.0,0.0,183.0,1722.0,46.29,24.334
55162315911,0,0.0,0.0,0.0,1051.0,1288.0,47.95,25.4004
55162315911,1,0.0,0.0,0.0,2080.0,1376.0,47.95,25.9167
55162315911,1,0.0,0.0,0.0,285.0,341.0,46.35,25.1094
55162315911,0,0.0,0.0,0.0,452.0,429.0,46.35,26.1782
55162315911,0,0.0,0.0,0.0,1323.0,576.0,46.28,25.4242
55162315911,0,0.0,0.0,0.0,800.0,52.0,47.94,24.2016
55162315911,1,0.0,0.0,0.0,1540.0,320.0,47.94,42.8363
55162315911,0,0.0,0.0,0.0,1377.0,1013.0,47.93,26.3523
55162315911,0,0.0,0.0,0.0,2016.0,173.0,46.28,25.3067
55162315911,1,0.0,0.0,0.0,2034.0,190.0,46.28,25.0926
55162315911,1,0.0,0.0,0.0,171.0,425.0,46.28,43.34
55162315911,1,0.0,0.0,0.0,471.0,1457.0,47.93,26.1425
55162315911,0,0.0,0.0,0.0,2026.0,179.0,47.95,24.2573
55162315911,1,0.0,0.0,0.0,2022.0,167.0,47.95,25.8892
55162315911,1,0.0,0.0,0.0,2049.0,200.0,46.3,24.9962
55162315911,0,0.0,0.0,0.0,293.0,327.0,46.3,26.3084
55162315911,1,0.0,0.0,0.0,997.0,1194.0,46.29,41.5876
55162315911,0,0.0,0.0,0.0,1951.0,721.0,46.29,26.4582
55162315911,1,0.0,0.0,0.0,1739.0,242.0,46.3,26.0611
55162315911,0,0.0,0.0,0.0,1956.0,81.0,46.3,27.1265
55162315911,1,0.0,0.0,0.0,1519.0,1270.0,47.96,25.2058
55162315911,0,0.0,0.0,0.0,214.0,1638.0,47.96,25.7727
55162315911,1,0.0,0.0,0.0,2042.0,201.0,46.29,24.4722
55162315911,0,0.0,0.0,0.0,2035.0,196.0,46.29,24.6387
55162315911,0,0.0,0.0,0.0,2.0,9.0,46.34,25.7255
55162315911,1,0.0,0.0,0.0,4.0,11.0,46.34,24.6992
55222718564,1,0.0,0.0,0.0,312.0,553.0,46.55,28.0498
55222718564,1,0.0,0.0,0.0,61.0,1934.0,46.57,25.4739
55222718564,0,0.0,0.0,0.0,41.0,575.0,46.55,24.5607
55222718564,0,0.0,0.0,0.0,1654.0,424.0,46.54,25.9562
55222718564,1,0.0,0.0,0.0,1839.0,451.0,46.54,25.0495
55222718564,0,0.0,0.0,0.0,1188.0,212.0,46.57,25.5407
55222718564,1,0.0,0.0,0.0,1511.0,666.0,46.59,25.7472
55222718564,0,0.0,0.0,0.0,1713.0,160.0,46.59,24.0232
55222718564,0,0.0,0.0,0.0,772.0,675.0,46.54,24.9871
55222718564,1,0.0,0.0,0.0,480.0,1491.0,46.54,24.691
55222718564,1,0.0,0.0,0.0,1181.0,1075.0,46.56,25.7718
55222718564,0,0.0,0.0,0.0,748.0,497.0,46.56,27.2443
55222718564,0,0.0,0.0,0.0,1324.0,534.0,46.54,25.7948
55222718564,1,0.0,0.0,0.0,2092.0,1598.0,46.54,24.8013
55222718564,1,0.0,0.0,0.0,1481.0,1726.0,46.61,24.7453
55222718564,0,0.0,0.0,0.0,1647.0,1298.0,46.61,24.4069
55263559897,1,0.0,0.0,0.0,4.0,30.0,0.5,26.452
55263559897,0,0.0,0.0,0.0,7.0,33.0,0.5,26.336
55263559897,1,0.0,0.0,0.0,2.0,28.0,0.49,25.414
55263559897,1,0.0,0.0,0.0,0.0,0.0,0.51,0.0
55263559897,0,0.0,0.0,0.0,0.0,0.0,0.51,0.0
55263559897,0,0.0,0.0,0.0,3.0,29.0,0.5,26.07
55263559897,0,0.0,0.0,0.0,8.0,34.0,0.49,25.598
55263559897,1,0.0,0.0,0.0,8.0,34.0,0.5,27.253
55263559897,1,0.0,0.0,0.0,0.0,0.0,0.51,0.0
55263559897,0,0.0,0.0,0.0,0.0,0.0,0.51,0.0
55263559897,1,0.0,0.0,0.0,1.0,27.0,0.52,28.109
55263559897,0,0.0,0.0,0.0,7.0,33.0,0.52,25.782
55263559897,1,0.0,0.0,0.0,0.0,0.0,0.48,0.0
55263559897,0,0.0,0.0,0.0,0.0,0.0,0.48,0.0
55263559897,0,0.0,0.0,0.0,5.0,31.0,0.5,26.337
55263559897,1,0.0,0.0,0.0,12.0,38.0,0.5,24.797
55682986506,1,6.0,10.0,6.0,111.0,342.0,987.72,55.9229
55682986506,0,6.0,10.0,6.0,969.0,129.0,987.72,57.6153
55682986506,1,6.0,10.0,6.0,1805.0,1234.0,987.74,53.4035
55682986506,0,6.0,10.0,7.0,1866.0,58.0,987.74,53.9959
55682986506,1,6.0,10.0,6.0,724.0,1438.0,987.75,52.8221
55682986506,0,6.0,10.0,6.0,858.0,255.0,987.75,53.0045
55682986506,1,6.0,9.0,6.0,918.0,1183.0,984.73,55.4241
55682986506,0,6.0,9.0,6.0,1045.0,318.0,984.73,54.4322
55682986506,0,6.0,10.0,7.0,1449.0,975.0,987.76,54.9761
55682986506,1,6.0,10.0,6.0,831.0,1947.0,987.76,55.9286
55682986506,1,6.0,10.0,6.0,1623.0,857.0,987.76,59.0548
55682986506,0,6.0,10.0,6.0,1520.0,1181.0,987.76,58.7589
55682986506,0,6.0,10.0,7.0,471.0,854.0,987.74,54.9711
55682986506,1,6.0,10.0,7.0,1025.0,1182.0,987.74,57.1563
55682986506,1,6.0,10.0,7.0,1548.0,556.0,987.75,59.8171
55682986506,0,6.0,10.0,6.0,1803.0,691.0,987.75,57.2346
55682986506,0,6.0,10.0,7.0,1646.0,713.0,987.76,55.7004
55682986506,1,6.0,10.0,7.0,2049.0,793.0,987.76,57.3876
55682986506,0,6.0,10.0,6.0,1888.0,23.0,987.76,53.4322
55682986506,1,6.0,10.0,6.0,116.0,952.0,987.76,56.063
55682986506,0,6.0,10.0,6.0,1780.0,1350.0,987.76,55.3012
55682986506,1,6.0,10.0,6.0,866.0,837.0,987.76,52.7705
55682986506,1,6.0,10.0,6.0,1992.0,1520.0,987.73,52.8033
55682986506,0,6.0,10.0,6.0,1068.0,28.0,987.73,54.7964
55682986506,0,6.0,10.0,6.0,620.0,1878.0,987.76,56.8492
55682986506,1,6.0,10.0,6.0,1058.0,1418.0,987.76,55.2324
55682986506,0,6.0,10.0,6.0,1138.0,1329.0,987.75,57.5139
55682986506,1,6.0,10.0,6.0,979.0,473.0,987.75,55.7118
55682986506,0,6.0,10.0,6.0,582.0,1943.0,987.77,54.6633
55682986506,1,6.0,10.0,6.0,1182.0,1401.0,987.77,54.8384
55682986506,0,6.0,10.0,6.0,499.0,1636.0,987.76,57.9343
55682986506,1,6.0,10.0,6.0,1505.0,798.0,987.76,54.3857
55682986506,1,6.0,10.0,6.0,1035.0,1560.0,987.75,53.0299
55682986506,0,6.0,10.0,6.0,221.0,488.0,987.75,58.2201
55682986506,0,6.0,10.0,7.0,1229.0,1340.0,987.75,54.3045
55682986506,1,6.0,10.0,7.0,246.0,1250.0,987.75,57.3082
55682986506,0,6.0,10.0,7.0,1250.0,1352.0,987.77,53.3586
55682986506,1,6.0,10.0,6.0,1246.0,1429.0,987.77,57.1522
55682986506,1,6.0,10.0,6.0,2003.0,1267.0,987.74,54.3016
55682986506,0,6.0,10.0,7.0,264.0,1997.0,987.74,53.8632
55682986506,1,6.0,10.0,6.0,126.0,1982.0,987.73,54.8336
55682986506,0,6.0,10.0,7.0,562.0,2052.0,987.73,57.0276
55682986506,0,6.0,10.0,6.0,537.0,760.0,987.74,58.7939
55682986506,1,6.0,10.0,6.0,726.0,2073.0,987.74,55.9094
55682986506,1,6.0,10.0,6.0,1416.0,1399.0,987.74,56.9528
55682986506,0,6.0,10.0,6.0,733.0,983.0,987.74,58.2518
55682986506,1,6.0,10.0,6.0,1261.0,307.0,987.75,54.2988
55682986506,0,6.0,10.0,6.0,260.0,2090.0,987.75,55.6567
55682986506,0,6.0,10.0,6.0,909.0,199.0,987.76,53.8323
55682986506,1,6.0,10.0,7.0,1705.0,517.0,987.76,57.4633
55682986506,1,6.0,10.0,6.0,196.0,463.0,987.75,56.2279
55682986506,0,6.0,10.0,6.0,346.0,377.0,987.75,55.3921
55682986506,0,6.0,10.0,6.0,682.0,274.0,987.75,55.814
55682986506,1,6.0,10.0,6.0,1057.0,2131.0,987.75,57.4485
55682986506,0,6.0,10.0,6.0,756.0,1016.0,987.74,57.0264
55682986506,1,6.0,10.0,7.0,160.0,1147.0,987.74,54.7195
55682986506,1,6.0,10.0,7.0,760.0,940.0,987.76,53.2199
55682986506,0,6.0,10.0,6.0,1268.0,196.0,987.76,53.9138
55682986506,1,6.0,10.0,6.0,482.0,856.0,987.76,53.6156
55682986506,0,6.0,10.0,6.0,999.0,1718.0,987.76,55.5572
55682986506,1,6.0,10.0,6.0,570.0,1874.0,987.74,55.7596
55682986506,0,6.0,10.0,6.0,1050.0,1580.0,987.74,55.1165
55682986506,1,6.0,10.0,6.0,239.0,1764.0,987.73,59.1913
55682986506,0,6.0,10.0,7.0,647.0,752.0,987.73,56.0162
55748601045,0,25.0,98.0,25.0,1128.0,1060.0,359945.0,178.642
55748601045,1,25.0,98.0,25.0,1477.0,1244.0,193371.0,180.349
55748601045,0,25.0,98.0,25.0,1313.0,351.0,359945.0,173.487
55748601045,1,25.0,98.0,25.0,984.0,1453.0,359945.0,175.289
55748601045,1,25.0,98.0,25.0,1596.0,2046.0,193371.0,174.345
55748601045,0,25.0,98.0,25.0,1143.0,1017.0,193371.0,185.688
55748601045,0,25.0,98.0,25.0,1311.0,1583.0,359945.0,174.397
55748601045,1,25.0,98.0,25.0,743.0,1655.0,359945.0,185.157
55748601045,1,25.0,98.0,25.0,921.0,1886.0,193371.0,182.173
55748601045,0,25.0,98.0,25.0,901.0,1807.0,193371.0,183.803
55748601045,1,25.0,98.0,26.0,965.0,1065.0,193371.0,176.097
55748601045,0,25.0,98.0,25.0,549.0,1192.0,193371.0,173.11
55748601045,0,25.0,98.0,25.0,782.0,130.0,359945.0,181.883
55748601045,1,25.0,98.0,25.0,1389.0,969.0,359945.0,169.168
55748601045,0,25.0,98.0,25.0,1185.0,1828.0,193371.0,178.461
55748601045,1,25.0,98.0,25.0,1307.0,1615.0,359945.0,188.062
55887635312,0,0.0,0.0,0.0,1612.0,1528.0,1.14,24.083
55887635312,1,0.0,0.0,0.0,1145.0,1491.0,1.14,25.258
55887635312,0,0.0,0.0,0.0,439.0,1826.0,1.09,28.562
55887635312,1,0.0,0.0,0.0,1596.0,1081.0,1.09,26.234
55887635312,0,0.0,0.0,0.0,1549.0,1841.0,1.09,26.498
55887635312,1,0.0,0.0,0.0,203.0,1680.0,1.09,24.269
55887635312,0,0.0,0.0,0.0,1840.0,790.0,1.08,26.006
55887635312,1,0.0,0.0,0.0,1400.0,791.0,1.08,26.906
55887635312,0,0.0,0.0,0.0,1190.0,1341.0,1.1,26.011
55887635312,1,0.0,0.0,0.0,1003.0,432.0,1.1,24.77
55887635312,0,0.0,0.0,0.0,398.0,1831.0,1.09,27.15
55887635312,1,0.0,0.0,0.0,2062.0,2028.0,1.09,25.727
55887635312,1,0.0,0.0,0.0,539.0,708.0,1.08,25.845
55887635312,0,0.0,0.0,0.0,1530.0,692.0,1.08,27.4275
55887635312,1,0.0,0.0,0.0,1980.0,1744.0,1.09,25.095
55887635312,0,0.0,0.0,0.0,1599.0,1146.0,1.09,26.119
55954390607,1,0.0,0.0,0.0,281.0,1068.0,46.75,34.8365
55954390607,0,0.0,0.0,0.0,790.0,1149.0,46.75,35.0699
55954390607,0,0.0,0.0,0.0,556.0,1126.0,44.08,36.0368
55954390607,1,0.0,0.0,0.0,344.0,1075.0,44.08,37.3473
55954390607,1,0.0,0.0,0.0,292.0,1081.0,44.09,39.2332
55954390607,0,0.0,0.0,0.0,337.0,1084.0,44.09,35.5658
55954390607,0,0.0,0.0,0.0,1924.0,1730.0,44.1,35.7564
55954390607,1,0.0,0.0,0.0,2078.0,1746.0,44.1,34.7162
55954390607,0,0.0,0.0,0.0,630.0,1102.0,44.08,34.941
55954390607,1,0.0,0.0,0.0,654.0,1086.0,44.08,38.5823
55954390607,0,0.0,0.0,0.0,1577.0,1682.0,44.1,35.46
55954390607,1,0.0,0.0,0.0,1807.0,1711.0,44.1,35.3264
55954390607,0,0.0,0.0,0.0,2044.0,1746.0,46.75,35.2347
55954390607,1,0.0,0.0,0.0,1928.0,1719.0,46.75,35.3697
55954390607,1,0.0,0.0,0.0,1273.0,1471.0,44.09,37.8091
55954390607,0,0.0,0.0,0.0,1053.0,1437.0,44.09,40.4597
55954390607,0,0.0,0.0,0.0,194.0,1783.0,44.1,35.7753
55954390607,1,0.0,0.0,0.0,1471.0,1671.0,44.1,35.2651
55954390607,0,0.0,0.0,0.0,2098.0,1746.0,46.79,35.0498
55954390607,1,0.0,0.0,0.0,1687.0,1695.0,46.79,35.4081
55954390607,1,0.0,0.0,0.0,829.0,1405.0,44.09,35.2875
55954390607,0,0.0,0.0,0.0,628.0,1395.0,44.09,37.2077
55954390607,1,0.0,0.0,0.0,2025.0,1737.0,44.18,35.4419
55954390607,0,0.0,0.0,0.0,1885.0,1719.0,44.18,37.7983
55954390607,0,0.0,0.0,0.0,1152.0,1455.0,44.12,36.4662
55954390607,1,0.0,0.0,0.0,627.0,1402.0,44.12,33.6778
55954390607,1,0.0,0.0,0.0,643.0,638.0,46.75,35.6093
55954390607,0,0.0,0.0,0.0,2142.0,1930.0,46.75,34.4285
55954390607,1,0.0,0.0,0.0,764.0,1393.0,44.11,37.0473
55954390607,0,0.0,0.0,0.0,912.0,1415.0,44.11,35.904
55954390607,1,0.0,0.0,0.0,1482.0,1665.0,44.11,36.3262
55954390607,0,0.0,0.0,0.0,2119.0,1748.0,44.11,37.0458
55954390607,1,0.0,0.0,0.0,512.0,1378.0,46.76,36.5237
55954390607,0,0.0,0.0,0.0,633.0,1393.0,46.76,35.0203
55954390607,0,0.0,0.0,0.0,1865.0,1721.0,46.75,37.8171
55954390607,1,0.0,0.0,0.0,1915.0,1718.0,46.75,35.0138
55954390607,0,0.0,0.0,0.0,716.0,1127.0,44.09,38.3209
55954390607,1,0.0,0.0,0.0,797.0,1112.0,44.09,35.3316
55954390607,1,0.0,0.0,0.0,668.0,1122.0,46.75,35.8453
55954390607,0,0.0,0.0,0.0,641.0,1122.0,46.75,36.8362
55954390607,0,0.0,0.0,0.0,1641.0,1695.0,44.1,36.65
55954390607,1,0.0,0.0,0.0,1786.0,1703.0,44.1,34.7189
55954390607,1,0.0,0.0,0.0,1767.0,1703.0,44.13,35.0885
55954390607,0,0.0,0.0,0.0,1570.0,1688.0,44.13,37.4449
55954390607,1,0.0,0.0,0.0,1893.0,1722.0,44.1,35.1148
55954390607,0,0.0,0.0,0.0,1749.0,1709.0,44.1,36.1494
55954390607,1,0.0,0.0,0.0,1550.0,1669.0,44.09,35.5161
55954390607,0,0.0,0.0,0.0,1908.0,1722.0,44.09,34.3575
55954390607,0,0.0,0.0,0.0,517.0,1086.0,44.09,39.9775
55954390607,1,0.0,0.0,0.0,805.0,1129.0,44.09,34.2752
55954390607,0,0.0,0.0,0.0,687.0,1119.0,46.74,33.9029
55954390607,1,0.0,0.0,0.0,353.0,1074.0,46.74,35.9742
55954390607,1,0.0,0.0,0.0,714.0,1390.0,46.75,34.4428
55954390607,0,0.0,0.0,0.0,549.0,1358.0,46.75,35.118
55954390607,1,0.0,0.0,0.0,1549.0,1679.0,44.11,35.3952
55954390607,0,0.0,0.0,0.0,1819.0,1708.0,44.11,35.0802
55954390607,0,0.0,0.0,0.0,1010.0,1411.0,46.76,39.9047
55954390607,1,0.0,0.0,0.0,747.0,1415.0,46.76,34.968
55954390607,1,0.0,0.0,0.0,1540.0,1672.0,44.1,37.3735
55954390607,0,0.0,0.0,0.0,2133.0,1754.0,44.1,35.9098
55954390607,1,0.0,0.0,0.0,407.0,1385.0,44.11,34.64
55954390607,0,0.0,0.0,0.0,610.0,1397.0,44.11,38.6217
55954390607,0,0.0,0.0,0.0,1652.0,1694.0,44.12,35.8909
55954390607,1,0.0,0.0,0.0,2070.0,1737.0,44.12,34.1491
56313741493,0,0.0,0.0,0.0,1221.0,1706.0,1167.8,31.3661
56313741493,1,0.0,0.0,0.0,394.0,912.0,1167.8,29.015
56313741493,0,0.0,0.0,0.0,1202.0,1480.0,1167.84,34.648
56313741493,1,0.0,0.0,0.0,320.0,1746.0,1167.84,31.1606
56313741493,1,0.0,0.0,0.0,1683.0,540.0,1167.83,30.8962
56313741493,0,0.0,0.0,0.0,1142.0,1160.0,1167.83,30.5249
56313741493,1,0.0,0.0,0.0,831.0,619.0,1167.85,30.998
56313741493,0,0.0,0.0,0.0,143.0,1300.0,1167.85,30.988
56313741493,1,0.0,0.0,1.0,960.0,250.0,1167.8,31.1772
56313741493,0,0.0,0.0,0.0,1763.0,1483.0,1167.8,33.1096
56313741493,0,0.0,0.0,0.0,307.0,725.0,1167.82,31.0189
56313741493,1,0.0,0.0,0.0,1555.0,766.0,1167.82,29.4465
56313741493,0,0.0,0.0,0.0,373.0,824.0,1167.8,30.6542
56313741493,1,0.0,0.0,0.0,410.0,157.0,1167.8,29.6793
56313741493,1,0.0,0.0,0.0,101.0,531.0,1167.83,31.2642
56313741493,0,0.0,0.0,0.0,787.0,1859.0,1167.83,31.248
56342855388,0,36.0,79.0,36.0,1045.0,1085.0,74289.7,145.288
56342855388,1,36.0,79.0,36.0,1182.0,1030.0,74289.7,143.386
56342855388,0,36.0,78.0,36.0,1141.0,1032.0,74289.7,141.021
56342855388,1,36.0,78.0,36.0,1182.0,1136.0,74289.7,131.721
56342855388,0,36.0,78.0,37.0,1090.0,1082.0,74291.3,145.436
56342855388,1,36.0,78.0,37.0,1128.0,1084.0,74291.3,135.112
56342855388,0,36.0,78.0,37.0,1047.0,1079.0,74289.7,142.375
56342855388,1,36.0,78.0,36.0,1006.0,1142.0,74289.7,130.862
56342855388,0,36.0,78.0,35.0,1059.0,1033.0,74291.3,141.653
56342855388,1,36.0,78.0,36.0,1011.0,1072.0,74291.3,141.9
56342855388,0,36.0,78.0,37.0,1011.0,1141.0,74289.7,137.892
56342855388,1,36.0,78.0,37.0,1110.0,1208.0,74289.7,148.659
56342855388,1,36.0,78.0,38.0,993.0,1046.0,74289.7,140.28
56342855388,0,36.0,79.0,37.0,1057.0,1083.0,74289.7,140.112
56342855388,0,36.0,78.0,35.0,995.0,1031.0,74289.7,141.722
56342855388,1,37.0,78.0,36.0,1185.0,1045.0,74289.7,142.72
56445640782,1,59.0,90.0,60.0,1071.0,775.0,19898.9,177.932
56445640782,0,59.0,90.0,60.0,1035.0,1326.0,19898.9,181.578
56445640782,0,59.0,91.0,60.0,1105.0,1429.0,19898.9,178.909
56445640782,1,59.0,90.0,60.0,1065.0,837.0,19898.9,172.752
56445640782,1,59.0,90.0,60.0,1086.0,1019.0,19898.9,179.879
56445640782,0,59.0,90.0,60.0,1028.0,867.0,19898.9,182.31
56445640782,0,59.0,90.0,60.0,993.0,1330.0,19898.9,179.034
56445640782,1,59.0,91.0,60.0,1084.0,1011.0,19898.9,176.854
56445640782,1,59.0,90.0,60.0,971.0,650.0,19898.9,178.061
56445640782,0,58.0,90.0,60.0,1011.0,1296.0,19898.9,183.435
56598732770,1,5.0,17.0,5.0,1816.0,593.0,554.05,42.041
56598732770,0,0.0,1.0,0.0,1857.0,1204.0,554.05,27.5266
56598732770,0,0.0,0.0,0.0,327.0,1075.0,555.14,25.3893
56598732770,1,8.0,26.0,9.0,1037.0,1822.0,555.14,46.5216
56598732770,1,9.0,26.0,9.0,1542.0,178.0,555.04,44.9826
56598732770,0,0.0,0.0,0.0,232.0,1219.0,555.04,27.4241
56598732770,1,8.0,26.0,9.0,416.0,1540.0,555.05,47.8561
56598732770,0,0.0,0.0,0.0,553.0,247.0,555.05,26.0752
56598732770,0,0.0,0.0,0.0,1165.0,20.0,555.08,26.0157
56598732770,1,8.0,26.0,9.0,1338.0,1792.0,555.08,46.51
56598732770,1,8.0,24.0,8.0,899.0,1588.0,555.04,44.7699
56598732770,0,0.0,0.0,0.0,55.0,985.0,555.04,27.3473
56598732770,0,0.0,0.0,0.0,1330.0,282.0,555.04,29.2229
56598732770,1,8.0,26.0,9.0,1347.0,943.0,555.04,45.8472
56598732770,1,5.0,19.0,6.0,949.0,1336.0,555.03,43.1169
56598732770,0,0.0,0.0,0.0,1862.0,1055.0,555.03,25.8549
56633462895,0,0.0,2.0,0.0,73.0,17.0,3256.99,37.279
56633462895,1,0.0,3.0,0.0,101.0,22.0,3256.99,39.9251
56633462895,1,0.0,4.0,0.0,104.0,23.0,3257.0,37.4123
56633462895,0,0.0,2.0,0.0,71.0,17.0,3257.0,38.696
56633462895,1,0.0,5.0,0.0,124.0,26.0,3253.35,34.2601
56633462895,0,0.0,3.0,0.0,87.0,19.0,3253.35,33.7135
56633462895,1,0.0,2.0,0.0,74.0,17.0,3256.99,37.3824
56633462895,0,0.0,2.0,0.0,73.0,17.0,3256.99,39.0842
56633462895,0,0.0,3.0,0.0,103.0,22.0,3257.01,39.9498
56633462895,1,0.0,2.0,0.0,75.0,17.0,3257.01,38.3593
56633462895,0,0.0,3.0,0.0,101.0,22.0,3257.01,39.5972
56633462895,1,0.0,3.0,0.0,92.0,21.0,3257.01,38.4727
56633462895,0,0.0,3.0,0.0,94.0,21.0,3257.0,39.5973
56633462895,1,0.0,3.0,0.0,106.0,23.0,3257.0,38.254
56633462895,1,0.0,4.0,0.0,102.0,22.0,3256.99,39.1217
56633462895,0,0.0,3.0,0.0,87.0,20.0,3256.99,39.111
56666533217,1,0.0,0.0,0.0,1079.0,2018.0,0.61,0.0
56666533217,0,0.0,0.0,0.0,0.0,0.0,0.61,0.0
56666533217,0,0.0,0.0,0.0,1330.0,238.0,0.62,25.594
56666533217,1,0.0,0.0,0.0,0.0,2061.0,0.62,26.067
56666533217,0,0.0,0.0,0.0,1149.0,367.0,0.62,27.055
56666533217,1,0.0,0.0,0.0,0.0,391.0,0.62,0.0
56666533217,0,0.0,0.0,0.0,330.0,1090.0,0.61,22.085
56666533217,1,0.0,0.0,0.0,1309.0,0.0,0.61,0.0
56666533217,0,0.0,0.0,0.0,1643.0,1914.0,0.62,25.294
56666533217,1,0.0,0.0,0.0,0.0,936.0,0.62,0.0
56666533217,1,0.0,0.0,0.0,1995.0,0.0,0.6,0.0
56666533217,0,0.0,0.0,0.0,1617.0,1671.0,0.6,25.159
56666533217,0,0.0,0.0,0.0,491.0,1405.0,0.62,28.574
56666533217,1,0.0,0.0,0.0,1332.0,0.0,0.62,0.0
56666533217,1,0.0,0.0,0.0,0.0,1705.0,0.61,26.656
56666533217,0,0.0,0.0,0.0,318.0,2060.0,0.61,24.586
57173928954,0,0.0,0.0,0.0,1072.0,70.0,298.18,32.7338
57173928954,1,0.0,0.0,0.0,1702.0,1762.0,298.18,27.6121
57173928954,1,0.0,0.0,0.0,1378.0,1142.0,298.19,30.6667
57173928954,0,0.0,0.0,0.0,960.0,526.0,298.19,29.6534
57173928954,0,0.0,0.0,0.0,950.0,1724.0,298.19,31.4069
57173928954,1,0.0,0.0,0.0,1723.0,1719.0,298.19,30.0335
57173928954,0,0.0,0.0,0.0,953.0,1992.0,298.22,29.0961
57173928954,1,0.0,0.0,0.0,1602.0,517.0,298.22,29.2197
57173928954,0,0.0,0.0,0.0,287.0,1442.0,298.16,29.6157
57173928954,1,0.0,0.0,0.0,953.0,1080.0,298.16,31.9087
57173928954,0,0.0,0.0,0.0,686.0,2006.0,298.17,29.6181
57173928954,1,0.0,0.0,0.0,1852.0,842.0,298.17,24.5578
57173928954,1,0.0,0.0,0.0,273.0,1828.0,298.18,27.0075
57173928954,0,0.0,0.0,0.0,1952.0,424.0,298.18,32.0778
57173928954,0,0.0,0.0,0.0,709.0,1900.0,298.18,31.7884
57173928954,1,0.0,0.0,0.0,323.0,754.0,298.18,28.917
57516818945,0,0.0,0.0,0.0,766.0,2085.0,99.16,28.9433
57516818945,1,0.0,0.0,0.0,1027.0,1615.0,99.16,30.5928
57516818945,1,0.0,2.0,1.0,489.0,185.0,99.16,39.5692
57516818945,0,0.0,0.0,0.0,1864.0,878.0,99.16,27.4504
57516818945,1,0.0,0.0,0.0,1183.0,209.0,99.16,25.0644
57516818945,0,0.0,0.0,0.0,228.0,1191.0,99.16,32.1143
57516818945,0,0.0,0.0,0.0,1189.0,971.0,99.18,28.0413
57516818945,1,0.0,0.0,0.0,513.0,2023.0,99.18,28.7171
57516818945,0,0.0,0.0,0.0,371.0,1748.0,99.18,28.0239
57516818945,1,0.0,0.0,0.0,358.0,742.0,99.18,29.3781
57516818945,0,0.0,0.0,0.0,685.0,532.0,99.15,27.7466
57516818945,1,0.0,0.0,0.0,1726.0,604.0,99.15,28.8965
57516818945,1,0.0,0.0,0.0,9.0,8.0,99.17,26.072
57516818945,0,0.0,0.0,0.0,1508.0,2058.0,99.17,27.4505
57516818945,0,0.0,0.0,0.0,324.0,5.0,99.16,29.0373
57516818945,1,0.0,0.0,0.0,1383.0,1925.0,99.16,26.6339
57558255000,1,0.0,0.0,0.0,443.0,1925.0,9.69,28.3051
57558255000,0,0.0,0.0,0.0,1015.0,1697.0,9.69,27.4843
57558255000,1,0.0,0.0,0.0,182.0,595.0,9.68,26.7501
57558255000,0,0.0,0.0,0.0,1213.0,357.0,9.68,27.3011
57558255000,0,0.0,0.0,0.0,869.0,964.0,9.69,26.929
57558255000,1,0.0,0.0,0.0,1766.0,1451.0,9.69,27.1102
57558255000,0,0.0,0.0,0.0,1148.0,1040.0,9.7,28.8194
57558255000,1,0.0,0.0,0.0,2131.0,1349.0,9.7,26.3638
57558255000,1,0.0,0.0,0.0,552.0,1793.0,9.7,29.6274
57558255000,0,0.0,0.0,0.0,1597.0,1028.0,9.7,28.483
57558255000,0,0.0,0.0,0.0,620.0,100.0,9.71,25.406
57558255000,1,0.0,0.0,0.0,160.0,42.0,9.71,27.8329
57558255000,0,0.0,0.0,0.0,1283.0,1721.0,9.68,26.2162
57558255000,1,0.0,0.0,0.0,1392.0,1577.0,9.68,26.4668
57558255000,0,0.0,0.0,0.0,1237.0,1857.0,9.7,31.7356
57558255000,1,0.0,0.0,0.0,1414.0,1545.0,9.7,24.7902
57558255000,1,0.0,0.0,0.0,1760.0,415.0,9.69,27.9631
57558255000,0,0.0,0.0,0.0,350.0,1932.0,9.69,27.6831
57558255000,1,0.0,0.0,0.0,2024.0,338.0,9.74,25.7525
57558255000,0,0.0,0.0,0.0,395.0,1517.0,9.74,27.3495
57558255000,1,0.0,0.0,0.0,1685.0,493.0,9.69,30.2957
57558255000,0,0.0,0.0,0.0,1907.0,958.0,9.69,27.3792
57558255000,1,0.0,0.0,0.0,201.0,1946.0,9.68,28.1835
57558255000,0,0.0,0.0,0.0,1313.0,1534.0,9.68,28.5047
57558255000,1,0.0,0.0,0.0,194.0,1708.0,9.7,26.4861
57558255000,0,0.0,0.0,0.0,260.0,1385.0,9.7,28.2836
57558255000,0,0.0,0.0,0.0,2087.0,1593.0,9.7,28.0
57558255000,1,0.0,0.0,0.0,282.0,1916.0,9.7,25.5397
57558255000,0,0.0,0.0,0.0,857.0,503.0,9.7,27.3513
57558255000,1,0.0,0.0,0.0,1658.0,1034.0,9.7,29.2434
57558255000,1,0.0,0.0,0.0,1822.0,189.0,9.69,28.8665
57558255000,0,0.0,0.0,0.0,1347.0,1893.0,9.69,27.9726
57566161760,0,16.0,97.0,17.0,1071.0,1175.0,106282.0,106.058
57566161760,1,16.0,96.0,17.0,1088.0,993.0,106282.0,113.388
57566161760,0,15.0,94.0,16.0,1186.0,1050.0,430078.0,103.754
57566161760,1,16.0,90.0,17.0,1008.0,1107.0,430078.0,101.666
57566161760,1,16.0,97.0,17.0,1112.0,972.0,106279.0,107.616
57566161760,0,16.0,97.0,17.0,1022.0,1063.0,106279.0,110.544
57566161760,1,17.0,89.0,18.0,1066.0,988.0,106282.0,103.241
57566161760,0,16.0,92.0,17.0,1054.0,1116.0,106282.0,107.198
57566161760,1,16.0,94.0,17.0,1059.0,1095.0,106279.0,115.655
57566161760,0,17.0,97.0,17.0,1046.0,1050.0,106279.0,109.121
57566161760,0,16.0,97.0,16.0,1119.0,1031.0,430012.0,112.817
57566161760,1,16.0,96.0,16.0,1095.0,1052.0,430012.0,105.852
57566161760,0,16.0,96.0,16.0,1058.0,1064.0,430013.0,108.093
57566161760,1,16.0,94.0,16.0,1090.0,1022.0,430013.0,106.529
57614926249,1,3.0,6.0,4.0,927.0,54.0,422.32,41.7636
57614926249,0,3.0,6.0,3.0,354.0,1721.0,422.32,42.6963
57614926249,0,3.0,6.0,3.0,776.0,1302.0,420.66,42.3611
57614926249,1,3.0,6.0,3.0,1542.0,2045.0,420.66,42.4827
57614926249,0,3.0,6.0,3.0,362.0,528.0,420.66,43.9252
57614926249,1,3.0,6.0,3.0,478.0,883.0,420.66,42.1797
57614926249,1,3.0,6.0,3.0,98.0,171.0,422.33,40.7158
57614926249,0,3.0,6.0,3.0,105.0,177.0,422.33,41.0813
57614926249,0,3.0,6.0,4.0,955.0,1596.0,422.31,42.4974
57614926249,1,3.0,6.0,4.0,135.0,1487.0,422.31,42.7668
57614926249,0,3.0,6.0,4.0,1586.0,1530.0,420.67,42.3848
57614926249,1,3.0,6.0,4.0,1802.0,1993.0,420.67,41.4795
57614926249,0,3.0,6.0,3.0,189.0,226.0,420.66,43.1356
57614926249,1,44.0,69.0,44.0,311.0,724.0,420.66,98.2983
57614926249,1,3.0,6.0,3.0,1999.0,450.0,420.66,43.3297
57614926249,0,3.0,6.0,3.0,954.0,316.0,420.66,40.8941
57697710680,1,0.0,0.0,0.0,221.0,942.0,3.04,24.857
57697710680,0,0.0,0.0,0.0,239.0,924.0,3.04,26.106
57697710680,0,0.0,0.0,0.0,208.0,893.0,3.04,26.628
57697710680,1,0.0,0.0,0.0,179.0,880.0,3.04,27.2717
57697710680,1,0.0,0.0,0.0,1679.0,1680.0,2.98,26.0127
57697710680,0,0.0,0.0,0.0,344.0,2098.0,2.98,26.0813
57697710680,0,0.0,0.0,0.0,227.0,901.0,2.98,26.9697
57697710680,1,0.0,0.0,0.0,247.0,940.0,2.98,25.376
57697710680,0,0.0,0.0,0.0,731.0,1859.0,3.01,26.318
57697710680,1,0.0,0.0,0.0,1611.0,1673.0,3.01,25.4333
57697710680,0,0.0,0.0,0.0,185.0,862.0,2.98,25.3127
57697710680,1,0.0,0.0,0.0,606.0,758.0,2.98,26.251
57697710680,1,0.0,0.0,0.0,196.0,926.0,2.98,24.5733
57697710680,0,0.0,0.0,0.0,214.0,894.0,2.98,26.7377
57697710680,1,0.0,0.0,0.0,1566.0,1650.0,3.04,25.7817
57697710680,0,0.0,0.0,0.0,1647.0,1641.0,3.04,25.9733
57763080245,1,1.0,1.0,1.0,1025.0,1869.0,206.98,41.643
57763080245,0,1.0,1.0,1.0,1073.0,800.0,206.98,38.8395
57763080245,0,1.0,1.0,1.0,1765.0,1036.0,206.96,39.1179
57763080245,1,1.0,1.0,1.0,1641.0,1725.0,206.96,39.728
57763080245,0,1.0,1.0,1.0,299.0,938.0,206.98,38.8774
57763080245,1,1.0,1.0,0.0,626.0,624.0,206.98,39.9325
57763080245,0,1.0,1.0,1.0,1193.0,1675.0,206.97,38.7651
57763080245,1,51.0,71.0,50.0,134.0,1321.0,206.97,100.804
57763080245,0,1.0,1.0,1.0,194.0,1626.0,206.98,39.3608
57763080245,1,1.0,1.0,1.0,1269.0,860.0,206.98,39.2439
57763080245,1,1.0,1.0,1.0,376.0,674.0,206.98,39.5352
57763080245,0,1.0,1.0,1.0,307.0,283.0,206.98,39.483
57763080245,1,1.0,1.0,1.0,118.0,1061.0,206.98,38.4553
57763080245,0,1.0,1.0,1.0,1092.0,346.0,206.98,37.5044
57763080245,0,1.0,1.0,1.0,2128.0,1221.0,206.97,40.2453
57763080245,1,1.0,1.0,0.0,1762.0,1213.0,206.97,39.3111
58024265610,1,0.0,0.0,0.0,727.0,1167.0,16.52,26.4159
58024265610,0,0.0,0.0,0.0,679.0,1492.0,16.52,28.1974
58024265610,0,0.0,0.0,0.0,1261.0,712.0,16.47,25.3624
58024265610,1,0.0,0.0,0.0,771.0,614.0,16.47,27.0737
58024265610,0,0.0,0.0,0.0,2098.0,1761.0,16.48,26.5803
58024265610,1,0.0,0.0,0.0,1167.0,1489.0,16.48,26.2173
58024265610,1,0.0,0.0,0.0,456.0,1974.0,16.49,26.8951
58024265610,0,0.0,0.0,0.0,9.0,1927.0,16.49,25.8324
58024265610,0,0.0,0.0,0.0,300.0,1495.0,16.47,25.012
58024265610,1,0.0,0.0,0.0,1376.0,1122.0,16.47,24.7923
58024265610,0,0.0,0.0,0.0,1337.0,1841.0,16.48,28.1075
58024265610,1,0.0,0.0,0.0,1986.0,294.0,16.48,24.4199
58024265610,1,0.0,0.0,0.0,340.0,1354.0,16.48,25.2162
58024265610,0,0.0,0.0,0.0,434.0,1634.0,16.48,25.6617
58024265610,1,0.0,0.0,0.0,2087.0,1281.0,16.48,25.7769
58024265610,0,0.0,0.0,0.0,650.0,839.0,16.48,25.6841
58267186179,0,0.0,0.0,0.0,1929.0,110.0,73.11,25.0448
58267186179,1,0.0,2.0,0.0,1931.0,111.0,73.11,36.7717
58267186179,1,0.0,2.0,0.0,938.0,815.0,73.11,36.9731
58267186179,0,0.0,0.0,0.0,1199.0,1621.0,73.11,25.2275
58267186179,0,0.0,0.0,0.0,134.0,710.0,73.1,25.5177
58267186179,0,0.0,0.0,0.0,1280.0,933.0,73.11,26.3673
58267186179,1,0.0,3.0,1.0,998.0,972.0,73.12,36.5854
58267186179,0,0.0,0.0,0.0,1822.0,2041.0,73.12,25.2619
58267186179,0,0.0,0.0,0.0,2069.0,158.0,73.14,25.9499
58267186179,1,0.0,1.0,0.0,1966.0,1565.0,73.14,39.5306
58267186179,1,0.0,2.0,0.0,369.0,1377.0,73.11,37.8121
58267186179,0,0.0,0.0,0.0,1932.0,111.0,73.11,24.6808
58267186179,0,0.0,0.0,0.0,1920.0,96.0,73.11,25.3079
58267186179,1,0.0,2.0,0.0,1929.0,106.0,73.11,36.8185
58267186179,1,0.0,2.0,1.0,1124.0,142.0,73.1,36.5126
58267186179,0,0.0,0.0,0.0,287.0,32.0,73.18,25.9359
58267186179,1,0.0,1.0,0.0,182.0,260.0,73.12,35.9007
58267186179,0,0.0,0.0,0.0,356.0,353.0,73.12,26.2654
58267186179,1,0.0,2.0,1.0,311.0,366.0,73.18,36.7942
58267186179,1,0.0,2.0,0.0,1930.0,105.0,73.11,37.554
58267186179,0,0.0,0.0,0.0,821.0,744.0,73.11,25.8172
58267186179,1,0.0,2.0,0.0,1941.0,112.0,73.12,36.9061
58267186179,0,0.0,0.0,0.0,195.0,248.0,73.12,26.309
58267186179,1,0.0,2.0,0.0,1924.0,93.0,73.15,37.5242
58267186179,1,0.0,1.0,1.0,1425.0,1126.0,73.12,37.8675
58267186179,1,0.0,2.0,0.0,1935.0,114.0,73.11,38.0384
58267186179,1,0.0,1.0,1.0,1829.0,959.0,72.65,36.4618
58267186179,0,0.0,0.0,0.0,1686.0,830.0,72.65,26.793
58267186179,0,0.0,0.0,0.0,1727.0,899.0,73.11,25.213
58267186179,1,0.0,1.0,0.0,1325.0,531.0,73.11,35.549
58267186179,0,0.0,0.0,0.0,1925.0,97.0,73.15,24.2661
58267186179,0,0.0,0.0,0.0,62.0,552.0,73.12,25.9475
58351643923,0,0.0,0.0,0.0,1.0,17.0,15.7,26.8414
58351643923,1,0.0,0.0,0.0,7.0,22.0,15.7,25.8037
58351643923,1,0.0,0.0,0.0,0.0,15.0,15.69,25.5958
58351643923,1,0.0,0.0,0.0,6.0,21.0,15.71,25.876
58351643923,1,0.0,0.0,0.0,5.0,20.0,15.69,25.8279
58351643923,1,0.0,0.0,0.0,5.0,21.0,15.7,24.6156
58351643923,0,0.0,0.0,0.0,5.0,21.0,15.71,25.7058
58351643923,1,0.0,0.0,0.0,6.0,21.0,15.71,25.6121
58351643923,0,0.0,0.0,0.0,4.0,20.0,15.71,25.9409
58351643923,0,0.0,0.0,0.0,4.0,19.0,15.7,27.0854
58351643923,0,0.0,0.0,0.0,7.0,22.0,15.7,26.5169
58351643923,0,0.0,0.0,0.0,1.0,17.0,15.69,25.2279
58351643923,1,0.0,0.0,0.0,5.0,20.0,15.7,26.3345
58351643923,0,0.0,0.0,0.0,3.0,18.0,15.69,26.1399
58351643923,1,0.0,0.0,0.0,2.0,17.0,15.71,26.6338
58351643923,0,0.0,0.0,0.0,3.0,19.0,15.71,24.7559
58351643923,1,0.0,0.0,0.0,7.0,22.0,15.7,25.5741
58351643923,0,0.0,0.0,0.0,5.0,21.0,15.7,26.1596
58351643923,0,0.0,0.0,0.0,5.0,20.0,15.71,25.1801
58351643923,1,0.0,0.0,0.0,6.0,21.0,15.71,24.9439
58351643923,1,0.0,0.0,0.0,6.0,21.0,15.69,26.2714
58351643923,0,0.0,0.0,0.0,6.0,21.0,15.69,27.2154
58351643923,0,0.0,0.0,0.0,5.0,20.0,15.71,26.4538
58351643923,1,0.0,0.0,0.0,3.0,18.0,15.71,27.0083
58351643923,0,0.0,0.0,0.0,6.0,21.0,15.7,26.7686
58351643923,1,0.0,0.0,0.0,4.0,19.0,15.7,26.4954
58351643923,1,0.0,0.0,0.0,6.0,21.0,15.72,26.7471
58351643923,0,0.0,0.0,0.0,0.0,15.0,15.72,25.6531
58351643923,0,0.0,0.0,0.0,2.0,17.0,15.7,26.9229
58351643923,1,0.0,0.0,0.0,5.0,21.0,15.7,25.8072
58351643923,1,0.0,0.0,0.0,5.0,20.0,15.7,27.4739
58351643923,0,0.0,0.0,0.0,5.0,21.0,15.7,25.6814
58377845357,1,0.0,0.0,0.0,86.0,1483.0,136.19,25.9482
58377845357,1,0.0,0.0,0.0,1208.0,121.0,136.18,26.4722
58377845357,1,0.0,0.0,0.0,1920.0,1284.0,136.19,28.0341
58377845357,0,0.0,0.0,0.0,51.0,982.0,136.19,27.5026
58377845357,0,0.0,0.0,0.0,322.0,1071.0,136.25,25.4717
58377845357,1,0.0,0.0,0.0,1857.0,1764.0,136.25,25.2882
58377845357,0,0.0,0.0,0.0,549.0,244.0,136.19,26.1347
58377845357,1,0.0,0.0,0.0,1970.0,1530.0,136.19,26.9484
58377845357,0,0.0,0.0,0.0,228.0,1215.0,136.18,27.5483
58377845357,1,0.0,0.0,0.0,1490.0,2118.0,136.2,27.9912
58377845357,0,0.0,0.0,0.0,1852.0,1201.0,136.2,26.5414
58377845357,0,0.0,0.0,0.0,1857.0,1051.0,136.19,26.057
58377845357,0,0.0,0.0,0.0,1327.0,279.0,136.19,29.3427
58377845357,1,0.0,0.0,0.0,1012.0,885.0,136.19,25.1794
58377845357,0,0.0,0.0,0.0,1161.0,16.0,136.2,26.1641
58377845357,1,0.0,0.0,0.0,1622.0,1734.0,136.2,26.5085
58629016128,0,0.0,3.0,0.0,1581.0,1848.0,1766.72,41.7667
58629016128,1,0.0,7.0,0.0,1618.0,2039.0,1766.72,41.498
58629016128,1,1.0,6.0,0.0,596.0,719.0,1766.72,41.5902
58629016128,1,0.0,5.0,1.0,1052.0,442.0,1766.72,41.6174
58629016128,0,1.0,6.0,1.0,1249.0,1352.0,1766.72,41.3929
58629016128,0,0.0,5.0,0.0,1578.0,701.0,1766.72,43.7179
58629016128,1,0.0,6.0,1.0,2033.0,1754.0,1766.73,41.5034
58629016128,0,0.0,5.0,0.0,1885.0,799.0,1766.71,42.0237
58629016128,0,0.0,4.0,0.0,442.0,1840.0,1766.72,42.2567
58629016128,1,0.0,7.0,1.0,261.0,1692.0,1766.72,43.6138
58629016128,1,0.0,3.0,0.0,1632.0,1088.0,1766.71,42.1238
58629016128,0,0.0,6.0,0.0,491.0,1836.0,1766.71,44.3105
58629016128,1,0.0,4.0,0.0,1182.0,1499.0,1766.72,39.8829
58629016128,0,0.0,3.0,0.0,1647.0,1535.0,1766.72,41.2313
58629016128,1,1.0,8.0,1.0,1472.0,805.0,1766.71,43.7678
58629016128,0,0.0,5.0,0.0,1645.0,1155.0,1766.73,41.5514
58734444189,0,0.0,0.0,0.0,1352.0,429.0,36075.6,38.1877
58734444189,1,0.0,0.0,0.0,1758.0,978.0,36075.6,42.9583
58734444189,0,0.0,0.0,0.0,1847.0,1617.0,36075.5,37.3889
58734444189,0,0.0,0.0,0.0,701.0,1626.0,36074.5,36.6584
58734444189,1,0.0,0.0,0.0,812.0,1089.0,36074.5,36.4072
58734444189,1,0.0,0.0,0.0,711.0,1941.0,36075.5,36.7336
58734444189,1,0.0,0.0,0.0,2032.0,382.0,36075.6,38.0266
58734444189,1,0.0,0.0,0.0,766.0,1440.0,36074.5,35.0686
58734444189,0,0.0,0.0,0.0,1859.0,1444.0,36075.6,37.271
58734444189,1,0.0,0.0,0.0,483.0,1574.0,36075.5,35.6448
58734444189,0,0.0,0.0,0.0,117.0,747.0,36075.5,36.9031
58734444189,0,0.0,0.0,0.0,816.0,1473.0,36074.5,36.3517
58734444189,0,0.0,0.0,0.0,863.0,1618.0,36075.5,37.1453
58734444189,1,0.0,0.0,0.0,561.0,1101.0,36075.5,35.7935
58734444189,0,0.0,0.0,0.0,1173.0,1801.0,36071.5,37.7078
58734444189,1,0.0,0.0,0.0,1993.0,1577.0,36071.5,36.1018
58921826596,1,0.0,1.0,0.0,383.0,345.0,124.2,40.4995
58921826596,0,0.0,1.0,0.0,418.0,349.0,124.2,41.1969
58921826596,1,0.0,1.0,0.0,295.0,334.0,124.2,39.9889
58921826596,0,0.0,1.0,0.0,351.0,341.0,124.2,41.9442
58921826596,0,0.0,1.0,1.0,503.0,359.0,124.22,41.3358
58921826596,1,0.0,1.0,0.0,494.0,358.0,124.22,41.409
58921826596,0,0.0,1.0,0.0,398.0,346.0,124.21,39.5432
58921826596,1,0.0,1.0,0.0,353.0,341.0,124.21,41.2275
58921826596,0,0.0,1.0,0.0,360.0,340.0,124.2,41.0509
58921826596,1,0.0,1.0,0.0,493.0,357.0,124.2,40.8507
58921826596,1,0.0,1.0,0.0,311.0,330.0,124.23,39.5833
58921826596,0,0.0,1.0,0.0,345.0,340.0,124.23,40.0923
58921826596,1,0.0,1.0,1.0,398.0,345.0,124.21,42.0806
58921826596,0,0.0,1.0,0.0,491.0,357.0,124.21,41.4746
58921826596,1,0.0,1.0,0.0,468.0,356.0,124.2,40.4467
58921826596,0,0.0,1.0,0.0,487.0,357.0,124.2,39.455
59048477149,0,0.0,0.0,0.0,41.0,918.0,458.8,43.996
59048477149,1,0.0,0.0,0.0,552.0,975.0,458.8,34.4001
59048477149,1,0.0,0.0,0.0,2048.0,452.0,458.82,35.2843
59048477149,0,0.0,1.0,0.0,1976.0,401.0,458.82,36.8808
59048477149,1,0.0,1.0,0.0,1428.0,626.0,458.79,38.2752
59048477149,0,0.0,1.0,0.0,2100.0,432.0,458.79,36.6729
59048477149,0,0.0,1.0,0.0,280.0,448.0,458.77,35.525
59048477149,1,0.0,1.0,0.0,520.0,488.0,458.77,36.5178
59048477149,1,0.0,1.0,0.0,1408.0,619.0,460.8,43.4175
59048477149,0,0.0,1.0,0.0,945.0,524.0,460.8,35.6515
59048477149,1,0.0,1.0,0.0,999.0,540.0,458.78,36.3353
59048477149,0,0.0,2.0,0.0,1044.0,526.0,458.78,43.5726
59048477149,0,0.0,2.0,0.0,94.0,760.0,460.77,36.1119
59048477149,1,0.0,2.0,1.0,672.0,1418.0,460.77,36.7356
59048477149,0,0.0,1.0,0.0,341.0,444.0,458.81,36.4408
59048477149,1,0.0,1.0,0.0,573.0,493.0,458.81,43.8516
59048477149,0,0.0,1.0,0.0,26.0,416.0,460.78,34.8996
59048477149,1,0.0,2.0,0.0,943.0,519.0,460.78,44.7518
59048477149,0,0.0,1.0,0.0,312.0,857.0,460.79,35.2437
59048477149,1,0.0,2.0,0.0,915.0,1204.0,460.79,33.4147
59048477149,0,0.0,2.0,0.0,1818.0,397.0,460.8,36.2571
59048477149,1,0.0,2.0,0.0,2024.0,422.0,460.8,36.0141
59048477149,1,0.0,2.0,0.0,1599.0,662.0,460.79,36.7639
59048477149,0,0.0,1.0,0.0,664.0,524.0,460.79,35.8127
59048477149,1,0.0,0.0,0.0,1456.0,618.0,458.78,43.0746
59048477149,0,0.0,0.0,0.0,732.0,532.0,458.78,35.3139
59048477149,0,0.0,1.0,0.0,546.0,504.0,460.82,34.1479
59048477149,1,0.0,2.0,0.0,125.0,480.0,460.82,37.0161
59048477149,1,0.0,1.0,0.0,196.0,1132.0,458.83,35.3071
59048477149,0,0.0,0.0,0.0,1030.0,890.0,458.83,35.1999
59048477149,0,0.0,0.0,0.0,563.0,468.0,458.77,36.262
59048477149,1,0.0,1.0,0.0,1350.0,575.0,458.77,44.4559
59068663262,1,0.0,0.0,0.0,1116.0,1466.0,249.28,27.8045
59068663262,0,0.0,0.0,0.0,344.0,1510.0,249.28,25.6038
59068663262,1,0.0,0.0,0.0,496.0,1672.0,249.29,28.0905
59068663262,0,0.0,0.0,0.0,1639.0,488.0,249.29,26.5918
59068663262,1,0.0,0.0,0.0,1581.0,996.0,249.29,26.2964
59068663262,0,0.0,0.0,0.0,398.0,1450.0,249.29,27.3827
59068663262,0,0.0,0.0,0.0,1151.0,261.0,249.29,25.9798
59068663262,1,0.0,0.0,0.0,1876.0,1977.0,249.29,26.7424
59068663262,1,0.0,0.0,0.0,980.0,881.0,249.28,29.2626
59068663262,0,0.0,0.0,0.0,559.0,817.0,249.28,27.1413
59068663262,0,0.0,0.0,0.0,1883.0,1472.0,249.32,25.7958
59068663262,1,0.0,4.0,2.0,1362.0,724.0,249.32,40.9941
59068663262,0,0.0,0.0,0.0,1043.0,2128.0,249.27,29.6054
59068663262,1,0.0,0.0,0.0,1723.0,335.0,249.27,26.5061
59068663262,0,0.0,0.0,0.0,1682.0,1955.0,249.29,25.479
59068663262,1,0.0,0.0,0.0,427.0,1151.0,249.29,26.9535
59516547727,1,0.0,0.0,0.0,1670.0,1754.0,49.23,26.0925
59516547727,0,0.0,0.0,0.0,1794.0,1066.0,49.23,25.2679
59516547727,0,0.0,0.0,0.0,1102.0,830.0,46.23,25.8224
59516547727,1,0.0,0.0,0.0,1054.0,1898.0,46.23,26.4588
59516547727,1,0.0,0.0,0.0,1791.0,1243.0,46.24,25.7863
59516547727,0,0.0,0.0,0.0,9.0,1251.0,46.24,26.3267
59516547727,1,0.0,0.0,0.0,655.0,654.0,46.23,25.7378
59516547727,0,0.0,0.0,0.0,328.0,968.0,46.23,26.6294
59516547727,0,0.0,0.0,0.0,1121.0,376.0,46.27,26.0007
59516547727,1,0.0,0.0,0.0,147.0,1091.0,46.27,25.2152
59516547727,0,0.0,0.0,0.0,336.0,313.0,46.26,25.5431
59516547727,1,0.0,0.0,0.0,405.0,704.0,46.26,25.1066
59516547727,0,0.0,0.0,0.0,223.0,1656.0,46.25,25.0362
59516547727,1,0.0,0.0,0.0,1299.0,890.0,46.25,25.4661
59516547727,1,0.0,0.0,0.0,277.0,294.0,49.23,26.0364
59516547727,0,0.0,0.0,0.0,1276.0,1705.0,49.23,24.2621
59535890150,0,1.0,4.0,1.0,511.0,361.0,120.44,45.0406
59535890150,1,1.0,4.0,1.0,502.0,361.0,120.44,44.542
59535890150,0,1.0,4.0,1.0,499.0,360.0,118.79,44.2579
59535890150,1,1.0,4.0,2.0,406.0,347.0,118.79,46.4601
59535890150,1,1.0,4.0,1.0,501.0,360.0,120.44,44.3104
59535890150,0,1.0,4.0,1.0,368.0,343.0,120.44,42.6002
59535890150,0,1.0,4.0,2.0,353.0,342.0,120.43,45.1254
59535890150,1,1.0,4.0,2.0,319.0,332.0,120.43,44.1083
59535890150,0,2.0,4.0,2.0,495.0,359.0,118.78,45.0277
59535890150,1,2.0,4.0,2.0,476.0,358.0,118.78,42.2957
59535890150,0,2.0,4.0,2.0,359.0,343.0,118.78,44.7194
59535890150,1,2.0,4.0,2.0,303.0,336.0,118.78,43.6514
59535890150,0,1.0,4.0,2.0,426.0,351.0,120.44,44.5379
59535890150,1,1.0,4.0,1.0,391.0,347.0,120.44,44.3847
59535890150,0,1.0,4.0,2.0,406.0,349.0,120.47,45.9079
59535890150,1,1.0,4.0,2.0,361.0,343.0,120.47,46.3395
59856006757,0,32.0,93.0,32.0,1700.0,871.0,691231.0,155.898
59856006757,1,31.0,94.0,31.0,1895.0,69.0,691231.0,150.125
59856006757,1,31.0,94.0,32.0,1889.0,57.0,691230.0,149.213
59856006757,0,31.0,94.0,32.0,1890.0,60.0,691230.0,160.154
59856006757,0,31.0,94.0,32.0,322.0,316.0,691230.0,155.264
59856006757,1,31.0,94.0,32.0,146.0,222.0,691230.0,149.419
59856006757,0,31.0,94.0,32.0,1895.0,73.0,691230.0,164.757
59856006757,1,32.0,94.0,32.0,1895.0,73.0,691230.0,157.903
59856006757,1,31.0,93.0,32.0,341.0,1348.0,691229.0,161.547
59856006757,0,31.0,94.0,32.0,1246.0,896.0,691229.0,156.307
59856006757,1,31.0,94.0,32.0,1899.0,75.0,691231.0,162.577
59856006757,0,31.0,94.0,32.0,1898.0,73.0,691231.0,163.532
59856006757,1,31.0,94.0,32.0,1893.0,68.0,691230.0,159.526
59856006757,0,31.0,94.0,31.0,1886.0,60.0,691230.0,151.516
59856006757,1,31.0,94.0,32.0,1904.0,73.0,691230.0,150.509
59856006757,0,31.0,94.0,32.0,161.0,211.0,691230.0,160.072
59904643644,1,0.0,1.0,0.0,1749.0,240.0,180065.0,39.5226
59904643644,0,0.0,1.0,0.0,1542.0,223.0,180065.0,40.9552
59904643644,1,0.0,1.0,0.0,176.0,1529.0,180065.0,42.7268
59904643644,0,0.0,1.0,0.0,1497.0,1052.0,180065.0,39.9731
59904643644,0,0.0,1.0,0.0,2116.0,412.0,180065.0,39.3029
59904643644,1,0.0,1.0,0.0,272.0,170.0,180065.0,37.525
59904643644,0,0.0,1.0,0.0,503.0,542.0,180065.0,40.0375
59904643644,1,0.0,2.0,0.0,1773.0,1043.0,180065.0,41.3623
59904643644,0,0.0,0.0,0.0,1604.0,1477.0,180065.0,38.3876
59904643644,1,0.0,1.0,0.0,1025.0,881.0,180065.0,38.6887
59904643644,1,0.0,1.0,0.0,1360.0,1079.0,180065.0,38.9855
59904643644,0,0.0,1.0,0.0,1356.0,324.0,180065.0,38.1691
59904643644,1,0.0,1.0,0.0,1856.0,1069.0,180065.0,42.6236
59904643644,0,0.0,1.0,0.0,2113.0,1250.0,180065.0,38.6793
59904643644,1,0.0,1.0,0.0,1281.0,1998.0,180065.0,38.7919
59904643644,0,0.0,1.0,0.0,73.0,219.0,180065.0,39.6681
60328809474,1,0.0,0.0,0.0,234.0,874.0,587.29,24.9881
60328809474,0,0.0,0.0,0.0,21.0,310.0,587.29,24.2179
60328809474,1,0.0,0.0,0.0,717.0,263.0,587.28,24.8333
60328809474,0,0.0,0.0,0.0,1535.0,371.0,587.28,25.5125
60328809474,1,0.0,0.0,0.0,1508.0,980.0,587.31,24.7701
60328809474,0,0.0,0.0,0.0,937.0,499.0,587.31,25.3979
60328809474,0,0.0,0.0,0.0,921.0,1145.0,587.29,27.2206
60328809474,1,0.0,0.0,0.0,1270.0,688.0,587.29,24.8816
60328809474,1,0.0,0.0,0.0,1047.0,1793.0,587.29,27.303
60328809474,0,0.0,0.0,0.0,943.0,1451.0,587.29,26.2862
60328809474,0,0.0,0.0,0.0,1358.0,78.0,587.27,26.3121
60328809474,1,0.0,0.0,0.0,2121.0,820.0,587.27,26.0588
60328809474,1,0.0,0.0,0.0,678.0,1092.0,587.29,24.9734
60328809474,0,0.0,0.0,0.0,683.0,1096.0,587.29,26.0487
60328809474,0,0.0,0.0,0.0,1533.0,1236.0,587.28,25.2681
60328809474,1,0.0,0.0,0.0,528.0,1365.0,587.28,26.7317
60531838989,0,32.0,96.0,32.0,1306.0,1550.0,691219.0,162.107
60531838989,1,32.0,96.0,32.0,1305.0,1548.0,691219.0,151.494
60531838989,0,32.0,95.0,32.0,1724.0,1699.0,691219.0,161.362
60531838989,1,32.0,95.0,32.0,1317.0,1558.0,691219.0,152.34
60531838989,1,32.0,95.0,32.0,1705.0,1709.0,691219.0,151.269
60531838989,0,32.0,95.0,32.0,1882.0,1804.0,691219.0,156.76
60531838989,0,32.0,95.0,32.0,1871.0,1347.0,691219.0,158.57
60531838989,1,32.0,96.0,32.0,1310.0,1556.0,691219.0,156.45
60531838989,0,31.0,95.0,32.0,658.0,237.0,691217.0,157.456
60531838989,1,32.0,94.0,32.0,498.0,1818.0,691217.0,163.404
60531838989,1,31.0,95.0,32.0,1308.0,1557.0,691218.0,159.108
60531838989,0,32.0,96.0,32.0,1309.0,1558.0,691218.0,166.547
60531838989,0,31.0,96.0,32.0,1303.0,1549.0,691219.0,153.355
60531838989,1,32.0,96.0,32.0,1308.0,1554.0,691219.0,161.62
60531838989,1,32.0,96.0,32.0,1311.0,1557.0,691219.0,164.441
60531838989,0,32.0,96.0,32.0,1312.0,1558.0,691219.0,165.335
60880962389,0,0.0,0.0,0.0,835.0,688.0,439.56,32.9376
60880962389,1,0.0,0.0,0.0,1131.0,2104.0,439.56,26.5119
60880962389,0,0.0,0.0,0.0,1637.0,429.0,439.57,32.4137
60880962389,1,0.0,0.0,0.0,1796.0,678.0,439.57,30.4692
60880962389,0,0.0,0.0,0.0,660.0,1058.0,439.55,29.7748
60880962389,1,0.0,0.0,0.0,315.0,1389.0,439.55,32.6019
60880962389,1,0.0,0.0,0.0,1743.0,1217.0,439.58,25.8229
60880962389,0,0.0,0.0,0.0,781.0,1198.0,439.58,31.331
60880962389,0,0.0,0.0,0.0,71.0,161.0,439.56,30.3904
60880962389,1,0.0,0.0,0.0,2042.0,1567.0,439.56,32.3097
60880962389,0,0.0,0.0,0.0,181.0,801.0,439.57,30.5095
60880962389,1,0.0,0.0,0.0,164.0,1580.0,439.57,29.7735
60880962389,0,0.0,0.0,0.0,1124.0,65.0,439.55,32.9592
60880962389,1,0.0,0.0,0.0,2060.0,343.0,439.55,36.8009
60880962389,1,0.0,0.0,0.0,1180.0,1143.0,439.57,28.0119
60880962389,0,0.0,0.0,0.0,1081.0,341.0,439.57,32.1778
61366330469,0,0.0,2.0,0.0,1155.0,2017.0,21486.2,37.4299
61366330469,1,0.0,2.0,0.0,965.0,192.0,21486.2,36.3199
61366330469,0,0.0,2.0,0.0,870.0,1499.0,21486.2,37.1482
61366330469,1,0.0,3.0,0.0,364.0,1017.0,21486.2,37.283
61366330469,1,0.0,2.0,0.0,1513.0,294.0,21486.2,37.3009
61366330469,0,0.0,2.0,0.0,1538.0,1771.0,21486.2,38.1412
61366330469,0,0.0,2.0,0.0,1420.0,1029.0,21486.2,37.0615
61366330469,1,0.0,2.0,0.0,1251.0,301.0,21486.2,37.0382
61366330469,0,0.0,2.0,0.0,265.0,1024.0,21486.2,38.1857
61366330469,1,0.0,3.0,0.0,408.0,699.0,21486.2,36.6289
61366330469,1,0.0,2.0,0.0,1245.0,1044.0,21486.2,39.831
61366330469,0,0.0,2.0,0.0,321.0,842.0,21486.2,37.7735
61366330469,1,0.0,2.0,0.0,981.0,1359.0,21486.2,38.4023
61366330469,0,0.0,2.0,0.0,843.0,1346.0,21486.2,37.7098
61366330469,0,0.0,2.0,0.0,2011.0,1886.0,21486.2,37.1104
61366330469,1,0.0,2.0,0.0,1666.0,109.0,21486.2,40.0966
61444975500,0,0.0,0.0,3.0,770.0,1525.0,1297.41,43.1811
61444975500,1,0.0,0.0,3.0,1406.0,352.0,1297.41,43.4206
61444975500,0,0.0,0.0,3.0,756.0,1406.0,1297.39,46.0843
61444975500,1,0.0,0.0,4.0,460.0,796.0,1297.39,43.5603
61444975500,1,0.0,0.0,3.0,425.0,2044.0,1297.4,44.5672
61444975500,0,0.0,0.0,3.0,1202.0,280.0,1297.4,45.0416
61444975500,1,0.0,0.0,4.0,930.0,1431.0,1297.4,44.9149
61444975500,0,0.0,0.0,3.0,683.0,1601.0,1297.4,42.5908
61444975500,1,0.0,0.0,3.0,1340.0,584.0,1297.43,44.5671
61444975500,0,0.0,0.0,3.0,743.0,545.0,1297.43,43.6249
61444975500,1,0.0,0.0,4.0,1135.0,329.0,1297.44,46.0249
61444975500,0,0.0,0.0,2.0,1762.0,1701.0,1297.44,43.4997
61444975500,0,0.0,0.0,3.0,1120.0,984.0,1297.39,45.0559
61444975500,1,0.0,0.0,4.0,406.0,179.0,1297.39,46.459
61444975500,1,0.0,0.0,3.0,881.0,1988.0,1297.44,44.0981
61444975500,0,0.0,0.0,3.0,586.0,774.0,1297.44,45.8928
61446401719,1,0.0,0.0,0.0,1976.0,841.0,444.48,44.7044
61446401719,0,0.0,0.0,0.0,637.0,1444.0,444.48,24.7783
61446401719,1,0.0,0.0,0.0,1439.0,364.0,444.47,42.8164
61446401719,0,0.0,0.0,0.0,1947.0,894.0,444.47,26.9208
61446401719,0,0.0,0.0,0.0,447.0,1987.0,444.49,25.0445
61446401719,1,0.0,0.0,0.0,818.0,2051.0,444.49,25.9768
61446401719,0,0.0,0.0,0.0,1570.0,1683.0,444.49,24.1804
61446401719,1,0.0,0.0,0.0,299.0,1507.0,444.49,25.8984
61446401719,0,0.0,0.0,0.0,1862.0,856.0,444.5,26.3619
61446401719,1,0.0,0.0,0.0,1996.0,1624.0,444.5,26.0318
61446401719,0,0.0,0.0,0.0,633.0,596.0,444.49,27.6128
61446401719,1,0.0,0.0,0.0,605.0,570.0,444.49,37.2638
61446401719,1,0.0,0.0,0.0,594.0,1981.0,444.5,26.0013
61446401719,0,0.0,0.0,0.0,913.0,507.0,444.5,40.8896
61446401719,1,0.0,0.0,0.0,716.0,753.0,444.49,25.9068
61446401719,0,0.0,0.0,0.0,897.0,581.0,444.49,24.5319
61843382316,0,6.0,20.0,7.0,1102.0,1853.0,31595.2,45.2068
61843382316,1,0.0,0.0,7.0,1142.0,475.0,31595.2,44.1975
61843382316,0,3.0,10.0,3.0,1034.0,589.0,31595.2,42.2855
61843382316,1,0.0,0.0,3.0,1190.0,1204.0,31595.2,39.8131
61843382316,0,1.0,5.0,1.0,655.0,701.0,31595.2,39.2222
61843382316,1,1.0,5.0,1.0,827.0,695.0,31595.2,39.1809
61843382316,0,1.0,5.0,1.0,1455.0,131.0,31595.2,40.8922
61843382316,1,1.0,5.0,1.0,567.0,2056.0,31595.2,38.6852
61843382316,1,4.0,14.0,5.0,1084.0,698.0,31595.2,42.5563
61843382316,0,2.0,7.0,2.0,944.0,809.0,31595.2,41.6266
61843382316,1,4.0,12.0,4.0,1180.0,1764.0,31595.2,42.0511
61843382316,0,4.0,12.0,4.0,1057.0,854.0,31595.2,41.9497
61843382316,0,1.0,4.0,1.0,1323.0,1721.0,31595.2,41.5491
61843382316,1,2.0,8.0,2.0,831.0,1076.0,31595.2,41.5451
61843382316,0,3.0,9.0,3.0,1060.0,638.0,31595.2,40.6083
61843382316,1,6.0,19.0,6.0,1110.0,331.0,31595.2,45.012
61843382316,0,2.0,8.0,2.0,1077.0,1842.0,31595.2,41.3716
61843382316,1,4.0,13.0,4.0,877.0,684.0,31595.2,45.6391
61843382316,0,2.0,8.0,2.0,830.0,1151.0,31595.2,47.0423
61843382316,1,2.0,8.0,2.0,1090.0,1504.0,31595.2,40.0007
61843382316,0,1.0,4.0,1.0,776.0,809.0,31595.2,38.9081
61843382316,1,0.0,0.0,1.0,748.0,1818.0,31595.2,38.1998
61843382316,1,2.0,7.0,2.0,1064.0,1343.0,31595.2,42.9833
61843382316,0,1.0,5.0,1.0,1297.0,695.0,31595.2,39.9349
61843382316,0,2.0,7.0,2.0,821.0,1254.0,31595.2,41.4898
61843382316,1,3.0,11.0,3.0,1184.0,546.0,31595.2,41.2379
61843382316,1,6.0,19.0,6.0,1178.0,1442.0,31595.2,45.0887
61843382316,0,4.0,12.0,4.0,1095.0,540.0,31595.2,46.1671
61843382316,0,2.0,8.0,2.0,1038.0,1177.0,31595.2,40.5661
61843382316,1,2.0,9.0,3.0,1125.0,1927.0,31595.2,39.2618
61843382316,0,2.0,8.0,2.0,961.0,1587.0,31595.2,40.1386
61843382316,1,2.0,8.0,2.0,853.0,509.0,31595.2,39.5613
61861406438,1,0.0,0.0,0.0,5.0,20.0,169.62,31.1194
61861406438,0,0.0,0.0,0.0,3.0,18.0,169.62,31.4303
61861406438,0,0.0,0.0,0.0,7.0,22.0,169.61,27.3427
61861406438,1,0.0,0.0,0.0,6.0,21.0,169.61,25.739
61861406438,0,0.0,0.0,0.0,4.0,19.0,169.61,33.1279
61861406438,1,0.0,0.0,0.0,5.0,20.0,169.61,32.0029
61861406438,0,0.0,0.0,0.0,6.0,21.0,169.62,30.8822
61861406438,1,0.0,0.0,0.0,3.0,18.0,169.62,31.671
61861406438,0,0.0,0.0,0.0,2.0,17.0,169.62,32.316
61861406438,1,0.0,0.0,0.0,6.0,21.0,169.62,30.4576
61861406438,1,0.0,0.0,0.0,2.0,17.0,169.62,30.2417
61861406438,0,0.0,0.0,0.0,4.0,19.0,169.62,29.1895
61861406438,0,0.0,0.0,0.0,6.0,21.0,169.62,31.5974
61861406438,1,0.0,0.0,0.0,5.0,20.0,169.62,31.5619
61861406438,0,0.0,0.0,0.0,1.0,17.0,169.62,28.7326
61861406438,1,0.0,0.0,0.0,0.0,16.0,169.62,28.0264
61861406438,1,0.0,0.0,0.0,7.0,22.0,169.65,30.6709
61861406438,0,0.0,0.0,0.0,6.0,21.0,169.65,31.0011
61861406438,1,0.0,0.0,0.0,5.0,20.0,169.62,30.9466
61861406438,0,0.0,0.0,0.0,6.0,21.0,169.62,31.2498
61861406438,1,0.0,0.0,0.0,6.0,21.0,169.62,29.0816
61861406438,0,0.0,0.0,0.0,6.0,20.0,169.62,30.9765
61861406438,1,0.0,0.0,0.0,6.0,21.0,169.64,28.1175
61861406438,0,0.0,0.0,0.0,6.0,21.0,169.64,29.4445
61861406438,1,0.0,0.0,0.0,6.0,21.0,169.63,31.2628
61861406438,0,0.0,0.0,0.0,6.0,21.0,169.63,31.7589
61861406438,1,0.0,0.0,0.0,6.0,21.0,169.62,26.8746
61861406438,0,0.0,0.0,0.0,5.0,20.0,169.62,27.7264
61861406438,0,0.0,0.0,0.0,2.0,17.0,169.62,30.2048
61861406438,1,0.0,0.0,0.0,7.0,22.0,169.62,29.2385
61861406438,0,0.0,0.0,0.0,0.0,15.0,169.63,27.8442
61861406438,1,0.0,0.0,0.0,6.0,21.0,169.63,28.8779
61890392497,1,0.0,0.0,6.0,910.0,1280.0,6405.45,42.6429
61890392497,0,5.0,17.0,5.0,870.0,1603.0,6405.45,46.0974
61890392497,1,8.0,24.0,8.0,977.0,1438.0,6405.44,47.2558
61890392497,0,5.0,18.0,6.0,1012.0,761.0,6405.44,44.243
61890392497,0,2.0,8.0,2.0,1153.0,1569.0,6405.44,40.5149
61890392497,1,0.0,0.0,2.0,1138.0,1788.0,6405.44,41.4963
61890392497,1,0.0,0.0,4.0,1071.0,1706.0,6405.42,40.8337
61890392497,0,4.0,14.0,5.0,1251.0,1381.0,6405.42,43.7887
61890392497,1,6.0,19.0,6.0,928.0,1297.0,6405.44,44.6797
61890392497,0,4.0,13.0,4.0,1073.0,1520.0,6405.44,42.2068
61890392497,1,2.0,7.0,2.0,1091.0,159.0,6405.42,41.504
61890392497,0,2.0,7.0,2.0,643.0,1776.0,6405.42,42.1383
61890392497,1,8.0,26.0,9.0,1133.0,1681.0,6405.48,48.434
61890392497,0,8.0,25.0,8.0,988.0,1579.0,6405.48,44.6611
61890392497,0,3.0,11.0,4.0,1139.0,1208.0,6405.43,43.0226
61890392497,1,6.0,20.0,6.0,1120.0,1418.0,6405.43,44.5543
61890392497,1,3.0,12.0,4.0,1045.0,306.0,6405.45,44.1448
61890392497,0,3.0,13.0,4.0,1184.0,767.0,6405.45,44.7204
61890392497,1,4.0,13.0,4.0,1233.0,269.0,6405.45,43.1727
61890392497,0,2.0,7.0,2.0,1244.0,1411.0,6405.45,40.8528
61890392497,1,3.0,12.0,4.0,1088.0,1262.0,6405.43,44.9182
61890392497,0,2.0,8.0,2.0,1093.0,844.0,6405.43,40.9869
61890392497,0,4.0,13.0,4.0,1081.0,1737.0,6405.44,41.8645
61890392497,1,4.0,14.0,4.0,1091.0,215.0,6405.44,41.9057
61890392497,1,8.0,24.0,8.0,1111.0,550.0,6405.44,53.1784
61890392497,0,4.0,14.0,4.0,1002.0,314.0,6405.44,43.7522
61890392497,1,3.0,12.0,4.0,1061.0,1760.0,6405.49,42.3237
61890392497,0,4.0,12.0,4.0,1132.0,1348.0,6405.49,43.0309
61890392497,1,2.0,7.0,2.0,1407.0,1238.0,6405.43,40.4928
61890392497,0,1.0,6.0,2.0,543.0,940.0,6405.43,40.5851
61890392497,1,5.0,15.0,5.0,1133.0,794.0,6405.43,46.9152
61890392497,0,3.0,10.0,3.0,1250.0,339.0,6405.43,42.2441
62011959386,1,4.0,6.0,4.0,390.0,1163.0,79.59,39.3801
62011959386,0,4.0,6.0,4.0,993.0,1207.0,79.59,38.3121
62011959386,1,4.0,6.0,4.0,1058.0,1210.0,79.59,40.4467
62011959386,0,4.0,6.0,4.0,1871.0,550.0,79.59,39.7615
62011959386,0,4.0,6.0,3.0,1837.0,1872.0,78.6,40.3251
62011959386,1,4.0,6.0,3.0,1899.0,105.0,78.6,40.0368
62011959386,1,4.0,6.0,3.0,1667.0,525.0,79.59,39.5783
62011959386,0,4.0,6.0,4.0,519.0,1994.0,79.59,38.8976
62011959386,0,4.0,6.0,3.0,403.0,1159.0,79.58,40.4124
62011959386,1,3.0,6.0,3.0,265.0,1103.0,79.58,39.377
62011959386,0,4.0,6.0,5.0,80.0,1096.0,78.58,40.9623
62011959386,1,4.0,6.0,5.0,650.0,297.0,78.58,39.8208
62011959386,1,3.0,5.0,3.0,1193.0,1061.0,76.6,40.5095
62011959386,0,4.0,6.0,4.0,421.0,1670.0,76.6,41.574
62011959386,1,3.0,6.0,4.0,15.0,73.0,79.61,41.5671
62011959386,0,3.0,6.0,4.0,620.0,517.0,79.61,41.1166
62132138571,1,1.0,5.0,1.0,1104.0,1782.0,184022.0,40.3773
62132138571,0,0.0,3.0,0.0,1456.0,2004.0,184022.0,39.479
62132138571,0,0.0,2.0,0.0,1634.0,725.0,184022.0,37.9156
62132138571,1,0.0,3.0,0.0,876.0,1730.0,184022.0,39.0394
62132138571,0,0.0,3.0,0.0,402.0,199.0,184022.0,41.5432
62132138571,1,0.0,3.0,0.0,1261.0,713.0,184022.0,39.3679
62132138571,1,1.0,4.0,1.0,1383.0,736.0,184022.0,46.3298
62132138571,0,0.0,3.0,0.0,844.0,1965.0,184022.0,41.2504
62132138571,1,1.0,5.0,1.0,1746.0,1652.0,184022.0,44.4612
62132138571,0,0.0,4.0,1.0,778.0,1132.0,184022.0,44.6904
62132138571,1,0.0,1.0,0.0,1832.0,194.0,184022.0,44.0577
62132138571,0,0.0,1.0,0.0,1498.0,1580.0,184022.0,37.8304
62132138571,1,0.0,4.0,1.0,1205.0,1620.0,184022.0,44.7432
62132138571,0,1.0,4.0,1.0,832.0,1371.0,184022.0,42.309
62132138571,0,0.0,3.0,0.0,1400.0,958.0,184022.0,42.9128
62132138571,1,1.0,6.0,1.0,689.0,1625.0,184022.0,45.935
62132138571,1,1.0,5.0,1.0,390.0,724.0,184022.0,44.9877
62132138571,0,0.0,2.0,0.0,211.0,150.0,184022.0,38.3893
62132138571,1,0.0,2.0,0.0,918.0,149.0,184022.0,39.4432
62132138571,0,0.0,2.0,0.0,940.0,556.0,184022.0,39.2763
62132138571,1,0.0,4.0,1.0,812.0,405.0,184022.0,43.936
62132138571,0,0.0,2.0,0.0,1621.0,793.0,184022.0,39.9305
62132138571,1,0.0,2.0,0.0,175.0,2027.0,184022.0,39.9434
62132138571,0,0.0,3.0,1.0,1527.0,1392.0,184022.0,41.4736
62132138571,0,0.0,3.0,0.0,328.0,898.0,184022.0,39.5158
62132138571,1,1.0,5.0,1.0,1124.0,624.0,184022.0,42.4095
62132138571,0,0.0,2.0,0.0,1986.0,1761.0,184022.0,44.4239
62132138571,1,0.0,3.0,0.0,1337.0,1109.0,184022.0,38.0817
62132138571,1,0.0,2.0,0.0,609.0,2028.0,184022.0,44.9739
62132138571,0,0.0,1.0,0.0,1438.0,1014.0,184022.0,37.8872
62132138571,1,0.0,3.0,0.0,224.0,1616.0,184022.0,44.5693
62132138571,0,0.0,3.0,0.0,1196.0,236.0,184022.0,38.5604
62150592044,1,0.0,1.0,0.0,1504.0,2005.0,6.04,43.324
62150592044,0,0.0,0.0,0.0,739.0,1262.0,6.04,42.5938
62150592044,1,0.0,0.0,0.0,440.0,843.0,6.03,42.9935
62150592044,0,0.0,1.0,0.0,325.0,487.0,6.03,44.3553
62150592044,1,0.0,0.0,0.0,89.0,160.0,6.02,41.269
62150592044,0,0.0,0.0,0.0,83.0,186.0,6.02,43.4568
62150592044,1,0.0,1.0,0.0,97.0,1446.0,6.04,43.2123
62150592044,0,0.0,1.0,0.0,918.0,1556.0,6.04,43.2938
62150592044,0,0.0,1.0,0.0,316.0,1680.0,6.02,43.7175
62150592044,1,0.0,1.0,0.0,889.0,14.0,6.02,42.3957
62150592044,1,0.0,1.0,0.0,1764.0,2060.0,6.08,42.7473
62150592044,0,0.0,1.0,0.0,1548.0,1489.0,6.08,42.417
62150592044,1,0.0,1.0,0.0,61.0,130.0,6.03,40.9865
62150592044,0,0.0,1.0,0.0,67.0,136.0,6.03,41.7188
62150592044,0,0.0,0.0,0.0,917.0,276.0,6.02,41.4922
62150592044,1,0.0,1.0,0.0,2064.0,410.0,6.02,43.7517
62181163932,1,4.0,7.0,4.0,1008.0,1851.0,37.66,50.0588
62181163932,0,4.0,7.0,4.0,1056.0,783.0,37.66,45.2254
62181163932,0,5.0,7.0,5.0,1748.0,1018.0,36.04,47.3984
62181163932,1,5.0,7.0,6.0,1624.0,1707.0,36.04,43.5914
62181163932,0,5.0,7.0,7.0,290.0,265.0,36.04,45.7907
62181163932,1,5.0,7.0,8.0,358.0,656.0,36.04,45.7533
62181163932,1,5.0,7.0,3.0,1252.0,843.0,37.67,47.3287
62181163932,0,4.0,7.0,2.0,176.0,1608.0,37.67,47.2984
62181163932,1,5.0,7.0,3.0,7.0,1767.0,36.01,44.183
62181163932,0,5.0,7.0,3.0,1155.0,1657.0,36.01,44.9569
62181163932,1,5.0,7.0,6.0,1745.0,1195.0,36.01,45.2306
62181163932,0,5.0,7.0,8.0,2111.0,1203.0,36.01,49.0992
62181163932,0,5.0,7.0,7.0,1075.0,328.0,36.01,44.2438
62181163932,1,5.0,7.0,5.0,100.0,1043.0,36.01,43.9522
62181163932,0,5.0,7.0,3.0,282.0,921.0,36.01,42.5823
62181163932,1,5.0,7.0,5.0,609.0,606.0,36.01,46.2365
62679155372,1,0.0,0.0,0.0,1995.0,0.0,0.51,0.0
62679155372,0,0.0,0.0,0.0,1617.0,1671.0,0.51,25.075
62679155372,0,0.0,0.0,0.0,491.0,1405.0,0.51,28.556
62679155372,1,0.0,0.0,0.0,1332.0,0.0,0.51,0.0
62679155372,0,0.0,0.0,0.0,318.0,2060.0,0.53,24.593
62679155372,1,0.0,0.0,0.0,0.0,1705.0,0.53,26.633
62679155372,1,0.0,0.0,0.0,0.0,2061.0,0.54,25.97
62679155372,0,0.0,0.0,0.0,1330.0,238.0,0.54,25.587
62679155372,0,0.0,0.0,0.0,1149.0,367.0,0.51,27.147
62679155372,1,0.0,0.0,0.0,0.0,0.0,0.51,0.0
62679155372,1,0.0,0.0,0.0,1309.0,0.0,0.52,0.0
62679155372,0,0.0,0.0,0.0,331.0,0.0,0.52,22.08
62679155372,0,0.0,0.0,0.0,0.0,0.0,0.52,0.0
62679155372,1,0.0,0.0,0.0,1079.0,2018.0,0.52,0.0
62679155372,1,0.0,0.0,0.0,0.0,936.0,0.52,0.0
62679155372,0,0.0,0.0,0.0,1643.0,1914.0,0.52,25.29
62771414529,1,1.0,6.0,1.0,1279.0,1311.0,74073.1,42.5802
62771414529,0,0.0,5.0,0.0,277.0,2002.0,74073.1,41.9033
62771414529,1,0.0,4.0,0.0,836.0,1773.0,74073.1,43.0667
62771414529,0,0.0,3.0,0.0,1952.0,393.0,74073.1,43.7923
62771414529,1,0.0,5.0,1.0,1568.0,351.0,74073.1,41.6638
62771414529,0,1.0,6.0,1.0,1024.0,1870.0,74073.1,42.5258
62771414529,1,1.0,8.0,1.0,1747.0,284.0,74073.1,42.3373
62771414529,0,0.0,5.0,0.0,889.0,79.0,74073.1,42.659
62771414529,0,0.0,3.0,0.0,490.0,1332.0,74073.1,42.6785
62771414529,1,1.0,7.0,1.0,245.0,1485.0,74073.1,42.5677
62771414529,0,0.0,6.0,1.0,1850.0,388.0,74073.1,44.3856
62771414529,1,0.0,3.0,0.0,1526.0,613.0,74073.1,40.3545
62771414529,0,0.0,5.0,0.0,691.0,366.0,74073.1,43.3371
62771414529,1,0.0,6.0,1.0,484.0,414.0,74073.1,43.6806
62771414529,1,0.0,7.0,0.0,1296.0,1603.0,74073.1,43.6473
62771414529,0,0.0,4.0,0.0,948.0,1458.0,74073.1,42.5693
62817710808,1,13.0,37.0,13.0,1021.0,742.0,112929.0,84.7941
62817710808,0,12.0,25.0,12.0,1074.0,451.0,112929.0,77.7823
62817710808,1,13.0,36.0,12.0,1238.0,660.0,112929.0,74.8034
62817710808,0,13.0,35.0,12.0,1157.0,1280.0,112929.0,78.0195
62817710808,1,13.0,36.0,12.0,1127.0,1440.0,112931.0,78.255
62817710808,0,13.0,36.0,13.0,1253.0,607.0,112931.0,78.9916
62817710808,1,13.0,36.0,12.0,938.0,575.0,112929.0,75.9227
62817710808,0,13.0,36.0,12.0,954.0,473.0,112929.0,79.5873
62817710808,0,13.0,36.0,13.0,1140.0,1020.0,112931.0,80.632
62817710808,1,13.0,36.0,13.0,1019.0,1362.0,112931.0,80.7066
62817710808,0,13.0,36.0,13.0,952.0,1352.0,112931.0,79.6082
62817710808,1,13.0,37.0,13.0,1155.0,906.0,112931.0,77.4149
62817710808,0,13.0,36.0,13.0,968.0,1047.0,112931.0,79.4286
62817710808,1,13.0,36.0,13.0,906.0,1803.0,112931.0,79.5534
62817710808,1,13.0,37.0,13.0,1198.0,897.0,112931.0,76.3966
62817710808,0,13.0,36.0,12.0,1212.0,778.0,112931.0,79.784
62917695049,0,0.0,0.0,3.0,1259.0,489.0,763.34,44.76
62917695049,1,0.0,0.0,3.0,1804.0,112.0,763.34,46.4279
62917695049,1,0.0,0.0,3.0,1517.0,67.0,763.33,43.667
62917695049,0,0.0,0.0,5.0,1557.0,988.0,763.33,50.5328
62917695049,1,0.0,0.0,3.0,1904.0,1330.0,763.33,44.1412
62917695049,0,0.0,0.0,4.0,729.0,814.0,763.33,45.5336
62917695049,0,0.0,0.0,3.0,256.0,1187.0,763.32,46.1479
62917695049,1,0.0,1.0,6.0,1101.0,452.0,763.32,50.002
62917695049,0,0.0,0.0,4.0,577.0,1855.0,763.34,43.8447
62917695049,1,0.0,0.0,5.0,591.0,770.0,763.34,44.1506
62917695049,1,0.0,0.0,4.0,1175.0,111.0,763.33,44.7782
62917695049,0,0.0,0.0,4.0,465.0,1087.0,763.33,46.8108
62917695049,1,0.0,0.0,3.0,1918.0,1024.0,763.32,42.9445
62917695049,0,0.0,0.0,3.0,1671.0,1596.0,763.32,47.0309
62917695049,1,0.0,0.0,5.0,727.0,601.0,763.32,48.7786
62917695049,0,0.0,0.0,3.0,636.0,1861.0,763.32,45.3576
63089757428,1,0.0,0.0,0.0,552.0,833.0,59.17,26.1191
63089757428,0,0.0,0.0,0.0,1926.0,1455.0,59.17,25.2661
63089757428,1,0.0,0.0,0.0,1962.0,1593.0,59.2,27.196
63089757428,0,0.0,0.0,0.0,138.0,1120.0,59.2,26.407
63089757428,1,0.0,0.0,0.0,1411.0,1204.0,59.22,25.543
63089757428,0,0.0,0.0,0.0,265.0,765.0,59.22,26.6076
63089757428,0,0.0,0.0,0.0,1077.0,603.0,59.18,25.8126
63089757428,1,0.0,0.0,0.0,1703.0,647.0,59.18,25.007
63089757428,0,0.0,0.0,0.0,2014.0,2103.0,59.16,24.3725
63089757428,1,0.0,0.0,0.0,2120.0,1702.0,59.16,25.5019
63089757428,0,0.0,0.0,0.0,1735.0,459.0,59.16,25.645
63089757428,1,0.0,0.0,0.0,772.0,2022.0,59.16,25.1107
63089757428,1,0.0,0.0,0.0,1363.0,1504.0,59.16,27.0173
63089757428,0,0.0,0.0,0.0,1046.0,1663.0,59.16,25.4938
63089757428,1,0.0,0.0,0.0,1779.0,416.0,59.17,25.3578
63089757428,0,0.0,0.0,0.0,1142.0,1589.0,59.17,24.3921
63323698635,1,7.0,97.0,8.0,1090.0,1102.0,864049.0,68.7281
63323698635,0,8.0,97.0,9.0,1054.0,1087.0,864049.0,67.5563
63323698635,1,7.0,97.0,8.0,1073.0,1108.0,864049.0,67.6546
63323698635,0,8.0,98.0,9.0,1052.0,1087.0,864049.0,69.4049
63323698635,1,7.0,97.0,8.0,1091.0,1076.0,864049.0,71.6501
63323698635,0,8.0,97.0,9.0,1075.0,1044.0,864049.0,67.9742
63323698635,0,8.0,98.0,9.0,1072.0,1083.0,864050.0,67.739
63323698635,1,7.0,97.0,8.0,1081.0,1094.0,864050.0,68.2467
63323698635,0,8.0,97.0,9.0,1073.0,1091.0,864049.0,68.4746
63323698635,1,7.0,98.0,8.0,1097.0,1101.0,864049.0,68.1773
63323698635,1,7.0,97.0,8.0,1074.0,1104.0,864049.0,66.4911
63323698635,0,8.0,97.0,9.0,1067.0,1085.0,864049.0,67.0819
63323698635,0,8.0,97.0,9.0,1091.0,1042.0,864049.0,69.606
63323698635,1,7.0,98.0,8.0,1091.0,1031.0,864049.0,67.883
63323698635,0,8.0,97.0,9.0,1100.0,1085.0,864050.0,69.7404
63323698635,1,7.0,96.0,8.0,1087.0,1035.0,864050.0,67.0904
63370667560,1,2.0,8.0,5.0,970.0,518.0,929.56,48.6803
63370667560,0,1.0,3.0,2.0,1452.0,861.0,929.56,42.566
63370667560,0,0.0,0.0,3.0,1492.0,155.0,929.55,44.5535
63370667560,1,0.0,0.0,5.0,1410.0,1016.0,929.55,46.7981
63370667560,0,1.0,4.0,3.0,1403.0,184.0,929.56,41.8344
63370667560,1,0.0,0.0,3.0,1509.0,1306.0,929.56,41.3033
63370667560,1,0.0,0.0,5.0,1599.0,422.0,929.56,44.7605
63370667560,0,0.0,0.0,3.0,1759.0,1366.0,929.56,46.9101
63370667560,1,3.0,8.0,5.0,431.0,1445.0,929.55,43.8354
63370667560,0,0.0,0.0,4.0,591.0,1991.0,929.55,47.0183
63370667560,0,0.0,0.0,3.0,461.0,1563.0,929.58,45.5594
63370667560,1,0.0,0.0,2.0,1633.0,772.0,929.58,41.9819
63370667560,1,0.0,0.0,4.0,720.0,647.0,929.54,42.2279
63370667560,0,0.0,0.0,4.0,450.0,1395.0,929.54,45.812
63370667560,0,0.0,0.0,3.0,797.0,1125.0,929.58,43.7565
63370667560,1,0.0,0.0,4.0,1822.0,1626.0,929.58,44.9769
63398095304,1,0.0,0.0,0.0,99.0,52.0,20.66,25.6485
63398095304,0,0.0,0.0,0.0,38.0,1407.0,20.65,30.1746
63398095304,1,0.0,0.0,0.0,1939.0,1281.0,20.65,24.4075
63398095304,0,0.0,0.0,0.0,1032.0,854.0,20.67,27.4366
63398095304,1,0.0,0.0,0.0,265.0,922.0,20.65,25.6025
63398095304,0,0.0,0.0,0.0,1659.0,1357.0,20.65,26.8178
63398095304,1,0.0,0.0,0.0,1931.0,220.0,20.68,25.0471
63398095304,0,0.0,0.0,0.0,1096.0,106.0,20.68,26.8223
63398095304,1,0.0,0.0,0.0,1383.0,842.0,20.67,28.7584
63398095304,1,0.0,0.0,0.0,1435.0,1317.0,20.64,27.2621
63398095304,1,0.0,0.0,0.0,1579.0,1546.0,20.65,26.2484
63398095304,0,0.0,0.0,0.0,1759.0,89.0,20.65,26.1212
63398095304,0,0.0,0.0,0.0,2122.0,477.0,20.64,26.3606
63398095304,1,0.0,0.0,0.0,1656.0,224.0,20.64,25.8589
63398095304,0,0.0,0.0,0.0,1127.0,379.0,20.69,27.4823
63398095304,1,0.0,0.0,0.0,1462.0,358.0,20.69,25.6345
63398095304,0,0.0,0.0,0.0,1952.0,425.0,20.64,26.6374
63398095304,1,0.0,0.0,0.0,1859.0,1876.0,20.64,27.9292
63398095304,1,0.0,0.0,0.0,1833.0,844.0,20.69,27.05
63398095304,0,0.0,0.0,0.0,760.0,888.0,20.69,27.0985
63398095304,0,0.0,0.0,0.0,1143.0,211.0,20.64,26.7518
63398095304,0,0.0,0.0,0.0,843.0,632.0,20.65,26.0461
63398095304,0,0.0,0.0,0.0,1693.0,805.0,20.65,26.4441
63398095304,1,0.0,0.0,0.0,1794.0,1268.0,20.65,25.9027
63398095304,1,0.0,0.0,0.0,642.0,1556.0,20.67,27.4178
63398095304,0,0.0,0.0,0.0,1547.0,1378.0,20.67,26.571
63398095304,1,0.0,0.0,0.0,821.0,160.0,20.65,28.9328
63398095304,0,0.0,0.0,0.0,1434.0,2086.0,20.66,25.4583
63398095304,0,0.0,0.0,0.0,367.0,1425.0,20.66,26.1159
63398095304,1,0.0,0.0,0.0,739.0,14.0,20.66,27.8389
63398095304,1,0.0,0.0,0.0,913.0,496.0,20.66,25.1493
63398095304,0,0.0,0.0,0.0,514.0,592.0,20.66,26.1773
63508862286,1,9.0,14.0,9.0,897.0,1287.0,3422.08,61.5429
63508862286,0,9.0,14.0,9.0,702.0,2034.0,3422.08,62.2205
63508862286,1,9.0,14.0,9.0,988.0,683.0,3423.09,60.8168
63508862286,0,9.0,14.0,9.0,1105.0,1532.0,3423.09,64.7168
63508862286,0,9.0,14.0,7.0,582.0,1707.0,3423.08,60.9672
63508862286,1,9.0,14.0,8.0,391.0,1260.0,3423.08,61.3326
63508862286,0,9.0,14.0,9.0,1146.0,743.0,3423.08,60.1258
63508862286,0,9.0,14.0,9.0,1058.0,1936.0,3423.1,64.1251
63508862286,0,9.0,14.0,8.0,1338.0,1809.0,3423.08,63.5567
63508862286,1,9.0,14.0,9.0,1612.0,1421.0,3422.09,60.5342
63508862286,1,9.0,14.0,9.0,471.0,366.0,3423.08,59.5688
63508862286,0,9.0,14.0,8.0,628.0,1220.0,3423.08,62.0206
63508862286,1,9.0,14.0,9.0,1724.0,518.0,3422.07,61.4874
63508862286,0,9.0,14.0,9.0,1248.0,1827.0,3422.07,61.6376
63508862286,1,9.0,14.0,8.0,1721.0,635.0,3423.08,63.2311
63508862286,0,9.0,14.0,9.0,1060.0,678.0,3423.08,61.3184
63508862286,0,9.0,14.0,9.0,689.0,185.0,3422.09,59.8783
63508862286,1,9.0,14.0,9.0,1065.0,433.0,3423.07,60.1586
63508862286,1,9.0,14.0,9.0,1637.0,1072.0,3423.08,60.8083
63508862286,1,9.0,14.0,9.0,872.0,1854.0,3423.08,65.0079
63508862286,0,9.0,14.0,9.0,684.0,1814.0,3420.09,61.1052
63508862286,1,9.0,14.0,9.0,932.0,1658.0,3423.1,57.6496
63508862286,1,9.0,14.0,9.0,1470.0,1919.0,3422.08,59.7516
63508862286,0,9.0,14.0,8.0,1614.0,1274.0,3422.08,61.3573
63508862286,1,9.0,14.0,9.0,1744.0,836.0,3422.08,62.3479
63508862286,1,9.0,14.0,9.0,571.0,378.0,3423.08,62.6002
63508862286,0,9.0,14.0,9.0,1396.0,272.0,3423.07,60.3999
63508862286,0,9.0,14.0,9.0,765.0,168.0,3423.08,62.1031
63508862286,0,9.0,14.0,9.0,1532.0,1199.0,3423.08,63.5083
63508862286,1,9.0,14.0,8.0,832.0,1527.0,3423.08,62.1563
63508862286,1,9.0,14.0,9.0,561.0,2032.0,3423.08,60.9045
63508862286,0,9.0,14.0,9.0,1235.0,2087.0,3423.08,59.9961
63508862286,1,9.0,14.0,9.0,347.0,725.0,3423.08,60.8262
63508862286,0,9.0,14.0,9.0,1252.0,1241.0,3423.08,61.0603
63508862286,0,9.0,14.0,8.0,1746.0,1615.0,3423.08,61.3468
63508862286,0,9.0,14.0,9.0,603.0,221.0,3423.03,62.1616
63508862286,1,9.0,14.0,9.0,1277.0,558.0,3423.08,63.0859
63508862286,0,9.0,14.0,10.0,395.0,86.0,3422.06,59.5858
63508862286,1,9.0,14.0,9.0,911.0,1157.0,3423.07,59.4815
63508862286,1,9.0,14.0,9.0,1741.0,2060.0,3423.08,61.6069
63508862286,0,9.0,14.0,9.0,913.0,594.0,3423.1,60.2077
63508862286,1,9.0,14.0,9.0,1633.0,353.0,3423.07,62.0429
63508862286,1,9.0,14.0,9.0,970.0,54.0,3423.1,63.9261
63508862286,0,9.0,14.0,9.0,1567.0,1136.0,3423.1,64.9203
63508862286,0,9.0,14.0,8.0,476.0,265.0,3423.07,57.9606
63508862286,1,9.0,14.0,9.0,471.0,1085.0,3423.03,64.6165
63508862286,1,9.0,14.0,9.0,1594.0,404.0,3422.06,62.3854
63508862286,0,9.0,14.0,8.0,967.0,1325.0,3423.08,60.6609
63508862286,1,9.0,14.0,8.0,1665.0,1043.0,3423.08,60.3477
63508862286,1,9.0,14.0,8.0,736.0,1319.0,3423.07,62.5166
63508862286,0,9.0,14.0,9.0,1726.0,1387.0,3423.08,61.2233
63508862286,0,9.0,14.0,8.0,564.0,905.0,3423.08,64.2045
63508862286,1,9.0,14.0,9.0,1451.0,1595.0,3423.1,61.4446
63508862286,1,9.0,14.0,9.0,568.0,522.0,3420.09,62.9449
63508862286,0,9.0,14.0,9.0,1558.0,307.0,3423.08,61.9647
63508862286,1,9.0,14.0,9.0,1109.0,1862.0,3423.08,66.5603
63508862286,0,9.0,14.0,9.0,1636.0,413.0,3423.07,61.8876
63508862286,1,9.0,14.0,9.0,1485.0,1668.0,3423.08,62.4575
63508862286,0,9.0,14.0,9.0,728.0,1238.0,3423.07,59.3098
63508862286,1,9.0,14.0,10.0,1122.0,758.0,3423.08,62.8429
63508862286,0,9.0,14.0,9.0,728.0,370.0,3423.08,66.8939
63508862286,1,9.0,14.0,9.0,1051.0,1973.0,3423.08,64.3572
63508862286,0,9.0,14.0,9.0,491.0,986.0,3423.08,63.9554
63508862286,0,9.0,14.0,10.0,1367.0,2058.0,3422.08,59.6114
63566857809,1,3.0,11.0,4.0,1246.0,474.0,2531.89,43.3084
63566857809,1,4.0,12.0,4.0,909.0,314.0,2531.85,46.5319
63566857809,0,3.0,10.0,3.0,823.0,701.0,2531.85,44.5979
63566857809,0,3.0,11.0,4.0,1146.0,1805.0,2531.83,47.0739
63566857809,1,2.0,8.0,2.0,1149.0,638.0,2531.85,42.0745
63566857809,1,2.0,7.0,2.0,911.0,1483.0,2531.85,41.6529
63566857809,0,4.0,12.0,4.0,1274.0,1384.0,2531.85,46.2409
63566857809,0,2.0,7.0,2.0,1396.0,997.0,2531.85,42.0499
63566857809,0,3.0,10.0,3.0,678.0,1194.0,2531.84,47.5842
63566857809,1,3.0,10.0,3.0,889.0,235.0,2531.84,43.1594
63566857809,1,6.0,17.0,6.0,1160.0,1047.0,2531.86,45.7082
63566857809,1,3.0,11.0,3.0,1220.0,1257.0,2531.83,42.1987
63566857809,1,3.0,10.0,3.0,1050.0,821.0,2531.86,44.4957
63566857809,0,4.0,13.0,5.0,1070.0,1399.0,2531.86,48.209
63566857809,0,3.0,10.0,3.0,941.0,987.0,2531.86,43.0053
63566857809,0,2.0,7.0,2.0,1622.0,1252.0,2531.89,42.5648
63585520491,0,1.0,6.0,1.0,1793.0,318.0,109009.0,42.8302
63585520491,0,0.0,3.0,0.0,1054.0,1489.0,109009.0,42.3642
63585520491,1,0.0,6.0,0.0,1463.0,412.0,109009.0,41.8401
63585520491,0,0.0,5.0,0.0,1573.0,233.0,109009.0,43.7318
63585520491,1,0.0,7.0,1.0,680.0,1694.0,109009.0,44.3022
63585520491,1,1.0,7.0,0.0,1569.0,1868.0,109009.0,42.3129
63585520491,0,0.0,4.0,0.0,1766.0,1413.0,109009.0,42.4028
63585520491,0,0.0,5.0,0.0,1389.0,908.0,109009.0,41.2046
63585520491,0,0.0,6.0,0.0,1663.0,1075.0,109009.0,42.9001
63585520491,1,1.0,8.0,1.0,743.0,309.0,109009.0,42.8173
63585520491,0,0.0,3.0,0.0,711.0,1412.0,109009.0,43.6353
63585520491,1,0.0,6.0,0.0,1354.0,1559.0,109009.0,41.8455
63585520491,0,0.0,5.0,0.0,305.0,837.0,109009.0,42.2866
63585520491,1,0.0,3.0,0.0,1007.0,904.0,109009.0,42.4483
63585520491,1,0.0,3.0,0.0,530.0,1701.0,109009.0,39.1368
63585520491,1,0.0,5.0,0.0,1322.0,706.0,109009.0,43.3208
64215468837,0,0.0,0.0,0.0,3.0,29.0,22.34,31.2973
64215468837,1,0.0,0.0,0.0,11.0,37.0,22.34,32.4008
64215468837,0,0.0,0.0,0.0,5.0,31.0,23.94,31.3437
64215468837,1,0.0,0.0,0.0,12.0,38.0,23.94,29.7194
64215468837,0,0.0,0.0,0.0,10.0,36.0,22.29,31.2257
64215468837,1,0.0,0.0,0.0,11.0,37.0,23.96,30.697
64215468837,1,0.0,0.0,0.0,2.0,28.0,22.35,30.6262
64215468837,0,0.0,0.0,0.0,8.0,34.0,22.35,30.5898
64215468837,0,0.0,0.0,0.0,3.0,30.0,22.29,31.0951
64215468837,1,0.0,0.0,0.0,8.0,34.0,22.29,31.7749
64215468837,1,0.0,0.0,0.0,5.0,31.0,23.93,31.3972
64215468837,0,0.0,0.0,0.0,7.0,33.0,23.93,31.733
64215468837,0,0.0,0.0,0.0,7.0,33.0,24.01,31.7504
64215468837,1,0.0,0.0,0.0,1.0,27.0,24.01,32.8155
64215468837,1,0.0,0.0,0.0,4.0,30.0,22.29,30.8434
64215468837,0,0.0,0.0,0.0,9.0,35.0,23.96,31.236
64217189785,0,19.0,39.0,20.0,454.0,68.0,863.11,90.9185
64217189785,1,18.0,40.0,20.0,452.0,68.0,863.11,88.561
64217189785,1,18.0,40.0,20.0,454.0,68.0,865.15,90.8362
64217189785,0,18.0,39.0,20.0,464.0,69.0,865.15,95.6593
64217189785,1,18.0,40.0,19.0,458.0,68.0,865.09,89.8261
64217189785,0,18.0,40.0,20.0,445.0,67.0,865.09,91.6604
64217189785,1,18.0,38.0,19.0,462.0,69.0,865.08,99.2104
64217189785,0,18.0,39.0,19.0,435.0,65.0,865.08,93.4485
64217189785,0,18.0,39.0,19.0,461.0,69.0,865.12,92.2419
64217189785,1,18.0,40.0,20.0,460.0,69.0,865.12,96.0523
64217189785,0,19.0,39.0,19.0,466.0,69.0,865.1,96.36
64217189785,1,19.0,38.0,20.0,453.0,68.0,865.1,93.0063
64217189785,1,18.0,38.0,19.0,466.0,69.0,865.09,89.019
64217189785,0,18.0,38.0,19.0,453.0,68.0,865.09,91.9318
64217189785,1,19.0,38.0,19.0,461.0,69.0,865.09,98.7434
64217189785,0,18.0,39.0,17.0,445.0,67.0,865.09,91.7794
64565500500,1,1.0,5.0,1.0,1756.0,2006.0,17755.9,41.8622
64565500500,0,0.0,4.0,0.0,1111.0,845.0,17755.9,41.1356
64565500500,1,0.0,4.0,0.0,1399.0,1854.0,17755.9,40.2027
64565500500,0,0.0,4.0,0.0,1534.0,639.0,17755.9,43.5303
64565500500,0,0.0,4.0,0.0,705.0,572.0,17755.9,40.2059
64565500500,1,0.0,4.0,0.0,388.0,1075.0,17755.9,41.0705
64565500500,0,0.0,3.0,0.0,390.0,862.0,17755.9,38.9781
64565500500,1,0.0,4.0,0.0,1659.0,32.0,17755.9,42.2656
64565500500,1,0.0,4.0,0.0,341.0,198.0,17755.9,40.9942
64565500500,0,0.0,3.0,0.0,1066.0,1584.0,17755.9,42.0359
64565500500,1,0.0,3.0,0.0,1841.0,669.0,17753.9,36.9234
64565500500,0,0.0,3.0,0.0,308.0,1298.0,17753.9,40.5708
64565500500,1,0.0,3.0,0.0,1766.0,1911.0,17753.9,40.0953
64565500500,0,0.0,4.0,0.0,1364.0,163.0,17753.9,41.0382
64565500500,0,0.0,4.0,0.0,766.0,1609.0,17755.9,41.2418
64565500500,1,0.0,4.0,0.0,1235.0,528.0,17755.9,38.2293
64575400339,0,0.0,0.0,0.0,1288.0,1390.0,7445.12,38.619
64575400339,1,0.0,0.0,0.0,787.0,1103.0,7445.12,24.819
64575400339,0,0.0,0.0,0.0,546.0,1505.0,7441.44,26.1897
64575400339,1,0.0,0.0,0.0,1254.0,1317.0,7441.44,27.3688
64575400339,0,0.0,0.0,0.0,188.0,127.0,7441.44,25.1239
64575400339,1,0.0,0.0,0.0,1871.0,2094.0,7441.44,24.9499
64575400339,0,0.0,0.0,0.0,1211.0,1877.0,7441.45,25.8834
64575400339,1,0.0,0.0,0.0,1394.0,730.0,7441.45,25.0564
64575400339,0,0.0,0.0,0.0,496.0,1250.0,7441.46,25.2145
64575400339,1,0.0,0.0,0.0,590.0,153.0,7441.46,24.7091
64575400339,1,0.0,0.0,0.0,762.0,1052.0,7441.45,24.7688
64575400339,0,0.0,0.0,0.0,1435.0,1832.0,7441.45,25.3726
64685219282,1,0.0,1.0,0.0,1805.0,1865.0,208638.0,38.5696
64685219282,1,0.0,1.0,0.0,1360.0,445.0,208638.0,36.8944
64685219282,1,0.0,1.0,0.0,1418.0,1908.0,208638.0,38.2418
64685219282,0,0.0,1.0,0.0,1555.0,1751.0,208638.0,37.9017
64685219282,0,0.0,1.0,0.0,1021.0,379.0,208638.0,37.2357
64685219282,0,0.0,1.0,0.0,1832.0,505.0,208638.0,39.4381
64685219282,0,0.0,1.0,0.0,1525.0,459.0,208638.0,35.8038
64685219282,0,0.0,1.0,0.0,1806.0,605.0,208638.0,37.1544
64685219282,1,0.0,1.0,0.0,568.0,590.0,208638.0,36.9619
64685219282,1,0.0,1.0,0.0,887.0,403.0,208638.0,37.7012
64685219282,0,0.0,1.0,0.0,360.0,1515.0,208638.0,39.0243
64685219282,1,0.0,1.0,0.0,551.0,1569.0,208638.0,38.1427
64685219282,1,0.0,1.0,0.0,224.0,516.0,208638.0,36.177
64685219282,1,0.0,1.0,0.0,1300.0,686.0,208638.0,37.4752
64685219282,0,0.0,1.0,0.0,1284.0,1779.0,208638.0,37.8143
64685219282,0,0.0,1.0,0.0,1369.0,409.0,208638.0,39.367
64713598338,1,0.0,0.0,0.0,1136.0,349.0,106.02,27.1443
64713598338,0,0.0,0.0,0.0,1911.0,1926.0,106.04,26.963
64713598338,1,0.0,0.0,0.0,1772.0,449.0,106.04,27.4344
64713598338,0,0.0,0.0,0.0,1132.0,810.0,106.04,27.8581
64713598338,1,0.0,0.0,0.0,411.0,598.0,106.02,24.4653
64713598338,0,0.0,0.0,0.0,33.0,1329.0,106.02,29.2412
64713598338,1,0.0,0.0,0.0,2000.0,1379.0,106.04,25.7428
64713598338,1,0.0,0.0,0.0,1698.0,724.0,106.01,26.4146
64713598338,1,0.0,0.0,0.0,1571.0,1235.0,106.04,28.1476
64713598338,0,0.0,0.0,0.0,1042.0,128.0,106.04,25.9497
64713598338,0,0.0,0.0,0.0,1185.0,106.0,108.01,29.6853
64713598338,0,0.0,0.0,0.0,167.0,1517.0,106.01,25.2119
64713598338,0,0.0,0.0,0.0,1875.0,1073.0,106.02,26.9818
64713598338,1,0.0,0.0,0.0,924.0,940.0,108.01,28.2362
64713598338,1,0.0,0.0,0.0,1437.0,1566.0,106.02,26.7369
64713598338,0,0.0,0.0,0.0,1376.0,1306.0,106.02,26.938
65018811177,1,0.0,0.0,0.0,1765.0,0.0,0.73,25.303
65018811177,0,0.0,0.0,0.0,1549.0,0.0,0.73,24.328
65018811177,1,0.0,0.0,0.0,62.0,131.0,0.72,25.172
65018811177,0,0.0,0.0,0.0,326.0,488.0,0.72,26.522
65018811177,0,0.0,0.0,0.0,918.0,277.0,0.72,25.435
65018811177,1,0.0,0.0,0.0,2065.0,411.0,0.72,0.0
65018811177,1,0.0,0.0,0.0,0.0,843.0,0.72,27.315
65018811177,1,0.0,0.0,0.0,99.0,1447.0,0.73,0.0
65018811177,0,0.0,0.0,0.0,84.0,186.0,0.74,27.329
65018811177,0,0.0,0.0,0.0,919.0,1557.0,0.73,25.618
65018811177,1,0.0,0.0,0.0,0.0,161.0,0.74,25.02
65018811177,0,0.0,0.0,0.0,0.0,1263.0,0.73,26.542
65018811177,1,0.0,0.0,0.0,0.0,14.0,0.73,25.014
65018811177,0,0.0,0.0,0.0,317.0,0.0,0.73,0.0
65018811177,1,0.0,0.0,0.0,1505.0,2005.0,0.73,26.179
65018811177,0,0.0,0.0,0.0,68.0,137.0,0.72,26.339
65132338064,0,0.0,6.0,0.0,31.0,37.0,721.4,40.8373
65132338064,1,0.0,7.0,0.0,33.0,34.0,721.39,39.4547
65132338064,0,0.0,8.0,0.0,36.0,37.0,721.39,41.387
65132338064,1,0.0,7.0,0.0,29.0,34.0,721.4,41.3579
65132338064,0,0.0,7.0,0.0,37.0,40.0,721.4,40.2758
65132338064,0,0.0,8.0,0.0,45.0,39.0,721.41,41.0105
65132338064,1,0.0,7.0,0.0,32.0,36.0,721.4,40.9119
65132338064,1,0.0,7.0,0.0,39.0,33.0,721.41,41.3289
65132338064,1,0.0,6.0,0.0,40.0,34.0,721.39,37.4236
65132338064,0,0.0,8.0,0.0,50.0,40.0,721.39,42.0041
65132338064,0,0.0,8.0,0.0,38.0,37.0,721.39,42.1081
65132338064,1,0.0,7.0,0.0,34.0,37.0,721.4,39.5621
65132338064,0,0.0,7.0,0.0,35.0,38.0,721.4,42.4519
65132338064,1,0.0,7.0,0.0,44.0,41.0,721.39,43.662
65132338064,0,0.0,6.0,0.0,41.0,34.0,721.39,41.2281
65132338064,1,0.0,7.0,1.0,37.0,38.0,721.39,40.2571
65132338064,0,0.0,7.0,0.0,39.0,35.0,721.39,41.5432
65132338064,1,0.0,8.0,1.0,48.0,41.0,721.42,40.3462
65132338064,0,0.0,7.0,0.0,47.0,41.0,721.42,40.2225
65132338064,1,0.0,7.0,1.0,39.0,34.0,721.39,40.9998
65132338064,0,0.0,7.0,0.0,41.0,36.0,721.39,42.2463
65132338064,1,0.0,7.0,1.0,37.0,39.0,721.39,44.1015
65132338064,0,0.0,6.0,0.0,44.0,40.0,721.39,40.356
65132338064,1,0.0,7.0,0.0,47.0,41.0,721.38,40.0567
65132338064,0,0.0,8.0,0.0,39.0,37.0,721.38,41.3843
65132338064,1,0.0,7.0,0.0,39.0,37.0,721.38,40.7443
65132338064,0,0.0,8.0,0.0,43.0,36.0,721.38,42.3957
65132338064,1,0.0,8.0,0.0,45.0,42.0,721.39,40.2911
65132338064,0,0.0,7.0,0.0,34.0,36.0,721.38,40.2592
65132338064,0,0.0,5.0,0.0,45.0,39.0,721.38,39.689
65132338064,1,0.0,6.0,0.0,45.0,36.0,721.38,40.2812
65132338064,1,0.0,8.0,1.0,37.0,39.0,721.38,41.5413
65266438994,1,0.0,0.0,4.0,1151.0,1417.0,30898.5,47.7838
65266438994,0,5.0,15.0,5.0,1057.0,1333.0,30898.5,50.4106
65266438994,1,0.0,0.0,5.0,1103.0,233.0,30898.5,49.6881
65266438994,0,4.0,13.0,4.0,1077.0,455.0,30898.5,48.9562
65266438994,1,0.0,0.0,2.0,1089.0,1180.0,30898.5,44.3465
65266438994,0,5.0,15.0,4.0,1129.0,772.0,30898.5,47.4766
65266438994,0,4.0,12.0,4.0,1076.0,1272.0,30898.5,46.2797
65266438994,1,0.0,0.0,7.0,950.0,1559.0,30898.5,49.8718
65266438994,0,3.0,9.0,3.0,1053.0,836.0,30898.5,47.1494
65266438994,1,0.0,0.0,3.0,1208.0,1208.0,30898.5,46.8194
65266438994,1,0.0,0.0,6.0,1109.0,399.0,30898.5,49.6451
65266438994,0,2.0,8.0,2.0,757.0,937.0,30898.5,43.6983
65266438994,1,0.0,0.0,6.0,1176.0,1843.0,30898.5,49.9787
65266438994,0,4.0,13.0,4.0,1060.0,523.0,30898.5,48.941
65266438994,1,0.0,0.0,5.0,947.0,808.0,30898.5,47.7331
65266438994,0,4.0,12.0,4.0,1025.0,1827.0,30898.5,47.2962
65506834283,0,0.0,0.0,0.0,1531.0,692.0,1.12,27.285
65506834283,1,0.0,0.0,0.0,1597.0,1081.0,1.12,26.2315
65506834283,0,0.0,0.0,0.0,439.0,1826.0,1.12,28.549
65506834283,0,0.0,0.0,0.0,398.0,1832.0,1.15,27.143
65506834283,1,0.0,0.0,0.0,1980.0,1744.0,1.13,25.057
65506834283,0,0.0,0.0,0.0,1599.0,1146.0,1.13,26.215
65506834283,1,0.0,0.0,0.0,203.0,1680.0,1.11,24.366
65506834283,0,0.0,0.0,0.0,1550.0,1841.0,1.11,26.498
65506834283,1,0.0,0.0,0.0,1003.0,432.0,1.11,24.77
65506834283,0,0.0,0.0,0.0,1840.0,790.0,1.12,26.098
65506834283,1,0.0,0.0,0.0,1400.0,791.0,1.12,26.91
65506834283,1,0.0,0.0,0.0,2062.0,2028.0,1.15,25.6375
65506834283,0,0.0,0.0,0.0,1190.0,1341.0,1.11,26.005
65506834283,1,0.0,0.0,0.0,539.0,708.0,1.12,25.838
65506834283,0,0.0,0.0,0.0,1612.0,1528.0,1.11,24.18
65506834283,1,0.0,0.0,0.0,1145.0,1491.0,1.11,25.258
65646271199,1,0.0,0.0,0.0,37.0,1427.0,129628.0,25.6742
65646271199,0,0.0,0.0,0.0,140.0,1884.0,129627.0,25.0175
65646271199,0,0.0,0.0,0.0,161.0,320.0,129626.0,25.5768
65646271199,0,0.0,0.0,0.0,468.0,732.0,129628.0,26.581
65646271199,0,0.0,0.0,0.0,976.0,1605.0,129628.0,25.5418
65646271199,1,0.0,0.0,0.0,222.0,382.0,129626.0,23.9978
65646271199,1,0.0,0.0,0.0,979.0,1230.0,129628.0,25.583
65646271199,1,0.0,0.0,0.0,51.0,522.0,129627.0,25.702
65646271199,1,0.0,0.0,0.0,170.0,331.0,129628.0,24.8568
65646271199,0,0.0,0.0,0.0,2136.0,723.0,129628.0,25.4506
65646271199,0,0.0,0.0,0.0,228.0,388.0,129628.0,24.4375
65646271199,0,0.0,0.0,0.0,2026.0,1585.0,129627.0,24.7449
65646271199,1,0.0,0.0,0.0,748.0,43.0,129628.0,24.2234
65646271199,0,0.0,0.0,0.0,1977.0,470.0,129628.0,25.8926
65646271199,1,0.0,0.0,0.0,1521.0,1501.0,129627.0,25.2115
65646271199,1,0.0,0.0,0.0,1837.0,1059.0,129628.0,24.872
65672771160,0,5.0,15.0,5.0,1196.0,615.0,3342.11,47.6514
65672771160,0,3.0,11.0,3.0,881.0,924.0,3342.14,45.7952
65672771160,1,4.0,13.0,4.0,1054.0,330.0,3342.13,47.2195
65672771160,1,4.0,14.0,4.0,1161.0,1859.0,3342.14,46.6458
65672771160,0,2.0,7.0,2.0,1229.0,1587.0,3342.13,42.7995
65672771160,0,3.0,11.0,4.0,1080.0,819.0,3342.13,45.5026
65672771160,1,7.0,19.0,7.0,992.0,348.0,3342.13,50.9435
65672771160,0,4.0,13.0,4.0,992.0,1528.0,3342.13,49.6633
65672771160,1,2.0,9.0,2.0,1257.0,678.0,3342.13,41.5473
65672771160,0,4.0,11.0,4.0,1137.0,1742.0,3342.13,47.8817
65672771160,1,4.0,12.0,4.0,1064.0,462.0,3342.11,45.7109
65672771160,0,4.0,12.0,4.0,989.0,1635.0,3342.11,47.952
65672771160,0,2.0,8.0,2.0,675.0,1728.0,3342.14,42.2271
65672771160,1,4.0,12.0,4.0,1073.0,702.0,3342.11,45.3499
65672771160,1,4.0,12.0,4.0,1113.0,1274.0,3342.13,43.0605
65672771160,1,2.0,8.0,3.0,1205.0,992.0,3342.14,42.7014
66033957929,0,0.0,4.0,0.0,33.0,27.0,903.5,39.6547
66033957929,1,0.0,1.0,0.0,26.0,25.0,903.52,39.4927
66033957929,1,0.0,2.0,0.0,30.0,27.0,903.52,39.9045
66033957929,0,0.0,3.0,0.0,33.0,27.0,903.52,39.1246
66033957929,0,0.0,1.0,0.0,28.0,27.0,903.51,38.1689
66033957929,1,0.0,2.0,0.0,29.0,27.0,903.56,38.1104
66033957929,1,0.0,5.0,0.0,39.0,28.0,903.51,40.4236
66033957929,0,0.0,4.0,0.0,35.0,27.0,903.51,40.7708
66033957929,1,0.0,4.0,0.0,37.0,29.0,903.51,39.8776
66033957929,1,0.0,1.0,0.0,26.0,26.0,903.51,36.9142
66033957929,0,0.0,2.0,0.0,27.0,26.0,903.56,38.2193
66033957929,0,0.0,2.0,0.0,27.0,26.0,903.51,36.5308
66033957929,1,0.0,4.0,0.0,37.0,29.0,903.54,38.2212
66033957929,1,0.0,1.0,0.0,27.0,26.0,903.54,38.1495
66033957929,0,0.0,3.0,0.0,29.0,23.0,903.54,38.5804
66033957929,0,0.0,4.0,0.0,29.0,22.0,903.54,39.5507
66033957929,1,0.0,6.0,0.0,40.0,28.0,903.5,40.3359
66033957929,0,0.0,4.0,0.0,33.0,25.0,903.5,40.9973
66033957929,1,0.0,4.0,0.0,35.0,27.0,903.5,40.0136
66033957929,0,0.0,4.0,0.0,34.0,26.0,903.5,41.856
66033957929,0,0.0,1.0,0.0,25.0,26.0,903.52,37.9025
66033957929,1,0.0,3.0,0.0,31.0,24.0,903.5,41.5586
66033957929,0,0.0,2.0,0.0,26.0,24.0,903.51,37.3315
66033957929,1,0.0,2.0,0.0,26.0,23.0,903.51,37.9826
66033957929,1,0.0,2.0,0.0,27.0,25.0,903.51,36.6225
66033957929,0,0.0,2.0,0.0,27.0,25.0,903.5,36.7723
66033957929,0,0.0,2.0,0.0,28.0,26.0,903.51,37.265
66033957929,1,0.0,4.0,0.0,30.0,22.0,903.51,39.6455
66033957929,0,0.0,1.0,0.0,21.0,21.0,903.51,36.0928
66033957929,1,0.0,2.0,0.0,28.0,27.0,903.5,38.0877
66033957929,0,0.0,2.0,0.0,24.0,22.0,903.51,38.6529
66033957929,1,0.0,3.0,0.0,33.0,27.0,903.51,38.5017
66224815145,1,0.0,1.0,0.0,466.0,355.0,153.44,40.1439
66224815145,1,0.0,1.0,0.0,309.0,330.0,155.1,41.0115
66224815145,0,0.0,1.0,0.0,342.0,339.0,155.1,42.0469
66224815145,0,0.0,1.0,0.0,358.0,340.0,153.44,40.2312
66224815145,0,0.0,1.0,0.0,416.0,348.0,155.11,39.9142
66224815145,1,0.0,1.0,0.0,381.0,344.0,155.11,38.9453
66224815145,1,0.0,1.0,0.0,351.0,340.0,153.45,41.454
66224815145,0,0.0,1.0,0.0,395.0,346.0,153.45,40.7222
66224815145,0,0.0,1.0,0.0,501.0,358.0,153.44,39.6635
66224815145,1,0.0,1.0,0.0,492.0,358.0,153.44,40.2865
66224815145,0,0.0,1.0,0.0,488.0,357.0,153.46,40.8117
66224815145,1,0.0,1.0,0.0,396.0,345.0,153.46,41.8826
66224815145,0,0.0,1.0,0.0,349.0,340.0,153.45,41.5365
66224815145,0,0.0,1.0,0.0,485.0,357.0,153.44,39.2502
66224815145,1,0.0,1.0,0.0,491.0,357.0,153.44,39.9888
66224815145,1,0.0,1.0,0.0,293.0,334.0,153.45,39.6134
66311234983,0,0.0,3.0,1.0,1340.0,1841.0,35.33,36.4845
66311234983,1,1.0,4.0,1.0,1989.0,294.0,35.33,35.7731
66311234983,0,0.0,3.0,1.0,1263.0,712.0,35.33,35.2992
66311234983,1,1.0,4.0,1.0,773.0,615.0,35.33,34.5197
66311234983,1,2.0,6.0,2.0,460.0,1975.0,35.35,36.1193
66311234983,1,1.0,6.0,2.0,343.0,1355.0,35.35,37.7691
66311234983,0,1.0,4.0,1.0,437.0,1635.0,35.35,35.4863
66311234983,0,2.0,7.0,2.0,305.0,1495.0,35.32,39.5284
66311234983,0,2.0,6.0,2.0,654.0,839.0,35.33,39.6459
66311234983,1,1.0,4.0,1.0,2089.0,1281.0,35.33,37.4335
66311234983,1,3.0,11.0,5.0,1382.0,1123.0,35.32,39.1186
66311234983,0,1.0,5.0,1.0,13.0,1928.0,35.35,36.3382
66311234983,0,1.0,5.0,2.0,2102.0,1762.0,35.35,37.5207
66311234983,1,1.0,6.0,2.0,1170.0,1489.0,35.35,36.9569
66311234983,0,0.0,3.0,1.0,682.0,1492.0,35.33,37.4192
66311234983,1,2.0,6.0,2.0,731.0,1168.0,35.33,35.6268
66573025919,0,0.0,0.0,0.0,556.0,1363.0,14.15,43.6785
66573025919,1,0.0,0.0,0.0,1209.0,119.0,14.14,27.1789
66573025919,0,0.0,0.0,0.0,113.0,1923.0,14.14,25.8992
66573025919,1,0.0,0.0,0.0,1023.0,1443.0,14.15,25.4992
66573025919,1,0.0,0.0,0.0,42.0,414.0,12.25,27.2445
66573025919,0,0.0,0.0,0.0,1151.0,1718.0,12.25,29.6474
66573025919,1,0.0,0.0,0.0,475.0,1721.0,14.14,29.776
66573025919,0,0.0,0.0,0.0,1226.0,800.0,14.14,27.7721
66573025919,0,0.0,0.0,0.0,391.0,1552.0,12.47,27.5209
66573025919,1,0.0,0.0,0.0,2031.0,796.0,12.47,26.2368
66573025919,1,0.0,0.0,0.0,1213.0,2146.0,14.13,28.5742
66573025919,0,0.0,0.0,0.0,943.0,1930.0,14.13,26.0789
66573025919,1,0.0,0.0,0.0,96.0,1794.0,14.14,26.4067
66573025919,0,0.0,0.0,0.0,271.0,1864.0,14.14,27.5374
66573025919,1,0.0,0.0,0.0,194.0,2042.0,14.12,31.1024
66573025919,0,0.0,0.0,0.0,1171.0,1695.0,14.12,29.3728
66573025919,1,0.0,0.0,0.0,1126.0,1710.0,14.13,28.5013
66573025919,0,0.0,0.0,0.0,1022.0,1827.0,14.13,27.6666
66573025919,0,0.0,0.0,0.0,880.0,2131.0,14.11,26.8492
66573025919,1,0.0,0.0,0.0,362.0,726.0,14.11,25.6025
66573025919,1,0.0,0.0,0.0,1589.0,1763.0,14.15,29.9733
66573025919,0,0.0,0.0,0.0,1523.0,1504.0,14.15,27.0804
66573025919,0,0.0,0.0,0.0,1871.0,1746.0,14.14,27.2593
66573025919,1,0.0,0.0,0.0,612.0,643.0,14.14,28.9559
66573025919,1,0.0,0.0,0.0,2139.0,1629.0,14.12,26.8821
66573025919,0,0.0,0.0,0.0,897.0,1411.0,14.12,28.422
66573025919,0,0.0,0.0,0.0,2010.0,1873.0,14.05,27.416
66573025919,1,0.0,0.0,0.0,1481.0,719.0,14.05,27.7621
66573025919,0,0.0,0.0,0.0,721.0,1993.0,14.34,30.4315
66573025919,1,0.0,0.0,0.0,1628.0,1296.0,14.34,26.7558
66573025919,0,0.0,0.0,0.0,80.0,1325.0,14.14,44.4403
66573025919,1,0.0,0.0,0.0,209.0,1349.0,14.14,26.4181
66573025919,1,0.0,0.0,0.0,1349.0,1993.0,14.14,26.2153
66573025919,0,0.0,0.0,0.0,258.0,1202.0,14.14,26.6852
66573025919,1,0.0,0.0,0.0,940.0,2113.0,14.14,27.1686
66573025919,0,0.0,0.0,0.0,973.0,1898.0,14.14,30.1162
66573025919,1,0.0,0.0,0.0,1714.0,1803.0,12.42,28.5606
66573025919,0,0.0,0.0,0.0,543.0,328.0,12.42,27.0128
66573025919,0,0.0,0.0,0.0,142.0,1873.0,14.13,27.8742
66573025919,1,0.0,0.0,0.0,675.0,2017.0,14.13,24.9876
66573025919,1,0.0,0.0,0.0,1128.0,655.0,14.14,27.4863
66573025919,0,0.0,0.0,0.0,59.0,1222.0,14.14,28.9927
66573025919,1,0.0,0.0,0.0,676.0,1401.0,14.13,26.7966
66573025919,0,0.0,0.0,0.0,446.0,1360.0,14.13,44.8892
66573025919,1,0.0,0.0,0.0,241.0,1360.0,14.12,42.6236
66573025919,0,0.0,0.0,0.0,2078.0,1305.0,14.12,44.5763
66573025919,0,0.0,0.0,0.0,719.0,377.0,14.14,28.868
66573025919,1,0.0,0.0,0.0,1601.0,1420.0,14.14,27.469
66573025919,0,0.0,0.0,0.0,680.0,1916.0,14.14,27.2359
66573025919,1,0.0,0.0,0.0,2025.0,474.0,14.14,29.5256
66573025919,0,0.0,0.0,0.0,1995.0,1071.0,14.14,24.0206
66573025919,1,0.0,0.0,0.0,1751.0,1377.0,14.14,27.5027
66573025919,0,0.0,0.0,0.0,444.0,1129.0,14.15,27.5339
66573025919,1,0.0,0.0,0.0,963.0,92.0,14.15,26.1457
66573025919,0,0.0,0.0,0.0,1901.0,1637.0,14.15,28.435
66573025919,1,0.0,0.0,0.0,663.0,25.0,14.15,26.8543
66573025919,0,0.0,0.0,0.0,42.0,1056.0,14.13,27.5311
66573025919,1,0.0,0.0,0.0,1486.0,1657.0,14.13,26.198
66573025919,0,0.0,0.0,0.0,641.0,1601.0,14.14,26.5096
66573025919,1,0.0,0.0,0.0,246.0,1538.0,14.14,26.1772
66573025919,0,0.0,0.0,0.0,1968.0,1368.0,14.14,30.8519
66573025919,1,0.0,0.0,0.0,139.0,1544.0,14.14,44.956
66573025919,0,0.0,0.0,0.0,336.0,159.0,12.44,25.3026
66573025919,1,0.0,0.0,0.0,727.0,465.0,12.44,25.9707
66884988245,0,1.0,4.0,1.0,1462.0,1720.0,1277.05,39.1531
66884988245,1,2.0,7.0,2.0,1500.0,1589.0,1277.05,41.7964
66884988245,1,1.0,5.0,1.0,1185.0,674.0,1273.05,39.7818
66884988245,0,1.0,4.0,1.0,1058.0,302.0,1273.05,37.646
66884988245,0,2.0,8.0,2.0,1437.0,1063.0,1273.05,43.4092
66884988245,1,1.0,5.0,1.0,1839.0,122.0,1273.05,39.9188
66884988245,0,2.0,7.0,2.0,600.0,1247.0,1277.08,41.7592
66884988245,1,2.0,7.0,2.0,484.0,534.0,1277.08,39.5614
66884988245,1,4.0,11.0,4.0,231.0,1101.0,1273.06,40.7638
66884988245,0,2.0,7.0,2.0,328.0,1677.0,1273.06,42.8509
66884988245,0,3.0,9.0,3.0,1705.0,565.0,1273.05,42.3723
66884988245,1,2.0,7.0,2.0,1221.0,173.0,1273.05,41.7113
66884988245,0,2.0,7.0,2.0,1711.0,1667.0,1273.07,40.0594
66884988245,1,2.0,8.0,3.0,1052.0,478.0,1273.07,41.189
66884988245,0,2.0,7.0,2.0,1571.0,672.0,1273.1,42.8687
66884988245,1,2.0,7.0,2.0,222.0,737.0,1273.1,41.2073
